DT,High,Low,Rain
1981-01-01,26.93,15.75,0
1981-01-02,28.06,15.7,0
1981-01-03,26.97,15.82,0
1981-01-04,27.82,15.38,0
1981-01-05,28.21,14.8,0
1981-01-06,29,14.66,0
1981-01-07,29.46,15.01,0
1981-01-08,29.14,14.74,0
1981-01-09,27.36,15.31,0.87
1981-01-10,26.71,17.71,1.76
1981-01-11,25.69,16.71,1.1
1981-01-12,27.73,17.44,0.07
1981-01-13,24.57,14.33,0.83
1981-01-14,26.17,15.77,0
1981-01-15,24,15.68,0.9
1981-01-16,22.03,15.82,0.79
1981-01-17,27.07,15.7,0
1981-01-18,25.29,14.75,0.5
1981-01-19,25.52,16.33,0.55
1981-01-20,27.03,17.23,0.04
1981-01-21,27.39,15.29,0
1981-01-22,27.51,15.5,0
1981-01-23,28.2,15.62,0
1981-01-24,27.23,15.8,0.05
1981-01-25,26.68,17.11,0.51
1981-01-26,27.12,16.99,0.44
1981-01-27,28.62,14.94,0
1981-01-28,27.98,14.89,0
1981-01-29,27.86,15.23,0
1981-01-30,29.24,15.16,0
1981-01-31,30.65,15.06,0
1981-02-01,30.61,15.88,0
1981-02-02,30.02,16.75,0
1981-02-03,29.12,16.87,0
1981-02-04,28.53,16.02,0
1981-02-05,28.93,15.89,0
1981-02-06,29.77,16.04,0
1981-02-07,29.69,17.2,0
1981-02-08,30.52,17.4,0
1981-02-09,29.91,17.79,0
1981-02-10,30.02,19.34,0
1981-02-11,30.34,18.9,0
1981-02-12,29.96,18.62,0
1981-02-13,29.79,18.44,0
1981-02-14,29.69,18.34,0
1981-02-15,30.24,17.79,0
1981-02-16,30.24,16.22,0
1981-02-17,29.47,14.16,0
1981-02-18,29.31,13.77,0
1981-02-19,29.81,13.52,0
1981-02-20,31.14,16.54,0
1981-02-21,31.16,17.05,0
1981-02-22,30.06,15.01,0
1981-02-23,29.95,14.46,0
1981-02-24,30.08,13.74,0
1981-02-25,31.53,17.65,0
1981-02-26,32.9,17.8,0
1981-02-27,32.01,18.47,0
1981-02-28,33.46,18.51,0
1981-03-01,32.4,18.04,0
1981-03-02,33.01,19.31,0
1981-03-03,32.05,18.46,0
1981-03-04,31.55,17.76,0
1981-03-05,29.89,16.88,0
1981-03-06,30.12,16.54,0
1981-03-07,31.23,17.08,0
1981-03-08,31.99,18.4,0
1981-03-09,32.8,19.1,0
1981-03-10,32.45,19.49,0.04
1981-03-11,30.52,19.77,1.69
1981-03-12,29.65,19.08,12.16
1981-03-13,28.48,19.12,2.05
1981-03-14,30.24,16.56,0
1981-03-15,29.86,17.25,0.01
1981-03-16,30.69,18.41,0
1981-03-17,30.47,17.28,0.04
1981-03-18,30.39,19.82,0.03
1981-03-19,31.32,21.14,0.01
1981-03-20,32.28,21.49,1.43
1981-03-21,31.75,20.41,4.65
1981-03-22,29.62,20.07,17.18
1981-03-23,30.39,18.34,0
1981-03-24,31.12,20.1,0
1981-03-25,31.45,19.91,0
1981-03-26,29.96,20.24,8.7
1981-03-27,29.37,20.44,1.24
1981-03-28,30.37,20.44,1.73
1981-03-29,31,19.84,0
1981-03-30,31.63,19.48,0
1981-03-31,32.46,20.28,0
1981-04-01,31.01,21.43,0.06
1981-04-02,32.07,21.29,0
1981-04-03,31.92,22.24,0.05
1981-04-04,32.62,22.18,0.24
1981-04-05,32.35,21.68,1.33
1981-04-06,32.2,22.12,0.09
1981-04-07,32.78,21.03,0
1981-04-08,32.64,20.31,0
1981-04-09,33.45,20.26,0
1981-04-10,34.18,19.47,0
1981-04-11,34.03,19.09,0
1981-04-12,34.26,19.67,0.01
1981-04-13,34.44,21.29,0
1981-04-14,34.45,19.62,0.08
1981-04-15,33.56,20.81,0.31
1981-04-16,32.97,21.27,0.94
1981-04-17,32.56,20.94,0.16
1981-04-18,33.03,21.2,1.46
1981-04-19,32.2,21.54,6.17
1981-04-20,33.07,21.13,3.18
1981-04-21,32.25,21.34,1.1099999999999999
1981-04-22,34.36,21.04,0.9400000000000001
1981-04-23,32.97,20.77,0.04
1981-04-24,31.21,20.27,0.04
1981-04-25,32.6,19.81,0.03
1981-04-26,32.39,20.78,0.01
1981-04-27,31.82,20.67,0.53
1981-04-28,32.92,21.46,0.01
1981-04-29,32.01,21.85,0.53
1981-04-30,31.98,22.24,8.51
1981-05-01,32.23,21.84,0.13
1981-05-02,33.76,21.7,0.01
1981-05-03,34.18,21.6,0.32
1981-05-04,31.77,20.7,6.8500000000000005
1981-05-05,31.69,20.71,8.63
1981-05-06,30.78,18.87,24.599999999999998
1981-05-07,30.13,20.15,10.19
1981-05-08,29.99,20.62,21.23
1981-05-09,29.97,20.45,11.72
1981-05-10,29.9,20.72,15.1
1981-05-11,29.74,19.74,15.94
1981-05-12,30.17,20.33,0
1981-05-13,31.52,20.18,0.12
1981-05-14,31.8,21.88,0.18
1981-05-15,31.53,21.6,3.4499999999999997
1981-05-16,32.76,21.5,13.39
1981-05-17,31.55,19.73,0.74
1981-05-18,31.46,21.68,0.49
1981-05-19,32.6,21.01,0.05
1981-05-20,31.83,20.3,0
1981-05-21,31.76,20.3,0
1981-05-22,31.45,19.93,0
1981-05-23,31.48,20.13,0
1981-05-24,31.57,20.34,0
1981-05-25,31.68,20.23,0.4
1981-05-26,33.41,22.22,6.83
1981-05-27,32.34,21.28,14.29
1981-05-28,31.1,20.81,17.759999999999998
1981-05-29,29.86,20.88,34.33
1981-05-30,29.64,20.73,12.06
1981-05-31,28.04,20.57,3.7399999999999998
1981-06-01,28.12,20.48,2.0100000000000002
1981-06-02,28.07,20.4,1.3800000000000001
1981-06-03,28.44,20.87,1.35
1981-06-04,26.65,20.11,4.96
1981-06-05,25.47,19.78,5.49
1981-06-06,26.83,19.62,2.9
1981-06-07,26.6,19.25,7.09
1981-06-08,29.24,19.89,0.78
1981-06-09,29.57,20.03,0.51
1981-06-10,29.68,20.69,0.09
1981-06-11,29.29,20.64,0.31
1981-06-12,28.38,20.23,1.02
1981-06-13,28.08,20.8,0.5700000000000001
1981-06-14,28.39,19.81,3.0300000000000002
1981-06-15,28.65,20.54,1.25
1981-06-16,27.64,19.7,0.47000000000000003
1981-06-17,25.73,20.33,1.76
1981-06-18,25.57,20.45,4.22
1981-06-19,28.45,20.11,1.24
1981-06-20,26.77,20.18,4.33
1981-06-21,26.96,19.98,12.48
1981-06-22,27.12,21.38,5.34
1981-06-23,28.3,20.39,1.8900000000000001
1981-06-24,26.27,20.34,3.79
1981-06-25,28.14,19.47,3
1981-06-26,26.29,18.99,3.29
1981-06-27,24.67,18.81,0.58
1981-06-28,26.42,19.01,0.12000000000000001
1981-06-29,29.16,19.41,0
1981-06-30,28.97,18.95,0.04
1981-07-01,28.24,18.88,0.09
1981-07-02,28.16,19.56,3.95
1981-07-03,28.95,19.34,0.25
1981-07-04,28.23,19.98,1.01
1981-07-05,28.09,20.24,2.65
1981-07-06,24.6,19.77,2.28
1981-07-07,26.89,18.99,1.31
1981-07-08,24.97,19.89,16.18
1981-07-09,27.4,20.15,0.71
1981-07-10,27.55,20.42,1.15
1981-07-11,27.87,20.43,7.46
1981-07-12,26.78,20.5,3.9899999999999998
1981-07-13,25.97,19.24,0.59
1981-07-14,27.75,18.45,0.3
1981-07-15,28.59,19.07,1.4
1981-07-16,28.7,18.86,0.18
1981-07-17,29.04,18.72,0.28
1981-07-18,29.46,19.37,0.24000000000000002
1981-07-19,29.25,19.79,0.11
1981-07-20,29.45,19.08,0.8200000000000001
1981-07-21,28.71,20.12,1.83
1981-07-22,25.41,19.56,14.29
1981-07-23,26.31,19.99,7.279999999999999
1981-07-24,26.62,19.04,0.42000000000000004
1981-07-25,26.99,19.87,2.03
1981-07-26,27.04,20.18,15.67
1981-07-27,26.61,19.39,18.09
1981-07-28,24.27,19.5,10.52
1981-07-29,24.48,19.31,4.37
1981-07-30,26.06,18.34,0.64
1981-07-31,24.1,19.82,3.08
1981-08-01,25,19.45,4.15
1981-08-02,22.14,19.14,8.71
1981-08-03,24.26,19.29,0.43
1981-08-04,24.65,19.42,4.4
1981-08-05,25.04,19.54,3.75
1981-08-06,26.96,18.49,1.06
1981-08-07,25.98,19.89,4.33
1981-08-08,25.41,20.6,2.21
1981-08-09,26.86,20.04,3.47
1981-08-10,27.05,19.8,0.25
1981-08-11,25.87,20.03,9.84
1981-08-12,27.14,20.16,1.34
1981-08-13,26.42,19.27,0.2
1981-08-14,25.93,20.28,0.96
1981-08-15,25.21,19.85,2.52
1981-08-16,26.47,20.28,3.85
1981-08-17,26.52,17.83,6.2
1981-08-18,26.43,19.96,12.99
1981-08-19,27.63,19.51,6.91
1981-08-20,25.65,19.27,7.96
1981-08-21,26.5,19.31,0.8200000000000001
1981-08-22,26.36,19.32,1.3800000000000001
1981-08-23,26.54,18.86,0.3
1981-08-24,26.56,18.39,0.41000000000000003
1981-08-25,28.31,19.63,3.43
1981-08-26,26.8,19.14,16.06
1981-08-27,27.68,19.96,4.13
1981-08-28,25.23,18.9,4.33
1981-08-29,26.98,18.4,3.83
1981-08-30,26.27,19.39,6.04
1981-08-31,27.12,19.4,2.5500000000000003
1981-09-01,25.91,20.36,15.629999999999999
1981-09-02,26.06,20.35,5.08
1981-09-03,27.5,19.44,13.66
1981-09-04,27.01,18.18,6.2700000000000005
1981-09-05,27.77,20.12,7.87
1981-09-06,27.17,18.47,6.33
1981-09-07,26.79,18.95,0.23
1981-09-08,27.26,19.1,4.57
1981-09-09,25.28,19.63,6.02
1981-09-10,26.04,19.9,11.86
1981-09-11,24.08,19.8,12.1
1981-09-12,25.92,19.43,9.15
1981-09-13,26.2,18.96,5.5600000000000005
1981-09-14,27.12,19.57,7.13
1981-09-15,28.13,19.37,1.96
1981-09-16,28.21,19.14,3.14
1981-09-17,26.75,19.73,30.07
1981-09-18,24.01,19.73,13.15
1981-09-19,25.73,20.01,3.02
1981-09-20,27.99,19.53,2.5
1981-09-21,27.65,20.52,5.7
1981-09-22,25.72,20.42,8.62
1981-09-23,27.79,20.29,1.9000000000000001
1981-09-24,25.75,20.11,1.01
1981-09-25,25.68,19.44,1.11
1981-09-26,27.25,19.58,0.63
1981-09-27,27.15,18.85,0.14
1981-09-28,26.14,18.2,0.9
1981-09-29,26.42,18.5,0.12
1981-09-30,27.31,19.17,0.51
1981-10-01,27.64,20.22,1.02
1981-10-02,26.38,20.01,2.3400000000000003
1981-10-03,27.83,19.68,0.43
1981-10-04,26.79,19.55,8.86
1981-10-05,25.12,19.97,29.04
1981-10-06,24.9,19.63,22.43
1981-10-07,25.86,19.58,10.68
1981-10-08,26.65,19.91,17.73
1981-10-09,25.96,19.6,2.92
1981-10-10,27.23,19.24,0.62
1981-10-11,27.61,18.59,0.86
1981-10-12,25.8,19.43,1.57
1981-10-13,24.47,17.23,0.98
1981-10-14,27.04,17.19,0.05
1981-10-15,26.67,18.06,0.75
1981-10-16,26.97,20.02,0.6
1981-10-17,26.96,20.03,0.89
1981-10-18,27.06,19.33,0.23
1981-10-19,27.67,18.49,0.33
1981-10-20,26.24,17.29,0
1981-10-21,27.26,17.22,0
1981-10-22,27.62,17.77,0.03
1981-10-23,23.52,19.43,7.31
1981-10-24,24.07,20.03,2.25
1981-10-25,24.68,19.52,0.78
1981-10-26,23.03,19.5,4.47
1981-10-27,22.15,19.71,26.04
1981-10-28,24.93,19.6,3.95
1981-10-29,24.25,19.55,7.33
1981-10-30,27.3,19.49,5.16
1981-10-31,27.36,19.93,2.9
1981-11-01,26.9,19.63,15.66
1981-11-02,24.86,19.68,5.71
1981-11-03,23.72,18.78,2.72
1981-11-04,24.69,18.68,14.22
1981-11-05,25.02,19.39,2.21
1981-11-06,23.61,19.83,5.24
1981-11-07,25.71,19.82,4.71
1981-11-08,25.77,20.05,5.04
1981-11-09,26.68,19.37,0.7000000000000001
1981-11-10,26.99,19.62,0.94
1981-11-11,26.37,18.08,0.37
1981-11-12,26.73,16.11,0
1981-11-13,26.73,15.97,0
1981-11-14,26.51,17.15,0
1981-11-15,24.69,17.85,0.01
1981-11-16,25.66,17.33,0.1
1981-11-17,27.09,15.81,0
1981-11-18,26.19,14.9,0
1981-11-19,25.14,12.48,0
1981-11-20,24.85,11.84,0
1981-11-21,24.39,11.73,0
1981-11-22,25.29,12.3,0
1981-11-23,25.62,14.16,0
1981-11-24,26.47,14.49,0
1981-11-25,26.03,12.49,0
1981-11-26,24.33,12.93,0
1981-11-27,24.8,13.27,0.13
1981-11-28,24.64,15.85,2.62
1981-11-29,23.64,17.81,1.46
1981-11-30,24.32,18.84,5.08
1981-12-01,24.75,18.84,5.46
1981-12-02,23.78,18.81,4.33
1981-12-03,24.17,18.86,2.74
1981-12-04,23.7,16.12,1.83
1981-12-05,25.31,13.44,0
1981-12-06,24.99,12.72,0
1981-12-07,25.26,13.34,0
1981-12-08,24.46,13.22,0
1981-12-09,24.4,11.07,0
1981-12-10,24.31,8.96,0
1981-12-11,24.97,9.3,0
1981-12-12,25.08,11.04,0
1981-12-13,24.81,14.58,0
1981-12-14,24.01,15.8,0.12
1981-12-15,24.5,16.28,0.81
1981-12-16,23.46,16.85,0.37
1981-12-17,24.87,16.56,0.08
1981-12-18,23.89,16.73,0.42
1981-12-19,24.38,15.36,0.01
1981-12-20,24.39,15.54,0.19
1981-12-21,23.9,17.94,1.19
1981-12-22,22.53,16.3,1.1300000000000001
1981-12-23,24.51,16,0
1981-12-24,24.07,16.53,0.07
1981-12-25,24.39,15.03,0
1981-12-26,24.33,15.47,0
1981-12-27,24.79,13.68,0
1981-12-28,25.35,12.99,0
1981-12-29,24.14,12.9,0
1981-12-30,24.67,13.57,0
1981-12-31,24.4,13.39,0
1982-01-01,24.33,13.35,0
1982-01-02,25.6,14.13,0
1982-01-03,25.6,13.42,0
1982-01-04,25.72,12.82,0
1982-01-05,25.38,13.54,0
1982-01-06,24.82,14.38,0
1982-01-07,24.93,14.8,0
1982-01-08,25.48,15.41,0
1982-01-09,25.26,15.88,0
1982-01-10,27.04,15.48,0
1982-01-11,26.41,16.15,0
1982-01-12,26.55,15.45,0.01
1982-01-13,26.13,14.33,0
1982-01-14,26.16,14.34,0
1982-01-15,26.26,14.36,0
1982-01-16,27.09,14.16,0
1982-01-17,26.9,14.7,0
1982-01-18,26.71,14.97,0
1982-01-19,26.86,15.89,0
1982-01-20,26.58,15.86,0
1982-01-21,26.51,14.33,0
1982-01-22,25.97,14.72,0
1982-01-23,25.22,15.57,0
1982-01-24,26.37,14.06,0
1982-01-25,25.04,13.84,0.03
1982-01-26,26.54,15.43,0.01
1982-01-27,27.19,17.91,0.04
1982-01-28,26.99,15.88,0.01
1982-01-29,27.19,14.11,0
1982-01-30,26.6,14.62,0
1982-01-31,25.9,15.14,0
1982-02-01,26.24,14.46,0
1982-02-02,27.14,14.38,0
1982-02-03,27.95,16.44,0
1982-02-04,27.93,16.49,0
1982-02-05,28.15,16.43,0
1982-02-06,28.26,17.2,0
1982-02-07,27.61,16.89,0.02
1982-02-08,28.86,16.85,0
1982-02-09,29.53,17.05,0
1982-02-10,30.17,16.44,0
1982-02-11,30.1,16.81,0
1982-02-12,29.29,16.98,0
1982-02-13,30.14,15.62,0
1982-02-14,30.47,16.21,0
1982-02-15,30.15,17.26,0
1982-02-16,29.87,17.73,0
1982-02-17,29.64,17.06,0
1982-02-18,28.52,17.49,0
1982-02-19,30.76,18.4,0
1982-02-20,30.74,17.7,0
1982-02-21,30.63,17.79,0
1982-02-22,30.31,17.76,0
1982-02-23,31.44,17.83,0
1982-02-24,31.83,17.67,0
1982-02-25,31.46,16.74,0
1982-02-26,31.64,16.77,0
1982-02-27,30.83,16.89,0
1982-02-28,31.62,16.9,0
1982-03-01,31.36,18.3,0
1982-03-02,30.21,19.03,0
1982-03-03,31.2,18.89,0
1982-03-04,31.44,19.8,0
1982-03-05,30.99,19.55,0
1982-03-06,31.42,19.46,0
1982-03-07,31.71,19.54,0
1982-03-08,31.43,20.83,0
1982-03-09,32.03,21.55,0.03
1982-03-10,32.64,20.14,0
1982-03-11,32.37,20.15,0
1982-03-12,31.98,19.2,0
1982-03-13,32.01,18.47,0
1982-03-14,32.52,18.28,0
1982-03-15,32.09,18.3,0
1982-03-16,33.16,18.96,0
1982-03-17,32.05,20.69,0
1982-03-18,32.45,20.82,0
1982-03-19,32.81,19.81,0
1982-03-20,33.38,18.56,0
1982-03-21,32.41,18.61,0
1982-03-22,33.29,18.46,0
1982-03-23,32.86,19.3,0
1982-03-24,32.77,19.81,0
1982-03-25,32.24,21.32,0
1982-03-26,33.73,22.15,0.16
1982-03-27,31.55,21.86,0.07
1982-03-28,32.42,20.77,0.02
1982-03-29,32.83,20.12,0
1982-03-30,32.71,19.84,0
1982-03-31,34.2,20.89,0
1982-04-01,32.82,21.66,0
1982-04-02,33.53,21.87,0.03
1982-04-03,33.28,21.44,0.02
1982-04-04,33.73,21.27,0
1982-04-05,32.75,21.45,0.42
1982-04-06,33.5,21.29,0
1982-04-07,33.2,19.42,0
1982-04-08,33.07,19.9,0
1982-04-09,33.96,21.5,0.06
1982-04-10,33.44,21.21,0
1982-04-11,31.76,20.44,0
1982-04-12,31.34,20.17,0
1982-04-13,32.46,20.17,0
1982-04-14,32.92,19.85,0
1982-04-15,32.69,20.81,0
1982-04-16,32.73,21.94,0.5900000000000001
1982-04-17,32.28,22.58,0.57
1982-04-18,33.85,22.32,0
1982-04-19,32.36,22.67,0.13999999999999999
1982-04-20,32.18,23.36,0.45
1982-04-21,30.14,21.13,6.45
1982-04-22,32.1,20.88,0.04
1982-04-23,32.42,22.56,0.03
1982-04-24,32.47,22.55,2.07
1982-04-25,30.62,21.65,5.45
1982-04-26,30.47,21.77,0.23
1982-04-27,32.4,21.48,0
1982-04-28,31.48,22.7,0.06
1982-04-29,31.94,21.87,0
1982-04-30,32.18,21.85,0.02
1982-05-01,33.77,21.97,0.03
1982-05-02,33.12,21.54,2.73
1982-05-03,32.68,21.79,15.13
1982-05-04,32.74,22.3,1.02
1982-05-05,32.32,21.41,0.24
1982-05-06,31.27,21.92,0.38
1982-05-07,33.41,21.61,2.14
1982-05-08,31.52,21.83,2.49
1982-05-09,32.18,22.52,0.32
1982-05-10,32.82,21.4,0
1982-05-11,32.41,21.17,0.03
1982-05-12,32.22,21.07,11.350000000000001
1982-05-13,30.39,20.97,14.15
1982-05-14,30.17,21.01,19.09
1982-05-15,30.19,20.73,15.86
1982-05-16,28.42,20.22,5.07
1982-05-17,29.52,20.11,0.66
1982-05-18,30.4,21.08,0.25
1982-05-19,30.32,21.25,0.24
1982-05-20,31.45,20.76,0.09
1982-05-21,31.98,20.55,0
1982-05-22,31.34,21.99,0
1982-05-23,32.34,21.87,0
1982-05-24,31.93,22.05,0.01
1982-05-25,32.6,20.75,0.01
1982-05-26,32.57,21.9,0.01
1982-05-27,31.9,21.89,0.22999999999999998
1982-05-28,31.96,21.51,2.72
1982-05-29,30.45,21.22,11.43
1982-05-30,29.72,21.91,3.58
1982-05-31,29.97,21.27,1
1982-06-01,30.05,20.55,0.51
1982-06-02,30.15,20.29,3.49
1982-06-03,27.14,20.06,4.69
1982-06-04,29.12,20.13,0.67
1982-06-05,31.04,20.76,0.14
1982-06-06,31.06,21.43,2.0300000000000002
1982-06-07,30.42,20.85,3.89
1982-06-08,30.71,20.05,17.23
1982-06-09,28.97,20.29,6.92
1982-06-10,27.49,20.74,7.38
1982-06-11,28.26,20.7,1.25
1982-06-12,29.9,20.81,0.46
1982-06-13,28.2,20.16,7
1982-06-14,27.75,20.39,6.829999999999999
1982-06-15,26.03,20.64,3.64
1982-06-16,26.75,20.21,4.64
1982-06-17,25.4,20.59,12.68
1982-06-18,27.3,20.21,2.8400000000000003
1982-06-19,28.02,20.22,0.64
1982-06-20,27.56,20.89,0.5
1982-06-21,28.31,21.23,0.73
1982-06-22,26.38,19.87,6.55
1982-06-23,25.23,20.05,5.43
1982-06-24,26.94,20.17,4.09
1982-06-25,29.1,20.92,0.9500000000000001
1982-06-26,27.77,20.35,3.75
1982-06-27,28.53,19.75,1.72
1982-06-28,28.4,19.88,0.68
1982-06-29,30.04,20.03,0.04
1982-06-30,29.67,19.86,0
1982-07-01,29.56,19.73,0
1982-07-02,30.63,19.16,0
1982-07-03,28.17,19.08,0.12
1982-07-04,28.33,19.92,0.66
1982-07-05,29.29,20.05,0.99
1982-07-06,29.11,19.66,0.54
1982-07-07,29.84,20.21,0.14
1982-07-08,30.26,20.36,1.19
1982-07-09,27.7,20.04,6.82
1982-07-10,27.21,19.73,0.78
1982-07-11,27.65,19.86,0.67
1982-07-12,27.24,20.12,6.26
1982-07-13,27.28,19.62,7.14
1982-07-14,27.6,19.72,3.62
1982-07-15,27.72,20.14,1.74
1982-07-16,27.53,20.15,1.3
1982-07-17,26.35,20.69,0.76
1982-07-18,25.86,20.54,2.59
1982-07-19,24.4,20.5,1.16
1982-07-20,25.82,20.59,7.029999999999999
1982-07-21,27.95,20.15,2.99
1982-07-22,27.53,19.35,7.99
1982-07-23,27.26,19.3,1.86
1982-07-24,26.82,19.57,2.86
1982-07-25,27.72,19.04,1.19
1982-07-26,27.35,19.03,0.35
1982-07-27,26.8,19.46,2.09
1982-07-28,23.14,19.16,6.39
1982-07-29,21.63,19.23,15.36
1982-07-30,23.8,19.27,9.209999999999999
1982-07-31,27.3,19.43,2.97
1982-08-01,24.6,19.83,3.6
1982-08-02,26.11,19.16,2.54
1982-08-03,26.71,19.11,0.25
1982-08-04,27.82,19.59,0.12
1982-08-05,28.88,20.17,0.12
1982-08-06,28.76,19.9,2.97
1982-08-07,27.11,19.55,1.33
1982-08-08,26.78,19.71,1.25
1982-08-09,26.94,19.2,2.78
1982-08-10,26.37,19.77,2.58
1982-08-11,25.32,18.92,6.75
1982-08-12,24.99,19.63,8.36
1982-08-13,25.17,19.8,10.5
1982-08-14,25.22,20,2.34
1982-08-15,27.21,20.57,1.61
1982-08-16,25.88,20.58,2.26
1982-08-17,25.05,19.55,4.26
1982-08-18,25.89,19.73,0.73
1982-08-19,26.63,19.71,0.24
1982-08-20,28.32,20.13,0.65
1982-08-21,26.46,20,0.5700000000000001
1982-08-22,25.85,19.64,0.09
1982-08-23,25.87,19.78,0.91
1982-08-24,26.68,19.94,1.08
1982-08-25,26.71,19.92,0.39
1982-08-26,27.38,19.84,0.41000000000000003
1982-08-27,28.23,19.86,0.39
1982-08-28,27.99,19.14,0.5700000000000001
1982-08-29,29.15,19.48,1.1
1982-08-30,27.96,19.76,0.24000000000000002
1982-08-31,28.9,19.41,0.23
1982-09-01,29.58,19.17,0.23
1982-09-02,29.35,18.88,0.34
1982-09-03,30.31,19,0.03
1982-09-04,28.72,18.88,0
1982-09-05,28.42,18.63,0.11
1982-09-06,27.5,18.82,0.01
1982-09-07,28,17.93,0.05
1982-09-08,28.86,18.55,0.02
1982-09-09,26.66,19.19,0.23
1982-09-10,27.63,19.99,2.5100000000000002
1982-09-11,29.67,19.6,0.08
1982-09-12,30.9,19.87,0.09000000000000001
1982-09-13,31.2,19.63,0.34
1982-09-14,31.32,20.23,7.24
1982-09-15,29.02,20.01,6.8
1982-09-16,28.85,20.13,1.43
1982-09-17,29.11,20.02,16.35
1982-09-18,29.38,20.39,39.06
1982-09-19,26.66,19.67,17.32
1982-09-20,27.42,19.87,7.83
1982-09-21,27.39,19.6,4.35
1982-09-22,25.43,18.89,3.04
1982-09-23,26.83,19.1,0.8
1982-09-24,25.86,19.08,0.3
1982-09-25,26.65,18.86,0.07
1982-09-26,27.29,18.58,0.24
1982-09-27,26.88,17.96,0
1982-09-28,27.3,17.8,0
1982-09-29,27.6,17.99,0
1982-09-30,27.37,18.81,0.02
1982-10-01,27.56,18.79,5.18
1982-10-02,29.45,19.29,0
1982-10-03,29.22,18.45,0
1982-10-04,29.05,18.1,0
1982-10-05,28.69,19.27,0
1982-10-06,28.46,20,0.61
1982-10-07,27.15,18.93,2.78
1982-10-08,29.69,18.99,0.26
1982-10-09,28.78,19.71,1.41
1982-10-10,29.96,19.42,0
1982-10-11,29.92,18.36,0
1982-10-12,29.86,17.96,0
1982-10-13,29.59,17.77,0.08
1982-10-14,30.34,18.26,0
1982-10-15,30.27,18.26,0
1982-10-16,30.2,19.05,0.1
1982-10-17,29.1,19.37,0.18
1982-10-18,26.6,20.44,5.89
1982-10-19,27.69,19.2,9.709999999999999
1982-10-20,27.92,19.61,0.41000000000000003
1982-10-21,29.3,19.59,0.12
1982-10-22,27.95,19.89,2.7199999999999998
1982-10-23,28.2,20.09,12.03
1982-10-24,26.82,19.28,7.47
1982-10-25,28.02,19.63,7.07
1982-10-26,27.78,19.96,1.62
1982-10-27,25.71,19.6,0.6900000000000001
1982-10-28,27.09,19.61,1.23
1982-10-29,27.58,18.09,0.54
1982-10-30,28.41,17.61,0.01
1982-10-31,27.89,17.7,0
1982-11-01,26.39,17.99,1.26
1982-11-02,25,19.43,4.14
1982-11-03,23.38,19.34,3.99
1982-11-04,24.01,19.34,8.56
1982-11-05,26.05,19.07,25.57
1982-11-06,25.23,19.28,14.83
1982-11-07,26,19.86,5.4
1982-11-08,27.07,20.03,1.6300000000000001
1982-11-09,26.56,19.19,5.44
1982-11-10,26.17,20.03,10.96
1982-11-11,27.32,19.73,5
1982-11-12,27.67,19.77,1.81
1982-11-13,26.93,18.92,1.02
1982-11-14,27.57,18.79,0.34
1982-11-15,26.33,18.4,0.14
1982-11-16,26.28,18.7,0
1982-11-17,24.75,18.32,1.4000000000000001
1982-11-18,25,16.11,0
1982-11-19,25.7,16.28,0
1982-11-20,26.49,16.74,0
1982-11-21,26.01,16.68,0
1982-11-22,26.77,17.48,0
1982-11-23,26.02,17.04,0.12
1982-11-24,26.28,16.23,0
1982-11-25,25.92,16.13,0
1982-11-26,24.94,16.91,0
1982-11-27,26.73,18.44,0.03
1982-11-28,26.23,16.27,0
1982-11-29,25.21,15.49,0
1982-11-30,26.87,15.44,0
1982-12-01,26.69,15.73,0
1982-12-02,25.21,13.46,0
1982-12-03,24.12,13.96,0.04
1982-12-04,22.96,16.27,1.44
1982-12-05,23.5,15.7,0.32
1982-12-06,26.82,13.7,0
1982-12-07,24.44,14.51,0
1982-12-08,25.15,15.27,0
1982-12-09,25.54,14.65,0
1982-12-10,25.61,13.93,0
1982-12-11,25.49,13.68,0
1982-12-12,23.32,17.32,0.4
1982-12-13,27,15.1,0
1982-12-14,25.79,14.93,0.01
1982-12-15,24.59,15.04,0
1982-12-16,27.13,15.87,0.01
1982-12-17,26.74,15.2,0.14
1982-12-18,26.58,14.95,0
1982-12-19,26.5,14.03,0
1982-12-20,25.37,14.05,0
1982-12-21,24.78,14.61,0
1982-12-22,25.6,15.33,0.01
1982-12-23,25.59,13.96,0
1982-12-24,25.15,13.58,0
1982-12-25,26.56,13.4,0
1982-12-26,25.76,14.69,0
1982-12-27,24.07,15.08,0
1982-12-28,26.42,15.71,0
1982-12-29,26.77,16.1,0
1982-12-30,26.1,14.21,0
1982-12-31,26.54,14.09,0
1983-01-01,26.7,14,0
1983-01-02,28.36,13.62,0
1983-01-03,27.55,15.04,0
1983-01-04,26.29,15.11,0
1983-01-05,26.17,16.62,0
1983-01-06,26.13,13.53,0
1983-01-07,26.61,12.42,0
1983-01-08,27.26,12.27,0
1983-01-09,28.06,13.08,0
1983-01-10,28.18,13.09,0
1983-01-11,27.57,13.36,0
1983-01-12,26.87,12.97,0
1983-01-13,27.43,13.31,0.01
1983-01-14,26.23,13.4,0
1983-01-15,26.27,13.92,0
1983-01-16,25.77,15.13,0.01
1983-01-17,27.63,13.98,0
1983-01-18,25.77,13.41,0
1983-01-19,26.62,13.61,0
1983-01-20,27.61,15.02,0
1983-01-21,28.28,13.67,0
1983-01-22,25.4,13.69,0.01
1983-01-23,25.69,15,0
1983-01-24,26.91,14.91,0
1983-01-25,27.41,16.41,0.02
1983-01-26,27.87,17.47,0
1983-01-27,26.9,17.11,0
1983-01-28,27.42,17.11,0
1983-01-29,28.28,17.04,0
1983-01-30,29.8,17.04,0
1983-01-31,31.52,16.46,0
1983-02-01,30.4,17.45,0
1983-02-02,30.61,17.69,0
1983-02-03,30.87,18.7,0
1983-02-04,31.28,18.07,0
1983-02-05,31.02,17.86,0
1983-02-06,29.95,18.45,0
1983-02-07,29.58,18.93,0
1983-02-08,29.19,19.25,0.37
1983-02-09,29.17,18.95,0.19
1983-02-10,28.36,16.4,0.16
1983-02-11,27.51,16.45,0
1983-02-12,30.1,17.3,0
1983-02-13,29.38,17.92,0
1983-02-14,29.22,17.4,0
1983-02-15,28.75,17.15,0
1983-02-16,30.23,17.06,0
1983-02-17,30.88,17.35,0
1983-02-18,31.09,18.38,0
1983-02-19,31.54,18.39,0
1983-02-20,31.05,19.35,0
1983-02-21,31.84,20.11,0
1983-02-22,31.78,19.49,0
1983-02-23,31.68,19.36,0
1983-02-24,31.45,19.71,0
1983-02-25,30.59,19.54,0.01
1983-02-26,31.2,19.6,0
1983-02-27,31.82,20.15,0
1983-02-28,31.57,20.58,0
1983-03-01,30.88,18.84,0
1983-03-02,29.75,18.85,0
1983-03-03,31.12,18.83,0
1983-03-04,31.39,19.79,0
1983-03-05,31.38,19.85,0
1983-03-06,31.38,19.94,0
1983-03-07,31.39,20.23,0
1983-03-08,32.32,19.57,0
1983-03-09,32.58,19.23,0
1983-03-10,32.86,18.52,0
1983-03-11,33.58,18.13,0
1983-03-12,34.03,17.97,0
1983-03-13,34.66,20.11,0
1983-03-14,34.03,20.16,0
1983-03-15,33.62,20.1,0
1983-03-16,34.08,21.32,0
1983-03-17,34.66,22.04,0.01
1983-03-18,34.03,23.83,0
1983-03-19,33.51,22.53,0.06
1983-03-20,32.95,22.33,0.74
1983-03-21,32.16,22.19,0.72
1983-03-22,33.44,21.57,0
1983-03-23,33.48,20.97,0
1983-03-24,33.69,23.16,0
1983-03-25,33.59,21.91,0
1983-03-26,33.8,21.63,0
1983-03-27,33.7,21.69,0
1983-03-28,33.83,22.08,0
1983-03-29,33.51,22.58,0
1983-03-30,34.5,20.81,0
1983-03-31,33.67,20.54,0
1983-04-01,33.53,20.08,0
1983-04-02,33.03,20.27,0
1983-04-03,33.9,19.99,0
1983-04-04,34.34,20.88,0
1983-04-05,34.79,22.44,0
1983-04-06,35.19,22.16,0
1983-04-07,35.23,23.36,0.02
1983-04-08,34.46,23.36,0.6
1983-04-09,34.2,22.72,0.5800000000000001
1983-04-10,35.32,23.6,0.01
1983-04-11,34.05,23.79,0.07
1983-04-12,34.54,24.49,0.44
1983-04-13,35.35,23.63,0
1983-04-14,35.27,23.51,0
1983-04-15,32.95,24.45,0.05
1983-04-16,32.37,24.37,0.03
1983-04-17,32.03,23.45,0.41
1983-04-18,33.82,22.41,0.05
1983-04-19,33.98,21.89,0
1983-04-20,34.58,22.28,0
1983-04-21,34.39,22.41,0
1983-04-22,34.63,23.47,0
1983-04-23,35.24,22.49,0
1983-04-24,34.95,22.59,0.01
1983-04-25,32.72,23.93,0.24
1983-04-26,33.08,23.32,0.14
1983-04-27,35.09,22.76,0
1983-04-28,35.1,23.83,0
1983-04-29,35.18,23.5,0
1983-04-30,34.58,23.22,1.09
1983-05-01,33.6,22.93,2.29
1983-05-02,35.49,23.09,0
1983-05-03,35.17,23.48,0
1983-05-04,35.39,24.58,0
1983-05-05,35.13,24.19,0
1983-05-06,36.21,23.7,0.03
1983-05-07,34.86,23.36,0.88
1983-05-08,34.42,22.42,1.06
1983-05-09,33.28,20.29,24.259999999999998
1983-05-10,29.78,20.12,12.350000000000001
1983-05-11,31.29,20.97,2.6
1983-05-12,33.07,22.1,0.23
1983-05-13,33.14,22.02,0.35000000000000003
1983-05-14,32.53,21.88,11.72
1983-05-15,32.58,20.83,10.69
1983-05-16,30.01,20.79,2.77
1983-05-17,31.25,22.42,0.31
1983-05-18,32.09,22.43,0.27
1983-05-19,31.27,21.86,7.970000000000001
1983-05-20,31.31,20.86,9.18
1983-05-21,30.43,21.23,16.98
1983-05-22,31.32,21.71,5.83
1983-05-23,31.48,22.04,2.99
1983-05-24,33.07,20.81,5.99
1983-05-25,31.06,20.68,5.14
1983-05-26,30.92,20.96,10.22
1983-05-27,30.16,21.07,2.02
1983-05-28,31.03,22.36,4.45
1983-05-29,32.93,22.49,1.92
1983-05-30,33.43,22.05,0.04
1983-05-31,34.46,22.03,0
1983-06-01,32.34,22.33,0.39
1983-06-02,32.69,21.37,4.13
1983-06-03,31.74,22.18,1.18
1983-06-04,31.67,21.72,9.48
1983-06-05,30.55,21.51,0.43
1983-06-06,28.67,20.99,9.93
1983-06-07,28.99,20.87,6.2
1983-06-08,30.79,21.49,4.31
1983-06-09,31.14,21.8,0.04
1983-06-10,29.57,21.28,3.77
1983-06-11,29.61,20.82,10.26
1983-06-12,29.28,20.69,2.04
1983-06-13,28.88,21.28,27.2
1983-06-14,29.91,21.61,7.2
1983-06-15,29.36,20.56,8.35
1983-06-16,26.89,19.97,0.85
1983-06-17,29.49,20.34,0.03
1983-06-18,29.66,21.02,0.31
1983-06-19,28.14,20.52,0.45
1983-06-20,28.35,20.91,0.09
1983-06-21,29.25,20.43,0.16
1983-06-22,29.06,21.44,0.83
1983-06-23,25.84,21.08,3.1
1983-06-24,24.6,20.65,6.29
1983-06-25,23.89,20.73,5.26
1983-06-26,26.06,20.77,3.08
1983-06-27,26.29,21.91,1.84
1983-06-28,26.71,21.36,0.44
1983-06-29,27.14,21.83,0.9500000000000001
1983-06-30,29.95,21.03,2.42
1983-07-01,26.87,20.68,5.54
1983-07-02,27.92,20.24,2.12
1983-07-03,29.13,19.78,0.03
1983-07-04,29.47,19.84,0.02
1983-07-05,29.12,20.32,0.07
1983-07-06,29.84,19.92,0.37000000000000005
1983-07-07,29.58,19.73,0.28
1983-07-08,29.25,20.61,0.28
1983-07-09,29.82,20.86,0.52
1983-07-10,28.66,20.79,0.58
1983-07-11,27.82,20.67,3.05
1983-07-12,27.41,20.84,7.91
1983-07-13,23.05,20.68,19.07
1983-07-14,25.23,20.35,7.26
1983-07-15,25.56,20.75,6.01
1983-07-16,26.74,20.26,3.4299999999999997
1983-07-17,27.17,20.48,0.5700000000000001
1983-07-18,28.74,21.36,0.49
1983-07-19,26.52,20.96,1.17
1983-07-20,25.66,20.86,14.46
1983-07-21,25.9,20.98,22.61
1983-07-22,25.96,20.49,27.26
1983-07-23,25.66,20.48,5.72
1983-07-24,25.4,19.33,14.22
1983-07-25,25.51,19.38,2.21
1983-07-26,27.1,19.73,0.9
1983-07-27,26.6,20.73,0.65
1983-07-28,26.3,20.66,1.21
1983-07-29,27.96,20.41,0.21
1983-07-30,29.37,20.82,5.21
1983-07-31,26.85,20.51,2.38
1983-08-01,26.58,20.62,7.85
1983-08-02,24.87,20.17,6.04
1983-08-03,27.45,20.18,1.35
1983-08-04,27.56,20.33,0.73
1983-08-05,26.9,19.62,0.35000000000000003
1983-08-06,26.27,20.21,1.96
1983-08-07,24.66,19.95,17.26
1983-08-08,26.82,19.53,13.66
1983-08-09,22.15,19.48,22.29
1983-08-10,25.32,19.8,5.93
1983-08-11,23.61,20.2,11.11
1983-08-12,26.39,20.2,2.25
1983-08-13,26.26,20.73,7.03
1983-08-14,25.72,20.21,13.11
1983-08-15,26.32,20.1,16.9
1983-08-16,25.1,20.1,11.12
1983-08-17,26.66,20.91,1.28
1983-08-18,26.93,20.83,1.03
1983-08-19,28.43,21,3.04
1983-08-20,28.03,20.85,2.6
1983-08-21,26.99,20.37,13.72
1983-08-22,27.15,20.01,15.68
1983-08-23,24.45,19.83,17.02
1983-08-24,27.08,19.72,8.48
1983-08-25,26.06,20.01,17.19
1983-08-26,27.34,19.96,17.64
1983-08-27,26.81,20,9.879999999999999
1983-08-28,27,19.66,9.6
1983-08-29,26.57,19.62,2.91
1983-08-30,26.48,20.15,0.53
1983-08-31,26.95,20.46,4.36
1983-09-01,27.57,20.19,0.91
1983-09-02,28.46,20.18,6.45
1983-09-03,27.39,19.85,2.37
1983-09-04,26.54,20.22,1.28
1983-09-05,26.78,20.1,3.4
1983-09-06,27.03,19.78,4.92
1983-09-07,25.69,19.38,11.47
1983-09-08,26.95,19.32,4.48
1983-09-09,27.76,19.73,2.93
1983-09-10,26.02,19.88,9.86
1983-09-11,25.39,19.96,27.18
1983-09-12,25.8,19.32,14.79
1983-09-13,26.69,19.43,1.49
1983-09-14,25.73,20.12,10.47
1983-09-15,25.85,19.48,3.16
1983-09-16,23.35,19.45,6.19
1983-09-17,25.97,19.8,1.51
1983-09-18,25.59,19.73,1.32
1983-09-19,27.18,18.75,0.25
1983-09-20,27.17,18.53,1.56
1983-09-21,25.69,18.98,1.81
1983-09-22,24.39,19.55,5.85
1983-09-23,24.02,19.09,3.23
1983-09-24,26.29,19.28,4.35
1983-09-25,26.68,19.31,5.41
1983-09-26,27.14,18.24,0.5
1983-09-27,26.46,17.27,0.02
1983-09-28,27.14,17.51,0.07
1983-09-29,25.95,19.41,3.67
1983-09-30,27.7,19.61,1
1983-10-01,25.94,18.57,0.26
1983-10-02,26.31,18.58,0.65
1983-10-03,25.57,20.07,8.55
1983-10-04,24.7,19.48,1.91
1983-10-05,27.73,18.9,0.51
1983-10-06,27.31,18.31,0.16
1983-10-07,27.1,18.18,0
1983-10-08,27.29,18.01,0
1983-10-09,27.06,18.78,0.33
1983-10-10,27.84,17.94,0
1983-10-11,27.93,18.02,0.01
1983-10-12,28.35,18.19,0
1983-10-13,27.76,18.12,0.09
1983-10-14,27.81,19.15,0.13
1983-10-15,29.26,19.36,0.71
1983-10-16,27.52,19.34,15.26
1983-10-17,27.6,19.4,3.42
1983-10-18,27.59,18.87,0.31
1983-10-19,27.75,17.21,0
1983-10-20,27.09,16.28,0.08
1983-10-21,26.61,16.25,0
1983-10-22,26.45,16.29,0
1983-10-23,26.88,16.82,0.44
1983-10-24,25.11,18.55,2.64
1983-10-25,24.5,18.58,10.92
1983-10-26,25.12,20.13,10.790000000000001
1983-10-27,25.56,20.21,6.2299999999999995
1983-10-28,25.61,20.14,4.69
1983-10-29,27.17,20.13,6.73
1983-10-30,24.83,20.26,4.4
1983-10-31,24.6,20.15,6.64
1983-11-01,25.45,20.01,3.27
1983-11-02,27.06,19.39,5.6
1983-11-03,27.18,19.4,1.92
1983-11-04,27.46,19.41,0.41000000000000003
1983-11-05,26.91,17.06,0
1983-11-06,26.61,15.07,0
1983-11-07,25.48,14.73,0
1983-11-08,27.45,16.17,0
1983-11-09,26.56,16.52,0
1983-11-10,25.87,15.24,0
1983-11-11,26.24,13.07,0
1983-11-12,25.98,12.59,0
1983-11-13,25.49,13.02,0
1983-11-14,25.67,14.38,0
1983-11-15,25.04,13.95,0
1983-11-16,25.95,14.36,0
1983-11-17,26.77,16.64,0
1983-11-18,27.07,17.21,0.01
1983-11-19,27.8,17.01,0
1983-11-20,27.29,16.51,0
1983-11-21,25.93,15.5,0
1983-11-22,26.04,14.12,0
1983-11-23,25.89,14.51,0
1983-11-24,26.86,14.44,0
1983-11-25,26.55,15.42,0
1983-11-26,27.08,15.92,0
1983-11-27,25.42,16.47,5.22
1983-11-28,25.01,17.18,1.53
1983-11-29,25.39,16.94,0.56
1983-11-30,26.66,15.96,0
1983-12-01,25.45,16.37,0
1983-12-02,25.51,16.23,0.33
1983-12-03,24.19,17.84,2.4
1983-12-04,24.4,16.65,0.47
1983-12-05,24.42,16.4,0.02
1983-12-06,24.51,15.78,0.06
1983-12-07,25.41,16.44,0
1983-12-08,25.99,16.42,0
1983-12-09,26.68,16.56,0.01
1983-12-10,26.19,18.45,0.58
1983-12-11,25.59,18.46,3.39
1983-12-12,26.35,16.71,0.89
1983-12-13,27.2,15.16,0
1983-12-14,24.95,16.53,1.37
1983-12-15,27,16.5,0
1983-12-16,25.77,14.86,0
1983-12-17,26.26,14.77,0
1983-12-18,26.09,15.25,0
1983-12-19,26.64,15.44,0
1983-12-20,24.98,15.5,0.13
1983-12-21,22.06,17.06,3.36
1983-12-22,18.89,16.92,6.94
1983-12-23,18.72,16.93,28.24
1983-12-24,24.15,18.54,4.92
1983-12-25,24.4,19.42,4.13
1983-12-26,25.31,19.37,1.57
1983-12-27,26.48,19.27,1.3800000000000001
1983-12-28,26.6,19.09,1.03
1983-12-29,25.18,18.71,2.18
1983-12-30,25.9,19.22,0.78
1983-12-31,26.16,17.38,0.74
1984-01-01,25.76,17.24,0
1984-01-02,25.49,16.93,0.31
1984-01-03,26.18,17.79,0.23
1984-01-04,25.46,17.25,0
1984-01-05,25.84,17.08,0
1984-01-06,25.17,18.19,0.02
1984-01-07,26.06,17.79,0.12
1984-01-08,25.32,16.53,0
1984-01-09,26,16.45,0
1984-01-10,26.03,15.09,0.21000000000000002
1984-01-11,25.78,14.54,0
1984-01-12,24.53,14.68,0.03
1984-01-13,20.72,16.43,3.48
1984-01-14,25.47,16.73,0.66
1984-01-15,25.13,19.45,1.47
1984-01-16,26.73,19.63,2.8600000000000003
1984-01-17,26.95,19.62,1.29
1984-01-18,26.58,19.62,1.24
1984-01-19,26.16,19.5,0.92
1984-01-20,27.61,17.5,0.51
1984-01-21,28.81,17.45,0.02
1984-01-22,27.58,17.15,0.04
1984-01-23,27.81,16.77,0
1984-01-24,27.96,15.59,0
1984-01-25,26.69,14.73,0
1984-01-26,27.25,14.74,0.01
1984-01-27,26.68,15.97,0.01
1984-01-28,29.3,15.78,0
1984-01-29,24.86,19.49,1.84
1984-01-30,26.74,17.39,0.25
1984-01-31,27.79,16.68,0
1984-02-01,27.1,15.4,0
1984-02-02,25.88,14.61,0
1984-02-03,27.45,14.79,0
1984-02-04,28.23,17.04,0.03
1984-02-05,25.7,17.79,1.05
1984-02-06,24.93,18.5,1.22
1984-02-07,24.28,18.53,1.99
1984-02-08,26.62,18.99,0.83
1984-02-09,27.92,18.74,0.04
1984-02-10,29.51,18.95,0.02
1984-02-11,30.37,19.59,0.04
1984-02-12,27.91,19.42,2.9499999999999997
1984-02-13,23.93,18.45,13.65
1984-02-14,24.39,17.65,10.32
1984-02-15,23.96,17.11,0.99
1984-02-16,25.58,17.26,2.4
1984-02-17,27.65,18.47,2.17
1984-02-18,27.79,19.48,0.87
1984-02-19,27.72,19.3,1.62
1984-02-20,28.38,19.98,0.19
1984-02-21,28.31,18.11,0.17
1984-02-22,30.42,18.98,0
1984-02-23,30.28,18.09,0
1984-02-24,30.61,18.55,0
1984-02-25,29.69,18.17,0
1984-02-26,28.29,17.45,0.47
1984-02-27,28.91,16.9,0
1984-02-28,28.13,16.95,0
1984-02-29,27.91,17.65,0.02
1984-03-01,29.65,15.8,0
1984-03-02,28.4,16.29,0
1984-03-03,29.87,17.19,6.63
1984-03-04,26.4,19.2,3.54
1984-03-05,24.79,18.11,13.2
1984-03-06,22.62,17.45,30.759999999999998
1984-03-07,26.67,19.35,5.140000000000001
1984-03-08,27.72,19.78,1.05
1984-03-09,30.11,19.89,0
1984-03-10,30.4,19.9,0.01
1984-03-11,30.69,19.94,0.01
1984-03-12,30.05,19.68,4.77
1984-03-13,30.22,19.87,7.33
1984-03-14,29.57,19.24,0.51
1984-03-15,31.25,18.58,0
1984-03-16,31.38,18.17,0
1984-03-17,31.73,17.86,0
1984-03-18,31.83,18.42,0
1984-03-19,33,18.82,0
1984-03-20,32.99,18.54,0
1984-03-21,32.76,18.86,0
1984-03-22,32.99,18.6,0
1984-03-23,32.76,18.68,0
1984-03-24,32.73,18.19,0
1984-03-25,31.85,18.02,0
1984-03-26,32.03,17.98,0
1984-03-27,32.78,18.71,0
1984-03-28,33,19.25,0
1984-03-29,33.59,19.38,0
1984-03-30,33.78,18.94,0
1984-03-31,34.29,19.73,0
1984-04-01,32.57,20.37,0
1984-04-02,33.64,21.18,0
1984-04-03,34.03,21.47,0.76
1984-04-04,31.95,21.53,3.73
1984-04-05,32.33,21.84,2.36
1984-04-06,33.39,21.97,0.1
1984-04-07,34.61,21.2,1.3800000000000001
1984-04-08,31.52,21.07,4.99
1984-04-09,30.66,20.84,1.8900000000000001
1984-04-10,30.38,21,16.16
1984-04-11,31.68,20.93,0.05
1984-04-12,30.88,20.38,0.03
1984-04-13,30.99,20.36,0.24
1984-04-14,30.66,20.47,0.12
1984-04-15,33.21,19.88,0
1984-04-16,33.28,20.46,0
1984-04-17,33.91,21.41,0.13999999999999999
1984-04-18,34.12,21.61,0.01
1984-04-19,34,22.36,0.22999999999999998
1984-04-20,32.9,21.36,0.74
1984-04-21,34.03,21.59,0.07
1984-04-22,34.12,21.38,0
1984-04-23,34.14,22.85,0.01
1984-04-24,33.16,21.94,0.13
1984-04-25,32.01,22.03,0.04
1984-04-26,33.5,21,9.36
1984-04-27,32.77,20.89,0.08
1984-04-28,33.56,21.78,0
1984-04-29,34.14,20.9,0.01
1984-04-30,34.4,20.79,0
1984-05-01,33.77,22.67,0
1984-05-02,33.28,23.26,0
1984-05-03,32.22,22.51,0.19
1984-05-04,33.22,22.24,0
1984-05-05,33.89,22.28,0
1984-05-06,32.77,22.4,0.99
1984-05-07,33.59,23.06,0.44
1984-05-08,32.59,22.42,8.52
1984-05-09,32.92,21.19,0.49
1984-05-10,32.71,20.78,0
1984-05-11,33.9,21.74,0
1984-05-12,33.46,21.99,1.27
1984-05-13,33.41,20.49,9.33
1984-05-14,32.52,20.77,0.58
1984-05-15,33.35,21.52,0.88
1984-05-16,33.98,21.55,0
1984-05-17,33.39,21.24,0.14
1984-05-18,32.93,20.97,0
1984-05-19,34.57,21.61,0.01
1984-05-20,33,22.41,0.06
1984-05-21,34.05,21.17,14.51
1984-05-22,33.32,21.35,1.07
1984-05-23,33.17,21.33,2.45
1984-05-24,33.43,21.93,1.86
1984-05-25,33.58,21.77,0.76
1984-05-26,33.27,22.41,0.77
1984-05-27,35.04,22.68,1.34
1984-05-28,31.03,21.49,0
1984-05-29,31.98,21.52,0
1984-05-30,33.37,21.6,0
1984-05-31,32.46,21.42,0.02
1984-06-01,31.11,20.9,0.6599999999999999
1984-06-02,31.15,20.6,2.21
1984-06-03,28.82,20.46,0.29
1984-06-04,30.32,19.98,0.15
1984-06-05,30.08,20.29,0.45
1984-06-06,29.05,20.79,1.35
1984-06-07,29.03,20.84,1.84
1984-06-08,29.28,20.42,4.89
1984-06-09,25.87,20.34,0.86
1984-06-10,26.47,20.23,2.5900000000000003
1984-06-11,27.84,20.78,0.71
1984-06-12,27.51,20.74,4.3100000000000005
1984-06-13,27.24,21.61,0.91
1984-06-14,26.5,21.71,0.54
1984-06-15,28.51,21.39,2.18
1984-06-16,27.52,20.84,4.85
1984-06-17,28.24,20.56,16.15
1984-06-18,25.43,20.03,5.2
1984-06-19,23.58,19.86,2.89
1984-06-20,28.2,20.56,0.96
1984-06-21,27.77,20.6,0.8
1984-06-22,28.73,20.57,0.9500000000000001
1984-06-23,28.63,20.63,0.78
1984-06-24,29.24,19.57,0.51
1984-06-25,28.37,19.66,1.69
1984-06-26,28.53,20.07,5.2
1984-06-27,27.44,20.09,2.29
1984-06-28,26.91,20.55,1.49
1984-06-29,26.53,19.83,1.83
1984-06-30,25.71,19.93,11.74
1984-07-01,24.25,20.6,8.14
1984-07-02,27.09,20.6,1.53
1984-07-03,27.04,20.64,0.25
1984-07-04,27.67,20.92,1.97
1984-07-05,27.14,20.95,0.84
1984-07-06,28.43,20.46,0.48000000000000004
1984-07-07,27.72,19.26,0.6900000000000001
1984-07-08,28.3,18.85,0.01
1984-07-09,27.89,19.34,0.01
1984-07-10,29.54,19.64,0.24000000000000002
1984-07-11,27.45,19.68,15.09
1984-07-12,26.61,19.69,10.14
1984-07-13,26.66,19.82,13.18
1984-07-14,23.99,19.63,9.959999999999999
1984-07-15,25.71,19.68,5.74
1984-07-16,25.03,20.05,8.2
1984-07-17,24.17,20.15,3.47
1984-07-18,24.86,20.32,0.9500000000000001
1984-07-19,26.47,19.72,0.61
1984-07-20,27.57,19.14,6.010000000000001
1984-07-21,26.27,18.98,13.04
1984-07-22,26.2,19.66,15.61
1984-07-23,25.67,19.17,5.3100000000000005
1984-07-24,26.1,19.11,2.0100000000000002
1984-07-25,24.45,19.27,8.68
1984-07-26,26.25,19.79,1.29
1984-07-27,26.51,18.43,16.64
1984-07-28,24.94,19.28,6.46
1984-07-29,24.64,19.41,10.09
1984-07-30,25.98,20.29,5.3
1984-07-31,25.24,20.54,11.07
1984-08-01,23.38,19.96,4.15
1984-08-02,25.14,20.15,0.92
1984-08-03,26.87,19.86,0.89
1984-08-04,27.16,19.65,1.08
1984-08-05,26.83,18.62,0.32
1984-08-06,26.51,19.37,0.08
1984-08-07,26.58,19.7,2.3000000000000003
1984-08-08,26.08,20,0.81
1984-08-09,25.81,20.22,0.6
1984-08-10,26.69,19.31,0.56
1984-08-11,26.33,18.87,0.18
1984-08-12,27.52,18.6,0.09
1984-08-13,25.66,19.16,0.15
1984-08-14,26.33,20.44,0.68
1984-08-15,26.24,20.08,1.24
1984-08-16,26.18,20.05,0.22
1984-08-17,26.17,19.77,0.25
1984-08-18,26.88,18.72,0.26
1984-08-19,26.71,18.63,0.6
1984-08-20,26.33,18.84,0.25
1984-08-21,26.52,19.47,0.91
1984-08-22,27.56,19.72,0.88
1984-08-23,27.37,19.09,1
1984-08-24,27.18,19.29,0.5
1984-08-25,27.94,18.93,0.14
1984-08-26,27.67,18.91,0.01
1984-08-27,27.53,18.91,0.04
1984-08-28,28.32,19.16,0.62
1984-08-29,26.42,19.55,1.78
1984-08-30,26.36,19.77,0.28
1984-08-31,25.61,19.73,0.5700000000000001
1984-09-01,26.23,19.63,0.53
1984-09-02,27.59,19.6,0.58
1984-09-03,27.33,19.11,0.06
1984-09-04,26.57,18.73,0.6
1984-09-05,27.41,19.31,0.12000000000000001
1984-09-06,27.12,18.13,0.13
1984-09-07,28.97,18.24,0
1984-09-08,28.52,18.47,0.05
1984-09-09,27.93,19.56,0.26
1984-09-10,25.76,19.08,0.39
1984-09-11,25.99,18.43,0.34
1984-09-12,27.96,17.96,0.35000000000000003
1984-09-13,28.65,17.84,0.05
1984-09-14,29.06,18.25,1.54
1984-09-15,28.71,19.3,15.31
1984-09-16,27.81,19.46,18.22
1984-09-17,26.67,19.69,9.92
1984-09-18,27.81,19.57,0.6
1984-09-19,25.87,19.17,9.15
1984-09-20,28.28,19.37,7.510000000000001
1984-09-21,28.39,19.9,5.25
1984-09-22,28.27,19.88,1.76
1984-09-23,28.82,20.29,1
1984-09-24,28.67,19.75,0.13
1984-09-25,28.75,19.16,8.25
1984-09-26,28.04,19.69,6.11
1984-09-27,27.22,19.82,30.09
1984-09-28,24.88,19.53,18.32
1984-09-29,24.45,19.54,8.43
1984-09-30,22.15,19.64,30.57
1984-10-01,26.27,19.94,13.45
1984-10-02,25.49,19.51,9.700000000000001
1984-10-03,26.21,19.05,2.0100000000000002
1984-10-04,26.94,19.92,9.47
1984-10-05,27.55,19.98,10.540000000000001
1984-10-06,26.39,19.81,4.14
1984-10-07,26.55,19.76,13.27
1984-10-08,26.03,20.07,12.44
1984-10-09,26.31,19.12,4.05
1984-10-10,25.02,18.02,0.17
1984-10-11,24.65,18.32,0.65
1984-10-12,26.12,18.83,10.53
1984-10-13,26.64,19.08,0.46
1984-10-14,25.44,18.57,0.27999999999999997
1984-10-15,25.95,17.67,0.27
1984-10-16,25.7,18.04,0.37
1984-10-17,25.88,17.81,1.55
1984-10-18,27.45,18.33,0.25
1984-10-19,27.68,18.77,0.18
1984-10-20,26.98,18.91,2.18
1984-10-21,26.04,19,0.51
1984-10-22,27.78,18.86,0.27999999999999997
1984-10-23,26.69,19.19,1.44
1984-10-24,26.51,19.16,4.86
1984-10-25,27.08,19.44,1.43
1984-10-26,26.97,19.77,1.04
1984-10-27,26.51,18.45,0.26
1984-10-28,28.2,17.54,0
1984-10-29,27.63,17.39,0
1984-10-30,27.04,16.91,0.07
1984-10-31,26.62,17.15,0
1984-11-01,27.12,17.11,0
1984-11-02,26.86,17.71,0.06
1984-11-03,26.4,18.81,0.05
1984-11-04,25.75,18.76,4.8
1984-11-05,26.38,18.44,0.93
1984-11-06,26.95,17.47,0.01
1984-11-07,27.06,17.29,0
1984-11-08,27.71,17.02,0
1984-11-09,27.94,18.08,0
1984-11-10,28.16,16.31,0
1984-11-11,25.54,17.1,0
1984-11-12,22.86,18.27,8.93
1984-11-13,24.56,18.7,3.99
1984-11-14,25.22,18.94,1.99
1984-11-15,20.72,18.99,5.1
1984-11-16,24.39,18.82,1.75
1984-11-17,25.8,18.72,1.47
1984-11-18,27.13,17.02,0
1984-11-19,26.6,16.19,0
1984-11-20,26.9,15.35,0
1984-11-21,26.2,15.13,0
1984-11-22,26.33,16.52,0
1984-11-23,25.43,15.94,0
1984-11-24,24.83,15.9,0
1984-11-25,22.25,16.69,0.51
1984-11-26,24.71,16.54,0
1984-11-27,25.9,14.68,0
1984-11-28,25.47,13.84,0
1984-11-29,25.53,12.98,0
1984-11-30,25.43,13.68,0.06
1984-12-01,19.53,15.14,15.06
1984-12-02,23.9,17.51,1
1984-12-03,25.96,18.09,0.45
1984-12-04,26.43,19.23,0.63
1984-12-05,26.95,18.27,0.07
1984-12-06,27.14,16.89,0
1984-12-07,27.02,14.46,0
1984-12-08,26.49,14.4,0
1984-12-09,26.93,15.01,0
1984-12-10,26.85,15.05,0
1984-12-11,27.42,12.78,0
1984-12-12,27.89,13.05,0
1984-12-13,27.82,13.58,0
1984-12-14,28.71,13.58,0
1984-12-15,27.9,13.12,0
1984-12-16,27.79,13.15,0
1984-12-17,27.3,12.78,0
1984-12-18,28.05,12.98,0
1984-12-19,27.52,13.58,0
1984-12-20,27.36,13.09,0
1984-12-21,26.35,13.82,0
1984-12-22,25.92,14.07,0
1984-12-23,26.09,14.1,0
1984-12-24,26.88,13.81,0
1984-12-25,27.91,14.07,0
1984-12-26,25.81,16.9,0.5800000000000001
1984-12-27,26.92,18.23,0.4
1984-12-28,27.38,18.38,0.5800000000000001
1984-12-29,26.89,18.86,1.21
1984-12-30,26.26,18.79,2.15
1984-12-31,24.8,19.1,2.96
1985-01-01,25.84,19.21,1.4300000000000002
1985-01-02,26.47,19.67,2.34
1985-01-03,26.77,18.37,2.19
1985-01-04,24.64,18.83,0.8
1985-01-05,27.49,18.81,0.03
1985-01-06,28.23,18.37,0.01
1985-01-07,28.09,18.9,0
1985-01-08,28.41,18.29,0
1985-01-09,27.82,17.92,0
1985-01-10,27.36,15.13,0.01
1985-01-11,27.42,15.42,0
1985-01-12,27.09,17.19,0
1985-01-13,27.23,16.12,0
1985-01-14,26.31,15.2,0
1985-01-15,26.55,16.11,0
1985-01-16,27.07,16.39,0
1985-01-17,27.8,16.17,0
1985-01-18,27.8,16.46,0
1985-01-19,28.65,17.67,0
1985-01-20,28.58,17.55,0
1985-01-21,27.51,15.94,0
1985-01-22,27.32,16.01,0
1985-01-23,27.51,16.66,0
1985-01-24,28.1,15.09,0
1985-01-25,27.63,15.56,0
1985-01-26,28.15,15.92,0
1985-01-27,28.69,14.61,0
1985-01-28,28.97,14.67,0
1985-01-29,29.95,15.53,0
1985-01-30,29.49,15.63,0
1985-01-31,28.92,16.32,0
1985-02-01,29.04,18.75,0.060000000000000005
1985-02-02,29.45,16.65,0.01
1985-02-03,29.77,16.7,0
1985-02-04,30.16,16.18,0
1985-02-05,30.75,16.37,0
1985-02-06,30.26,16.82,0
1985-02-07,30.54,17.9,0
1985-02-08,29.91,18.54,0
1985-02-09,29.92,18.21,0
1985-02-10,29.83,18.79,0
1985-02-11,29.03,20.18,0.1
1985-02-12,27.57,20.54,0.71
1985-02-13,29.96,19.41,0.21000000000000002
1985-02-14,30.2,19.1,0.01
1985-02-15,30.18,19.85,0
1985-02-16,29.87,19.11,0.02
1985-02-17,29.73,18.42,0.02
1985-02-18,30.09,18.1,0
1985-02-19,30.09,17.8,0
1985-02-20,29.57,17.52,0
1985-02-21,30.33,17.86,0
1985-02-22,29.91,16.22,0
1985-02-23,30.35,15.63,0
1985-02-24,30.45,15.8,0
1985-02-25,30.6,15.05,0
1985-02-26,30.2,15.44,0
1985-02-27,32.74,16.2,0
1985-02-28,32.58,16.35,0
1985-03-01,32.37,16.78,0
1985-03-02,32.97,16.71,0
1985-03-03,33.54,18.15,0
1985-03-04,32.89,20.66,0
1985-03-05,32.14,18.57,0
1985-03-06,33.3,18.77,0
1985-03-07,33.26,19.31,0
1985-03-08,33.39,16.66,0
1985-03-09,32.44,17.08,0
1985-03-10,32.98,16.85,0
1985-03-11,32.57,17.59,0
1985-03-12,32.17,19.34,0
1985-03-13,32.79,17.88,0
1985-03-14,32.91,17.07,0
1985-03-15,32.76,16.99,0
1985-03-16,32.87,17,0
1985-03-17,31.83,17.6,0
1985-03-18,32.89,20.16,0
1985-03-19,31.94,21.83,0.02
1985-03-20,32.69,21.7,0.04
1985-03-21,32.51,21.25,0.01
1985-03-22,33.34,21.77,0
1985-03-23,33.07,21.8,0.04
1985-03-24,30.69,20.74,7.12
1985-03-25,31.49,20.84,2.14
1985-03-26,31.56,20.53,3.35
1985-03-27,32.62,20.04,0.1
1985-03-28,32.37,21.06,0
1985-03-29,33.22,21.69,0.07
1985-03-30,31.97,20.16,1.98
1985-03-31,32.55,19.95,0
1985-04-01,31.2,20.58,0.37
1985-04-02,31.62,21.11,1
1985-04-03,31.18,21.03,4.65
1985-04-04,31.51,20.48,0.05
1985-04-05,31.73,20.86,0.15
1985-04-06,29.86,20.76,0.42000000000000004
1985-04-07,31.18,21.53,0.05
1985-04-08,32.64,23.19,0.08
1985-04-09,33.18,22.98,0.04
1985-04-10,33.83,23.76,0.03
1985-04-11,33.19,23.57,0.01
1985-04-12,32.77,21.97,4
1985-04-13,32.9,21.84,0.02
1985-04-14,32.77,21.93,0.5
1985-04-15,32.95,24,0.03
1985-04-16,33.37,22.58,0.2
1985-04-17,33.3,22.78,2.53
1985-04-18,33.58,22.22,1.87
1985-04-19,32.95,21.98,0.5599999999999999
1985-04-20,32.82,21.45,0.36
1985-04-21,33.64,21.14,0
1985-04-22,33.57,22.19,0
1985-04-23,33.73,22.79,0
1985-04-24,33.89,22.78,0
1985-04-25,33.26,20.96,16.37
1985-04-26,32.24,21.15,0.5
1985-04-27,33.98,21.43,0
1985-04-28,33.88,22.22,0
1985-04-29,33.47,22.29,0.23
1985-04-30,34.24,22.01,0.01
1985-05-01,34.23,21.07,0
1985-05-02,34.23,20.94,0
1985-05-03,34.3,21.89,0
1985-05-04,34.55,22.07,0
1985-05-05,34.63,22.97,0
1985-05-06,33.61,23.07,0.25
1985-05-07,34.36,22.34,0
1985-05-08,34.04,21.82,0
1985-05-09,34.23,21.6,0
1985-05-10,34.96,22.41,0
1985-05-11,33.97,23.05,0.01
1985-05-12,33.39,22.39,2.9
1985-05-13,33.2,21.75,15.85
1985-05-14,32.51,21.73,17.35
1985-05-15,31.5,21.17,19.169999999999998
1985-05-16,32.34,21.52,0.12
1985-05-17,32.45,21.73,0
1985-05-18,33.01,21.96,0
1985-05-19,33.8,22.02,0.53
1985-05-20,32.13,21.09,22.71
1985-05-21,31.23,21.37,2.81
1985-05-22,30.1,22.08,3.63
1985-05-23,30.82,21.04,0.69
1985-05-24,30.95,20.62,0.08
1985-05-25,30.64,21.26,0.08
1985-05-26,31.53,21.43,0.12
1985-05-27,30.98,20.19,4.73
1985-05-28,29.88,20.49,0
1985-05-29,30.3,21.14,0.19
1985-05-30,31.35,20.57,3.31
1985-05-31,29.91,20.58,4.22
1985-06-01,30.03,20.99,6.29
1985-06-02,29.03,20.82,0.22
1985-06-03,29.72,20.76,2.69
1985-06-04,30.2,20.86,7.59
1985-06-05,28.22,20.17,3.78
1985-06-06,25.58,19.64,13.91
1985-06-07,27.66,20.11,3.14
1985-06-08,27.44,20.56,1.44
1985-06-09,28.95,20.73,1.2
1985-06-10,27.68,19.45,1.4100000000000001
1985-06-11,27.98,20.35,0.63
1985-06-12,28.26,20.44,0.99
1985-06-13,29.48,20.56,0.59
1985-06-14,27.66,20.65,2.02
1985-06-15,29.03,20.92,0.32
1985-06-16,27.72,20.55,0.13
1985-06-17,29.08,20.18,0.03
1985-06-18,27.2,20.72,3.27
1985-06-19,28.34,20.87,1.6300000000000001
1985-06-20,28.15,19.66,0.48000000000000004
1985-06-21,29.82,20.33,1.55
1985-06-22,28.48,20.89,1.3900000000000001
1985-06-23,28.91,20.29,5.09
1985-06-24,26.11,19.75,6.61
1985-06-25,24.54,19.88,9.35
1985-06-26,25.73,19.92,9.92
1985-06-27,25.92,20.12,11.65
1985-06-28,25.15,20.74,3.64
1985-06-29,26.93,20.25,1.3
1985-06-30,27.31,19.56,0.39
1985-07-01,27.11,19.68,1.2
1985-07-02,27.42,20.55,0.92
1985-07-03,27.06,20.51,1.07
1985-07-04,27.55,20.6,0.73
1985-07-05,28.24,20.02,0.89
1985-07-06,28.89,20.2,0.32
1985-07-07,28,20.13,0.74
1985-07-08,27.86,20.14,1.51
1985-07-09,27.29,20.45,0.72
1985-07-10,25.79,20.59,0.47
1985-07-11,28.06,19.99,0.52
1985-07-12,28.78,20.21,0.06
1985-07-13,29.43,19.86,0.79
1985-07-14,29.1,20.16,1.64
1985-07-15,27.59,19.97,0.39
1985-07-16,26.88,19.44,1.47
1985-07-17,28.49,19.9,0.18000000000000002
1985-07-18,27.55,19.38,0.52
1985-07-19,27.69,19.14,0.35
1985-07-20,26.33,19.52,0.8300000000000001
1985-07-21,25.51,19.18,14.66
1985-07-22,24.77,19,10.99
1985-07-23,27.38,19.05,0.83
1985-07-24,26.73,19.12,1.3
1985-07-25,23.73,18.54,8.67
1985-07-26,22.61,18.45,18.06
1985-07-27,25,18.34,7.8100000000000005
1985-07-28,27.04,19.21,3.17
1985-07-29,27.86,19.61,0.97
1985-07-30,26.32,19.65,1.08
1985-07-31,24.09,19.35,2.71
1985-08-01,25.29,18.93,12.38
1985-08-02,22.87,18.89,21.89
1985-08-03,25.15,19.11,0.73
1985-08-04,27.26,19.11,0.42
1985-08-05,26.76,19.18,0.96
1985-08-06,26.37,19.05,1.6600000000000001
1985-08-07,25.84,19.04,0.3
1985-08-08,26.69,19.12,0.47
1985-08-09,26.17,19.72,5.37
1985-08-10,25.07,19.75,1.74
1985-08-11,26.43,19.58,0.5
1985-08-12,26.08,19.48,3.08
1985-08-13,26.17,19.64,1.67
1985-08-14,24.77,19.44,4.33
1985-08-15,25.02,20.13,4.95
1985-08-16,26.69,20.38,0.87
1985-08-17,27.23,19.76,1.14
1985-08-18,27.09,19.78,1.28
1985-08-19,27.7,19.5,0.27
1985-08-20,27.37,19.66,2.4899999999999998
1985-08-21,28.36,20,0.07
1985-08-22,27.71,19.88,2.59
1985-08-23,28.33,19.52,7.590000000000001
1985-08-24,27.79,19.39,0.15
1985-08-25,27.27,19.52,0.6900000000000001
1985-08-26,27.02,19.51,0.37
1985-08-27,27.03,19.3,0.73
1985-08-28,25.46,18.58,2.15
1985-08-29,27.25,18.57,0.18
1985-08-30,27.27,19.42,0.74
1985-08-31,27.25,19.07,0.09
1985-09-01,28.08,18.91,0.36
1985-09-02,29.4,19.85,0.76
1985-09-03,27.52,19.86,1.31
1985-09-04,27.31,19.7,0.03
1985-09-05,28,18.72,0.75
1985-09-06,26.95,19.08,0.8200000000000001
1985-09-07,26.51,19.35,1.68
1985-09-08,27.49,19.38,3.44
1985-09-09,27.23,19.63,5.01
1985-09-10,27.5,19.82,0.24
1985-09-11,26.66,19.74,3.42
1985-09-12,25.89,18.69,0.45
1985-09-13,28.28,18.54,0.1
1985-09-14,28.01,18.58,0.31
1985-09-15,28.17,18.74,0.03
1985-09-16,28.39,19.07,0.09
1985-09-17,28.88,19.6,0.5700000000000001
1985-09-18,29.12,19.39,1.17
1985-09-19,29,20.1,2.11
1985-09-20,28.57,19.45,0.02
1985-09-21,29.37,19.14,0.03
1985-09-22,29.6,19.62,0
1985-09-23,29.46,19.41,0.34
1985-09-24,27.88,20.03,16.080000000000002
1985-09-25,26.91,20.33,1.67
1985-09-26,27.13,20.59,3.89
1985-09-27,28.11,20.16,14.42
1985-09-28,28.72,19.63,1.8900000000000001
1985-09-29,28.23,19.15,6.63
1985-09-30,27.54,19.57,5.33
1985-10-01,23.84,19.4,4.57
1985-10-02,26.25,19.42,7.89
1985-10-03,26.39,19.86,3.8
1985-10-04,26.49,20.21,1
1985-10-05,27.05,19.72,2.46
1985-10-06,27.06,19.35,0.88
1985-10-07,28.08,18.63,0
1985-10-08,28.19,18.7,0
1985-10-09,26.94,19.09,7.36
1985-10-10,26.03,19.06,9.54
1985-10-11,26.87,18.76,0.01
1985-10-12,28.04,18.62,0.060000000000000005
1985-10-13,26.95,19.35,1.5
1985-10-14,27.02,19.48,2.47
1985-10-15,27.02,17.79,0.37
1985-10-16,27.25,18.03,0
1985-10-17,27.39,18.23,0.17
1985-10-18,27.84,19.01,0.79
1985-10-19,24.64,19.47,2.4
1985-10-20,27.09,19.07,0.08
1985-10-21,27.16,17.2,0
1985-10-22,27.53,15.4,0
1985-10-23,27.5,15.35,0
1985-10-24,27.25,15.56,0
1985-10-25,27.9,16.32,0.55
1985-10-26,26.58,17.57,0.79
1985-10-27,26.61,17.54,0.3
1985-10-28,27.87,17.79,0
1985-10-29,27.09,17.18,0
1985-10-30,27.41,17.68,0
1985-10-31,27.05,16.81,0.16999999999999998
1985-11-01,27.49,15.87,0
1985-11-02,27.45,15.83,0
1985-11-03,25.13,16.34,3.25
1985-11-04,25.22,19.47,15.15
1985-11-05,25.07,19.26,6.36
1985-11-06,25.08,19.31,5.12
1985-11-07,25.18,18.73,3.62
1985-11-08,24.28,18.8,14.23
1985-11-09,23.56,18.18,1.72
1985-11-10,23.01,17.39,9.040000000000001
1985-11-11,22.08,18.17,2.44
1985-11-12,23.12,17.66,5.97
1985-11-13,21.29,15.9,7.32
1985-11-14,25.89,13.89,0
1985-11-15,25.18,13.44,0
1985-11-16,25.55,14.41,0
1985-11-17,27.06,16.42,0
1985-11-18,27.31,18.19,0.02
1985-11-19,27.09,18.68,0.3
1985-11-20,26.61,18.29,0.45
1985-11-21,27.3,16.81,0.3
1985-11-22,27.41,15.06,0
1985-11-23,26.82,14.07,0
1985-11-24,27.03,14.35,0
1985-11-25,25.2,15.18,0
1985-11-26,25.09,14.88,0
1985-11-27,24.83,13.16,0
1985-11-28,25.38,12.86,0
1985-11-29,25.21,12.46,0
1985-11-30,25.1,12.28,0
1985-12-01,23.18,16.33,0.46
1985-12-02,24.39,19.06,4.55
1985-12-03,25.04,17.46,1.1600000000000001
1985-12-04,26.43,16.69,0
1985-12-05,26.98,16.35,0
1985-12-06,26.85,16.43,0
1985-12-07,27.04,16.46,0
1985-12-08,27.26,16.46,0
1985-12-09,27.84,16.25,0
1985-12-10,26.73,15.76,0
1985-12-11,26.79,15.68,0
1985-12-12,27.02,15.49,0
1985-12-13,26.57,16.27,0.75
1985-12-14,24.32,18.62,0.74
1985-12-15,26.41,18.78,1.94
1985-12-16,26.6,17.84,2.17
1985-12-17,27.52,17.38,0.02
1985-12-18,27.71,16.86,0
1985-12-19,28.45,14.87,0
1985-12-20,27.92,14.81,0
1985-12-21,26.75,15.18,0
1985-12-22,26.48,15.67,0
1985-12-23,26.63,15.2,0
1985-12-24,26.45,14.64,0
1985-12-25,26.55,14.43,0
1985-12-26,27.22,17.05,0.01
1985-12-27,27.39,17.67,0
1985-12-28,28.61,14.56,0
1985-12-29,27.54,14.16,0
1985-12-30,27.54,14.68,0
1985-12-31,26.83,14.54,0
1986-01-01,26.94,14.46,0
1986-01-02,27.12,14.38,0
1986-01-03,26.16,14.26,0
1986-01-04,26.58,13.5,0
1986-01-05,26.48,13.5,0
1986-01-06,25.66,12.99,0
1986-01-07,24.52,13.34,0
1986-01-08,26.37,15.89,0
1986-01-09,26.27,16.49,0.23
1986-01-10,26.43,17.72,0.05
1986-01-11,24.32,17.36,0.38
1986-01-12,23.22,17.97,1.1300000000000001
1986-01-13,20.65,16.4,1.81
1986-01-14,23.3,16.56,5.04
1986-01-15,25.11,17.35,5.87
1986-01-16,23.16,13.93,0.5700000000000001
1986-01-17,25.79,14.53,0
1986-01-18,25.94,15.41,0
1986-01-19,25.22,17.53,0.16
1986-01-20,24.84,17.58,0.77
1986-01-21,26.39,14.73,0.06
1986-01-22,26.76,14.71,0
1986-01-23,26.8,15.02,0
1986-01-24,28.06,15.67,0
1986-01-25,28.1,15.36,0
1986-01-26,27.39,14.59,0
1986-01-27,26.63,15.44,0
1986-01-28,26.64,16.15,0
1986-01-29,28.16,16.8,0
1986-01-30,28.3,17.51,0
1986-01-31,28.1,18.22,0.01
1986-02-01,28.78,18.21,0
1986-02-02,28.07,18.19,0.14
1986-02-03,29.27,16.49,0
1986-02-04,29.85,16.18,0
1986-02-05,29.91,16.08,0
1986-02-06,28.76,15.44,0
1986-02-07,27.74,15.51,0
1986-02-08,28.63,17.84,0.01
1986-02-09,28.51,17.98,0.32999999999999996
1986-02-10,28.07,17.8,0.18
1986-02-11,29.24,17.84,0
1986-02-12,28.79,18.38,0.09
1986-02-13,28.24,19.59,1.07
1986-02-14,28.09,19.77,1.52
1986-02-15,27.27,18.84,1.39
1986-02-16,29.19,17.22,0.02
1986-02-17,29.29,18.26,0.32
1986-02-18,28.06,20.03,1.1300000000000001
1986-02-19,28.21,18.85,5.25
1986-02-20,29.03,18.65,0.14
1986-02-21,29.05,17.05,0
1986-02-22,29.16,14.34,0
1986-02-23,29.54,14.11,0
1986-02-24,28.71,14.96,0
1986-02-25,28.31,18.27,0.03
1986-02-26,29.57,17.33,0
1986-02-27,29.51,16.5,0
1986-02-28,29.03,17.04,0
1986-03-01,29.43,17.27,0
1986-03-02,29.51,17.17,0
1986-03-03,29.18,17.37,0
1986-03-04,30.27,19.06,0
1986-03-05,29.79,18.31,0
1986-03-06,30.83,18.76,0
1986-03-07,30.94,18.34,0
1986-03-08,30.97,18.38,0
1986-03-09,30.9,19,0
1986-03-10,28.7,20,0.07
1986-03-11,29.49,19.96,0.9400000000000001
1986-03-12,30.72,20.3,0.17
1986-03-13,32.08,19.13,0
1986-03-14,32.73,19.29,0
1986-03-15,34.01,19.52,0
1986-03-16,34.27,21.55,0
1986-03-17,33.94,21.58,0
1986-03-18,33.18,22.04,0
1986-03-19,33.28,21.9,0
1986-03-20,31.56,22.04,0.02
1986-03-21,32.58,22.46,0
1986-03-22,33.79,21.27,0
1986-03-23,33.21,20.69,0
1986-03-24,33.92,21.45,0
1986-03-25,33.85,19.9,0
1986-03-26,33.46,19.64,0
1986-03-27,34.51,19.74,0
1986-03-28,34.29,19.69,0
1986-03-29,34.12,21.37,0
1986-03-30,33.27,21.14,0
1986-03-31,33.77,21.88,0
1986-04-01,32.85,22.31,0.01
1986-04-02,34.44,22.07,0
1986-04-03,33.62,21.33,0
1986-04-04,33.87,19.92,0
1986-04-05,34.31,19.25,0
1986-04-06,34.05,19.07,0
1986-04-07,34.08,20.97,0
1986-04-08,34.08,21.46,0
1986-04-09,34.41,21.53,0
1986-04-10,35.22,22.38,0
1986-04-11,34.18,22.15,0
1986-04-12,34.25,21.34,0
1986-04-13,35.05,21.7,0
1986-04-14,33.91,21.99,0
1986-04-15,35.09,22.13,0
1986-04-16,34.66,22.63,0
1986-04-17,34.9,23.66,0.05
1986-04-18,34.2,22.55,5.43
1986-04-19,33.61,22.74,0.04
1986-04-20,34.1,22.62,0
1986-04-21,34.75,22.67,0.18
1986-04-22,34.99,22.41,0.05
1986-04-23,33.22,23.03,0.01
1986-04-24,33.8,22.64,0.02
1986-04-25,34.85,22.93,0.01
1986-04-26,33.68,23.17,0.11
1986-04-27,33.75,22.51,0.35
1986-04-28,33.98,22.35,7.62
1986-04-29,33.18,22.61,2.85
1986-04-30,32.6,22.74,0.17
1986-05-01,31.13,22.03,10.01
1986-05-02,30.51,22.08,11.01
1986-05-03,31.88,21.38,0.44
1986-05-04,31.75,21.97,0.28
1986-05-05,32.38,22.07,1.05
1986-05-06,32.39,21.09,14.92
1986-05-07,31.98,21.49,0
1986-05-08,33.02,20.86,0
1986-05-09,33.18,20.81,0.02
1986-05-10,32.42,21.71,0.01
1986-05-11,32.92,22.28,0.26
1986-05-12,33.78,22.22,0.58
1986-05-13,33.99,22.49,0.29000000000000004
1986-05-14,33.31,21.53,3
1986-05-15,32.2,21.27,8.1
1986-05-16,32.23,21.86,0.18
1986-05-17,33.34,20.86,0
1986-05-18,33.82,20.84,0
1986-05-19,32.88,20.85,0
1986-05-20,33.11,21.19,0
1986-05-21,34.11,22.14,0
1986-05-22,33.4,22.77,0.02
1986-05-23,34.14,22.76,3.25
1986-05-24,33.5,21.98,1.49
1986-05-25,33.47,22.27,0.1
1986-05-26,34.46,21.95,0.42000000000000004
1986-05-27,33.37,21.84,0.53
1986-05-28,34.35,22.52,0.19
1986-05-29,33.02,20.98,0.48
1986-05-30,32.22,21.01,4.26
1986-05-31,30.13,20.99,18.76
1986-06-01,30.59,21.09,2.61
1986-06-02,31.67,21.21,0.17
1986-06-03,30.62,20.56,0.51
1986-06-04,29.57,20.21,1.07
1986-06-05,30.27,20.37,4.26
1986-06-06,31.54,20.53,1.96
1986-06-07,31.97,20.92,2.3200000000000003
1986-06-08,30.87,21.57,1.29
1986-06-09,30.41,20.69,0.18
1986-06-10,30.86,20.55,0.54
1986-06-11,32.18,20.83,0.09999999999999999
1986-06-12,32.29,21.58,9.05
1986-06-13,31.7,21.32,12.69
1986-06-14,29.19,21.6,0.43
1986-06-15,28.69,20.55,1.71
1986-06-16,26.51,20.09,1.93
1986-06-17,25.52,20.25,2.15
1986-06-18,27.92,20.48,0.82
1986-06-19,27.77,20.25,4.64
1986-06-20,24.4,20.08,13.84
1986-06-21,26.23,20.86,0.94
1986-06-22,27.78,20.51,0.54
1986-06-23,26.63,20.8,0.53
1986-06-24,26.52,21.27,1.67
1986-06-25,27.84,21.41,0.3
1986-06-26,28.17,21.08,0.37
1986-06-27,27.79,20.78,0.93
1986-06-28,26.95,19.57,3.39
1986-06-29,26.87,20.02,0.38
1986-06-30,27.59,20.6,0.65
1986-07-01,28.7,20.33,1.16
1986-07-02,29.06,20.39,1.54
1986-07-03,29.63,20.93,3.16
1986-07-04,30.15,20.92,0.08
1986-07-05,28.82,20.78,0.34
1986-07-06,28.76,20.98,0.29
1986-07-07,28.45,20.35,0.38
1986-07-08,28.03,19.93,0.23
1986-07-09,29.9,20.02,0.03
1986-07-10,29.77,19.86,0.01
1986-07-11,29.8,20.47,0.26
1986-07-12,29.69,20.81,5.84
1986-07-13,26.11,20.13,3.02
1986-07-14,25.62,19.63,3.99
1986-07-15,25.2,19.54,0.89
1986-07-16,25.84,20.59,1.42
1986-07-17,25,21.01,2.52
1986-07-18,25.71,20.22,0.58
1986-07-19,27.04,20.77,0.98
1986-07-20,26.83,20.39,0.5800000000000001
1986-07-21,25.77,19.91,0.31
1986-07-22,27.18,20.1,0.74
1986-07-23,26.63,20.77,0.52
1986-07-24,27.08,19.75,0.77
1986-07-25,27.3,19.52,0.64
1986-07-26,28.66,19.76,0.6
1986-07-27,28.9,19.92,0.06
1986-07-28,29.54,19.32,0.18
1986-07-29,30.96,19.06,0.09
1986-07-30,29.97,20.26,0.77
1986-07-31,27.02,19.95,2.32
1986-08-01,26.67,19.64,6.51
1986-08-02,28.97,19.61,1.9200000000000002
1986-08-03,27.73,19.58,4.27
1986-08-04,25.81,19.47,10.71
1986-08-05,24.12,19.3,3.66
1986-08-06,24.3,19.87,2.73
1986-08-07,23.44,19.99,5.52
1986-08-08,26.86,20.62,3.5300000000000002
1986-08-09,26.09,20.35,0.44
1986-08-10,24.92,20.3,4.63
1986-08-11,25.5,20,8.91
1986-08-12,24.48,19.26,3.0500000000000003
1986-08-13,24.36,19.79,0.74
1986-08-14,27.63,19.03,0.99
1986-08-15,26.79,19.06,0.11
1986-08-16,28.15,19.5,0.12
1986-08-17,28.32,19.2,0.1
1986-08-18,27.54,19.16,0.18000000000000002
1986-08-19,27.73,19.02,0.16999999999999998
1986-08-20,27.62,19.04,0.07
1986-08-21,26.87,17.9,0.2
1986-08-22,28.25,18.58,0
1986-08-23,29.25,18.98,0
1986-08-24,28.56,19.52,0.76
1986-08-25,28.56,20.56,0.76
1986-08-26,28.14,19.44,0.25
1986-08-27,29.17,18.98,0.03
1986-08-28,28.69,19.2,0.21
1986-08-29,29.32,20.56,0.25
1986-08-30,29.54,19.58,0.18
1986-08-31,30.59,19.97,0
1986-09-01,29.02,20.12,10.16
1986-09-02,29.77,20.18,8.61
1986-09-03,28.04,19.69,0.12
1986-09-04,28.5,18.43,0.02
1986-09-05,27.34,18.37,0
1986-09-06,27.12,19.21,1.07
1986-09-07,28.28,18.95,0.27
1986-09-08,28.14,19.19,0.13
1986-09-09,27.15,19.69,0.59
1986-09-10,26.82,19.56,0.35000000000000003
1986-09-11,29.01,19.67,0.16
1986-09-12,29.3,19.47,0.12
1986-09-13,28.86,19.41,0.28
1986-09-14,29.77,19.96,11.03
1986-09-15,28.69,19.57,11.36
1986-09-16,27.44,19.25,18.5
1986-09-17,27.58,19.31,7.63
1986-09-18,27.69,19.85,2.86
1986-09-19,28.44,19.89,9.16
1986-09-20,27.32,19.68,14.88
1986-09-21,27.5,19.97,7.03
1986-09-22,26.86,19.68,6.03
1986-09-23,26.24,20.21,14.08
1986-09-24,27.67,20.09,6.07
1986-09-25,26.93,20.14,7.62
1986-09-26,27.28,20.04,5.6499999999999995
1986-09-27,27.81,19.99,18.38
1986-09-28,27.84,19.88,18.23
1986-09-29,27.6,20.61,8.1
1986-09-30,26.18,20.09,4.06
1986-10-01,27.08,19.85,8.7
1986-10-02,28.27,19.64,1.84
1986-10-03,27.95,19.81,4.56
1986-10-04,27.74,20.28,6.42
1986-10-05,28.11,20.49,0.33
1986-10-06,26.8,20.63,1.16
1986-10-07,26.48,20.27,12.06
1986-10-08,26.81,20.2,4.59
1986-10-09,27.25,19.65,1.2
1986-10-10,27.71,19.37,0.11
1986-10-11,28.59,17.96,0.05
1986-10-12,28.16,19,0.4
1986-10-13,28.27,19.78,0.27
1986-10-14,28.61,18.61,0.11
1986-10-15,29.77,18.35,0
1986-10-16,28.83,18.52,0.08
1986-10-17,29.04,18.67,0.6
1986-10-18,27.87,17.6,0
1986-10-19,27.38,16.22,0
1986-10-20,27.48,14.55,0
1986-10-21,28.24,16.36,0
1986-10-22,28.84,17.53,0
1986-10-23,27.26,18.66,0.34
1986-10-24,28.22,18.09,0
1986-10-25,27.27,18.41,0.02
1986-10-26,25.54,19.87,15.81
1986-10-27,25.76,18.77,10.31
1986-10-28,24.95,18.12,4.48
1986-10-29,24.02,18.82,2.41
1986-10-30,24.08,19.42,12.06
1986-10-31,26.48,18.88,11.45
1986-11-01,26.75,19.56,23.5
1986-11-02,24.19,19.43,4.63
1986-11-03,25.42,19.44,6.9
1986-11-04,26.13,18.79,12.790000000000001
1986-11-05,25.14,19.51,21.41
1986-11-06,22.91,19,25.11
1986-11-07,25.28,19.45,10.73
1986-11-08,25.79,19.14,3.29
1986-11-09,27.15,19.95,4.529999999999999
1986-11-10,27.22,19.93,17.06
1986-11-11,28.07,18.03,0.29000000000000004
1986-11-12,28.03,18.4,0.03
1986-11-13,26.91,18.39,1.29
1986-11-14,27.26,15.06,0
1986-11-15,26.28,15.33,0
1986-11-16,26.88,13.59,0
1986-11-17,27.2,14.57,0
1986-11-18,26.31,14.8,0
1986-11-19,24.9,15.36,0
1986-11-20,24.49,15.29,0
1986-11-21,25.39,15.72,0
1986-11-22,24.5,16.41,0.16
1986-11-23,26.12,16.78,0
1986-11-24,24.65,16.94,0
1986-11-25,24.31,16.51,0
1986-11-26,24.97,16.82,0.05
1986-11-27,25.04,17.64,0.38
1986-11-28,25.45,18.03,0
1986-11-29,24.32,17.37,0.43
1986-11-30,26.14,17.25,0
1986-12-01,24.65,18.46,0.08
1986-12-02,24.33,18.98,3.5700000000000003
1986-12-03,25.24,13.45,0
1986-12-04,24.6,13.87,0
1986-12-05,25.57,13.53,0
1986-12-06,26.37,11.81,0
1986-12-07,25.76,12.31,0
1986-12-08,24.96,17.82,1.67
1986-12-09,26.87,19.16,0.13
1986-12-10,27.19,19.17,0.28
1986-12-11,26.37,18.92,0.13
1986-12-12,26.85,18.8,0.04
1986-12-13,26.8,18.34,0
1986-12-14,27.48,17.31,0
1986-12-15,27.45,16.58,0
1986-12-16,25.95,14.78,0
1986-12-17,25.59,14.09,0
1986-12-18,25.75,14.32,0
1986-12-19,25.08,16.18,0.23
1986-12-20,26.43,17.61,0.02
1986-12-21,26.18,18.63,0.48000000000000004
1986-12-22,25.33,18.1,0.11
1986-12-23,26.54,16.69,0
1986-12-24,26.66,16.53,0
1986-12-25,26.31,17.75,0.6900000000000001
1986-12-26,25.64,18.47,3.31
1986-12-27,22.12,16.89,5.17
1986-12-28,25.71,16.83,0.02
1986-12-29,26.1,17.12,0.02
1986-12-30,26.5,18.07,0
1986-12-31,26.58,16.75,0.03
1987-01-01,26.24,14.72,0
1987-01-02,25.79,13.78,0
1987-01-03,27.04,13.42,0
1987-01-04,24.49,14.09,0
1987-01-05,26.26,13.78,0
1987-01-06,25.4,14.11,0
1987-01-07,26.06,15.13,0
1987-01-08,27.27,17.26,0
1987-01-09,27.38,17.47,0.04
1987-01-10,27.79,19.58,0.21
1987-01-11,26.4,18.41,0.71
1987-01-12,28,18.68,0.05
1987-01-13,26.69,18.42,0.91
1987-01-14,27.25,16.5,0
1987-01-15,27.92,16.32,0
1987-01-16,26.94,15.17,0
1987-01-17,27.04,15.26,0
1987-01-18,26.17,15.3,0.01
1987-01-19,26.14,15.71,0
1987-01-20,25.83,14.4,0.01
1987-01-21,26.56,14.63,0
1987-01-22,27.22,15.33,0
1987-01-23,27.57,17.04,0
1987-01-24,27.72,15.14,0
1987-01-25,27.88,15.68,0
1987-01-26,27.59,15.32,0
1987-01-27,28.23,13.5,0
1987-01-28,27.34,14.32,0
1987-01-29,28.31,13.92,0
1987-01-30,28.69,13.6,0
1987-01-31,27.65,13.7,0
1987-02-01,27.79,13.56,0
1987-02-02,28.73,15.44,0
1987-02-03,28.04,15.88,0
1987-02-04,27.48,15.71,0
1987-02-05,27.15,15.04,0
1987-02-06,26.92,15.15,0
1987-02-07,26.79,15.04,0
1987-02-08,26.67,14.43,0
1987-02-09,27.5,14.68,0
1987-02-10,27.92,14.66,0
1987-02-11,27.89,14.74,0
1987-02-12,27.21,14.61,0
1987-02-13,28.1,14.38,0
1987-02-14,28.19,14.7,0
1987-02-15,28.71,14.87,0
1987-02-16,29.19,16.98,0
1987-02-17,28.54,16.89,0
1987-02-18,28.91,17.39,0
1987-02-19,29.35,18.78,0
1987-02-20,30.5,16.29,0
1987-02-21,29.8,16.83,0
1987-02-22,30.4,16.82,0
1987-02-23,31.08,17.12,0
1987-02-24,31.39,17.28,0
1987-02-25,30.96,17.88,0
1987-02-26,30.56,18.26,0
1987-02-27,30.06,18.77,0
1987-02-28,29.66,19.28,0
1987-03-01,28.6,17.88,0.79
1987-03-02,30,17.26,0
1987-03-03,30.46,17.15,0
1987-03-04,30.8,17.15,0
1987-03-05,30.29,16.72,0
1987-03-06,30.25,15.94,0
1987-03-07,30.27,15.69,0
1987-03-08,30.65,17.06,0
1987-03-09,31.2,16.39,0
1987-03-10,31.88,18.61,0
1987-03-11,30.11,18.85,0.28
1987-03-12,30.63,18.56,0
1987-03-13,32.11,19.83,0.09
1987-03-14,31.31,19.82,0.62
1987-03-15,29.63,20.51,0.5
1987-03-16,30.54,21.72,0.26
1987-03-17,30.64,20.62,0.02
1987-03-18,32.42,21.03,0
1987-03-19,31.8,20.99,0
1987-03-20,31.35,20.7,0.26
1987-03-21,31.74,20.49,0.19
1987-03-22,32.1,20.09,0
1987-03-23,33.04,18.99,0
1987-03-24,31.38,17.25,0
1987-03-25,31.6,16.96,0
1987-03-26,32.98,16.93,0
1987-03-27,33.32,17.61,0
1987-03-28,33.84,18.4,0
1987-03-29,33.8,18.14,0
1987-03-30,33.17,18.61,0
1987-03-31,33.08,18.35,0
1987-04-01,33.96,18.68,0
1987-04-02,33.19,18.08,0
1987-04-03,34.32,19.65,0
1987-04-04,33.94,20.75,0
1987-04-05,34.96,21.95,0
1987-04-06,34.63,22.09,0
1987-04-07,33.19,22.41,0
1987-04-08,33.42,23.47,0.05
1987-04-09,34.3,23.41,0
1987-04-10,34.33,22.35,0
1987-04-11,35.1,22.05,0
1987-04-12,34.62,21.77,0
1987-04-13,34.92,22.24,0
1987-04-14,34.95,23.57,0
1987-04-15,35.06,21.12,0
1987-04-16,33.59,20.9,0
1987-04-17,34.05,20.23,0
1987-04-18,34.59,20.42,0
1987-04-19,33.37,20.55,0
1987-04-20,35.3,20.17,0
1987-04-21,36.19,20.27,0
1987-04-22,35.23,20.8,0
1987-04-23,34.29,23.57,0.06
1987-04-24,34.29,23.58,0
1987-04-25,33.95,24.26,0.04
1987-04-26,33.75,23.22,4.97
1987-04-27,32.73,20.94,0.54
1987-04-28,32.11,21.47,0.93
1987-04-29,31.97,20.92,1.92
1987-04-30,31.98,21.65,0.06
1987-05-01,33.55,22.05,0.07
1987-05-02,32.84,22.21,2.86
1987-05-03,34.34,21.69,0
1987-05-04,34.48,20.64,0
1987-05-05,33.74,20.75,0
1987-05-06,34.15,21.02,0
1987-05-07,33.56,21.22,0
1987-05-08,34.94,22.3,0
1987-05-09,33.79,22.19,0
1987-05-10,34.3,22.43,0
1987-05-11,33.42,23.52,0
1987-05-12,33.22,21.47,0
1987-05-13,31.47,21.63,0.32
1987-05-14,33.51,21.79,0.01
1987-05-15,33.26,21.87,0.04
1987-05-16,32.08,22.18,2.09
1987-05-17,34.05,21.72,0.05
1987-05-18,33.56,22.23,0.16
1987-05-19,32.98,21.86,0.03
1987-05-20,33.3,21.71,0.06999999999999999
1987-05-21,33.98,23.5,0.01
1987-05-22,34.84,21.55,1.17
1987-05-23,34,22.12,0.34
1987-05-24,33.89,23.06,0.07
1987-05-25,34.48,23.86,0.01
1987-05-26,34.04,23.21,0.03
1987-05-27,32.88,22.38,1.04
1987-05-28,33.02,21.24,8.37
1987-05-29,31.24,21.78,5.18
1987-05-30,32.66,23.01,0.53
1987-05-31,34.08,22.68,0.2
1987-06-01,32.84,22.19,10.61
1987-06-02,30.6,22.22,9.05
1987-06-03,30.65,19.96,3.37
1987-06-04,30.71,20.63,0.21
1987-06-05,27.61,20.61,0.72
1987-06-06,30.95,21.69,0.2
1987-06-07,30.75,21.46,0.03
1987-06-08,30.05,21.15,0.87
1987-06-09,27.97,21.09,0.22
1987-06-10,29.3,20.78,0.5700000000000001
1987-06-11,28.7,20.8,3.81
1987-06-12,29.93,20.92,2.4
1987-06-13,27.59,21.12,2.73
1987-06-14,28.63,21.45,1.02
1987-06-15,29.02,22.18,0.63
1987-06-16,29.71,21.53,0.31
1987-06-17,29.54,21.36,0.71
1987-06-18,29.67,21.02,0.52
1987-06-19,29.93,20.98,0.22
1987-06-20,28.75,20.12,1.95
1987-06-21,29.03,20.18,2.54
1987-06-22,29.86,20.77,1.52
1987-06-23,30.81,21.24,23.099999999999998
1987-06-24,28.62,20.62,3.55
1987-06-25,29.29,20.91,10.08
1987-06-26,27.89,20.9,4.01
1987-06-27,26.57,20.71,4.0600000000000005
1987-06-28,26.24,20.83,2.85
1987-06-29,26.76,20.25,0.54
1987-06-30,27.41,20.33,0.2
1987-07-01,27.28,20.69,0.73
1987-07-02,26.79,20.92,0.35000000000000003
1987-07-03,27.05,21.31,0.68
1987-07-04,27.94,20.77,0.37
1987-07-05,26.92,20.51,0.2
1987-07-06,29.07,20.56,0.93
1987-07-07,26.98,20.89,0.17
1987-07-08,26.52,21.26,0.54
1987-07-09,28.19,21.13,1.33
1987-07-10,28.84,20.56,0.36
1987-07-11,27.73,20.41,0.6799999999999999
1987-07-12,28.41,19.91,0.35
1987-07-13,29.11,19.67,0.32
1987-07-14,29.66,20.71,0.25
1987-07-15,29.52,20.42,0.02
1987-07-16,30.17,20.33,0.12000000000000001
1987-07-17,29.32,20.75,0.14
1987-07-18,29.95,20.54,0.76
1987-07-19,29.18,20.55,0.16
1987-07-20,30.12,20.28,0.34
1987-07-21,30.76,20.96,0.09
1987-07-22,31.2,20.74,0.05
1987-07-23,31.61,21.21,0.01
1987-07-24,31.68,20.98,0.02
1987-07-25,32.25,20.75,0
1987-07-26,29.8,19.8,0
1987-07-27,31.89,19.32,0
1987-07-28,31.58,20.41,0
1987-07-29,31.88,21.72,1.85
1987-07-30,31.86,21.65,3.23
1987-07-31,30.59,21.32,0.22000000000000003
1987-08-01,31.13,21.14,0
1987-08-02,31.29,21.25,3.1
1987-08-03,30.34,20.99,3.44
1987-08-04,28.41,20.49,9.58
1987-08-05,26.91,20.62,0.91
1987-08-06,28.49,20.32,11.24
1987-08-07,27.19,19.8,1.6600000000000001
1987-08-08,28.55,19.55,0.25
1987-08-09,28.47,19.3,2.04
1987-08-10,27.55,19.35,8.8
1987-08-11,28.04,19.74,4.93
1987-08-12,28.18,19.95,5.4
1987-08-13,27.77,19.77,5.98
1987-08-14,23.84,19.71,16.45
1987-08-15,26.01,19.73,7.17
1987-08-16,26.41,20.71,3.73
1987-08-17,27.26,20.99,4.91
1987-08-18,27.28,20.64,6.64
1987-08-19,26.52,20.81,3.6
1987-08-20,26.74,21.25,3.69
1987-08-21,28.31,20.67,0.92
1987-08-22,27.58,20.95,0.55
1987-08-23,28.77,20.82,1.9000000000000001
1987-08-24,26.11,21.09,1.9100000000000001
1987-08-25,26.61,21.11,4.07
1987-08-26,27.03,21.47,0.68
1987-08-27,27.97,20.99,1.12
1987-08-28,27.88,19.95,0.44
1987-08-29,28.4,19.78,0.37
1987-08-30,28.32,19.7,0.21
1987-08-31,29.54,19.71,0.01
1987-09-01,30.11,19.86,0.34
1987-09-02,28.33,19.63,0.07
1987-09-03,27.79,19.54,0.79
1987-09-04,26.75,20.19,6.69
1987-09-05,28.48,20.55,0.21000000000000002
1987-09-06,28.14,20.39,0.63
1987-09-07,29.9,20.08,0
1987-09-08,29.72,19.76,0
1987-09-09,29.15,19.7,0.14
1987-09-10,29.61,20.13,0
1987-09-11,29.56,20.12,0.06
1987-09-12,30.4,19.99,0.33
1987-09-13,29.46,20.73,4.13
1987-09-14,29.47,20.72,5.26
1987-09-15,30.32,21.12,0.95
1987-09-16,27.97,20.97,6.640000000000001
1987-09-17,29.89,20.98,0.9500000000000001
1987-09-18,29.69,21.69,0.35
1987-09-19,30.15,20.51,6.79
1987-09-20,28.79,20.27,7.3500000000000005
1987-09-21,28.67,20.21,3.82
1987-09-22,28.86,20.48,15.16
1987-09-23,27.75,20.81,7.76
1987-09-24,26.94,20.18,15.12
1987-09-25,27.78,20.53,0.29000000000000004
1987-09-26,28.78,20.78,0.81
1987-09-27,28.14,19.91,0.57
1987-09-28,27.34,19.71,14.64
1987-09-29,27.26,20.06,0.89
1987-09-30,26.95,20.66,8.6
1987-10-01,28.26,20.33,4.22
1987-10-02,27.86,20.39,2.52
1987-10-03,27.31,20.33,1.94
1987-10-04,28.62,20.63,3.9099999999999997
1987-10-05,28.44,20.98,3.2800000000000002
1987-10-06,25.85,20.94,12.47
1987-10-07,25.61,20.56,5.53
1987-10-08,27.72,20.36,5.54
1987-10-09,25.35,20.35,20.14
1987-10-10,27.98,21.05,15.549999999999999
1987-10-11,28.04,19.55,21.7
1987-10-12,27.86,19.73,24.67
1987-10-13,27.16,19.42,8.05
1987-10-14,27.87,18.81,0.76
1987-10-15,27.29,18.66,0
1987-10-16,28.51,19.29,0.07
1987-10-17,27.92,19.51,2.53
1987-10-18,27.68,20.13,4.9399999999999995
1987-10-19,27.65,20.02,12.26
1987-10-20,27.11,21.17,7.38
1987-10-21,26.78,20.78,2.36
1987-10-22,27.43,20.49,0.11
1987-10-23,27.5,19.44,1.6900000000000002
1987-10-24,27.67,19.01,0.76
1987-10-25,27.12,19.71,2.17
1987-10-26,26.93,20.06,0.92
1987-10-27,27.06,18.8,0.51
1987-10-28,27.85,17.61,0
1987-10-29,26.99,18.71,1.61
1987-10-30,25.94,19.68,1.65
1987-10-31,26.95,18.51,0
1987-11-01,27,17.45,0
1987-11-02,26.22,18.35,0.29
1987-11-03,24.99,19.35,0.2
1987-11-04,27.31,18.65,0.5700000000000001
1987-11-05,25.46,19.57,4.15
1987-11-06,26.95,20.49,6.99
1987-11-07,27.9,19.57,0.19
1987-11-08,26.54,18.64,2.06
1987-11-09,25.73,15.36,0
1987-11-10,25.76,16.42,0.6900000000000001
1987-11-11,23.81,18.17,1.49
1987-11-12,24.31,18.99,0.36
1987-11-13,26.95,18.74,0
1987-11-14,24.97,18.66,3.37
1987-11-15,26.78,19.62,0.85
1987-11-16,28.65,19.89,0.12
1987-11-17,27.76,20.94,0.67
1987-11-18,28.21,20.53,1.83
1987-11-19,27.53,19.75,13.28
1987-11-20,26.49,19.58,0.29
1987-11-21,25.86,18.99,2.17
1987-11-22,26.75,18.84,2.44
1987-11-23,25.84,19.1,3.14
1987-11-24,26.06,19.16,5.41
1987-11-25,27.1,18.97,2.57
1987-11-26,27.64,15.63,0
1987-11-27,26.75,14.87,0
1987-11-28,25.3,13.49,0
1987-11-29,26.67,14.19,0
1987-11-30,26.19,14.55,0
1987-12-01,27.06,14.39,0
1987-12-02,27.68,16.21,0
1987-12-03,27.62,18.33,0.01
1987-12-04,23.97,19.02,2.1
1987-12-05,25.12,18.16,0.74
1987-12-06,24.05,18.69,16.96
1987-12-07,23.63,17.8,4.57
1987-12-08,23.12,17.91,9.31
1987-12-09,25.3,19.53,4.01
1987-12-10,24.79,20.06,2.41
1987-12-11,23.55,19.59,3.9499999999999997
1987-12-12,25.33,18.92,2.48
1987-12-13,26.62,19.08,0.81
1987-12-14,25.41,19.12,5.55
1987-12-15,25.84,19.36,0.9500000000000001
1987-12-16,24.87,16.03,0
1987-12-17,25.26,15.76,0
1987-12-18,25.39,16.49,0
1987-12-19,26.57,14.52,0.06
1987-12-20,25.23,14.78,0
1987-12-21,26.1,17.22,0.11
1987-12-22,24.02,18.76,1.33
1987-12-23,24.67,19.4,6.04
1987-12-24,25.64,19.07,1.27
1987-12-25,25.18,17.62,1.47
1987-12-26,25.47,18.1,0
1987-12-27,23.32,13.97,0.3
1987-12-28,25.26,13.86,0.03
1987-12-29,25.57,17.26,0.09
1987-12-30,25.18,16.31,0.17
1987-12-31,24.85,14.52,0
1988-01-01,23.15,13.2,0
1988-01-02,24.29,14.09,0
1988-01-03,24.96,14.47,0.01
1988-01-04,25.91,14.79,0
1988-01-05,25.78,15.06,0
1988-01-06,25.48,15.28,0
1988-01-07,25.89,15.91,0
1988-01-08,26.22,13.52,0
1988-01-09,24.87,14.17,0
1988-01-10,25.61,14.42,0
1988-01-11,25.93,14.69,0
1988-01-12,26.7,16.57,0
1988-01-13,27,16.7,0
1988-01-14,27.74,18.07,0.02
1988-01-15,28.05,16.54,0
1988-01-16,27.93,15.73,0
1988-01-17,26.38,15.05,0
1988-01-18,27.12,15.17,0
1988-01-19,26.87,15.18,0
1988-01-20,27.01,15.57,0
1988-01-21,27.05,15.06,0
1988-01-22,26.85,13.03,0
1988-01-23,25.8,12.82,0
1988-01-24,27.26,13.25,0
1988-01-25,28.35,15.27,0
1988-01-26,28.71,16.38,0
1988-01-27,28.71,16.58,0
1988-01-28,28.57,16.54,0
1988-01-29,28.5,15.97,0
1988-01-30,29.05,14.89,0
1988-01-31,29.02,14.69,0
1988-02-01,29.22,14.98,0
1988-02-02,29.21,15.57,0
1988-02-03,29.53,15.59,0
1988-02-04,29.89,14.83,0
1988-02-05,29.54,14.91,0
1988-02-06,29.04,14.6,0
1988-02-07,29.5,14.21,0
1988-02-08,29.85,15.61,0
1988-02-09,29.28,16.83,0
1988-02-10,30.06,17.12,0
1988-02-11,30.28,16.37,0
1988-02-12,30.01,16.79,0
1988-02-13,30.33,18.84,0.01
1988-02-14,30.81,19.67,0.01
1988-02-15,30.27,20.43,0.16
1988-02-16,28.74,19.98,0.42
1988-02-17,29.68,19.3,0.47000000000000003
1988-02-18,31.3,19.09,0
1988-02-19,30.62,17.88,0
1988-02-20,30.84,18.24,0
1988-02-21,31.37,18.68,0
1988-02-22,32.21,19.6,0
1988-02-23,31.05,20.11,0
1988-02-24,32.29,20.28,0
1988-02-25,30.76,21.36,0.1
1988-02-26,31.58,21.35,1.9200000000000002
1988-02-27,30.71,21.02,0.21
1988-02-28,30.57,20.98,1.49
1988-02-29,30.09,20.38,5.65
1988-03-01,29.74,20.49,5.53
1988-03-02,31.62,20.6,0.03
1988-03-03,31.55,20.57,0.33
1988-03-04,29.98,20.31,0.03
1988-03-05,30.16,20.35,0.32
1988-03-06,29.28,20.34,0.43
1988-03-07,30.26,20.3,0.03
1988-03-08,31.66,18.96,0
1988-03-09,31.88,18.64,0
1988-03-10,31.58,18.87,0
1988-03-11,32.24,18.49,0
1988-03-12,32.37,18.73,0
1988-03-13,32.92,20.2,0
1988-03-14,33.05,20.89,0
1988-03-15,33.01,20.28,0
1988-03-16,32.16,20.02,0
1988-03-17,34.17,20.07,0
1988-03-18,33.36,20.32,0
1988-03-19,33.8,21.92,0
1988-03-20,33.65,22.58,0.01
1988-03-21,33.03,21.99,0
1988-03-22,34.18,22.2,0.01
1988-03-23,33.97,21.93,0
1988-03-24,33.76,20.54,0
1988-03-25,33.78,20.39,0
1988-03-26,34.28,21.79,0
1988-03-27,32.61,20.75,0
1988-03-28,34.17,21.03,0
1988-03-29,34.08,23.4,0
1988-03-30,33.55,23.63,0
1988-03-31,33.59,23.38,0.060000000000000005
1988-04-01,31.35,24.61,1.01
1988-04-02,33.53,22.03,0.01
1988-04-03,34.51,21.12,0
1988-04-04,34.28,20.73,0
1988-04-05,33.94,20.42,0
1988-04-06,33.86,22.06,0.03
1988-04-07,33.74,22.66,0.02
1988-04-08,33.35,22.69,3.07
1988-04-09,34.22,22.29,0.02
1988-04-10,33.85,22.29,0.2
1988-04-11,32.59,22.4,0.18
1988-04-12,32.73,22.56,1.02
1988-04-13,34.16,23.02,0
1988-04-14,34.6,22.81,0.05
1988-04-15,32.91,21.88,3.14
1988-04-16,32.45,21.43,14.24
1988-04-17,32.48,19.88,3.69
1988-04-18,31.78,19.72,0.04
1988-04-19,31.92,21.84,0.28
1988-04-20,32.59,22.13,0.11
1988-04-21,31.59,20.2,10.76
1988-04-22,30.56,20.11,3.4000000000000004
1988-04-23,31.1,20.43,4.49
1988-04-24,30.73,18.73,11.47
1988-04-25,29.72,19.19,3.44
1988-04-26,30.68,19.72,3.36
1988-04-27,31.3,21.07,10.85
1988-04-28,30.99,21.09,20.08
1988-04-29,31.97,21.19,2.0500000000000003
1988-04-30,31.92,19.9,7.17
1988-05-01,28.01,19.82,12.23
1988-05-02,31.8,20.82,26.39
1988-05-03,29.07,20.05,24.37
1988-05-04,28.82,20.27,15.36
1988-05-05,30.54,21.29,5.04
1988-05-06,31.69,21.41,1.05
1988-05-07,31.53,22.32,0.1
1988-05-08,33.31,23.23,0.15000000000000002
1988-05-09,31.72,22.71,2.1
1988-05-10,31.99,21.78,0
1988-05-11,32.79,21.66,0.87
1988-05-12,32.7,23.3,0.15
1988-05-13,32.61,22.29,0
1988-05-14,33.15,22.08,0.24
1988-05-15,32.73,22.66,0.07
1988-05-16,32.88,22.45,0.42000000000000004
1988-05-17,31.43,22.34,0.75
1988-05-18,31.61,21.86,0.51
1988-05-19,32.21,20.92,0.09
1988-05-20,32,22.05,0
1988-05-21,31.95,22.15,0.79
1988-05-22,31.85,22.95,6.8100000000000005
1988-05-23,31.61,22.03,3.78
1988-05-24,32.09,21.17,6.17
1988-05-25,30,21.36,14.98
1988-05-26,31.37,21.52,14.23
1988-05-27,32.26,20.85,0.09
1988-05-28,31.72,21.8,0.2
1988-05-29,31.83,22.42,0.56
1988-05-30,31.21,20.68,0.6699999999999999
1988-05-31,29.34,21.1,9.98
1988-06-01,30.58,21.66,9.89
1988-06-02,30.05,20.9,9.6
1988-06-03,30.78,21.29,3.4699999999999998
1988-06-04,30.25,21.07,4.1
1988-06-05,29.03,19.8,1.84
1988-06-06,28.59,20.83,0.43
1988-06-07,27.97,21.22,3.06
1988-06-08,28.84,21.4,0.78
1988-06-09,27.41,20.96,0.32
1988-06-10,27.45,20.97,0.43
1988-06-11,29.88,20.69,0.4
1988-06-12,30.09,20.36,0.33999999999999997
1988-06-13,28.41,20.06,0.67
1988-06-14,28.63,19.87,0.03
1988-06-15,29.26,20.14,0.12
1988-06-16,29.88,20.54,0.1
1988-06-17,28.54,20.22,1.23
1988-06-18,30.21,20.19,2.34
1988-06-19,30.33,20.15,0.08
1988-06-20,28.64,21.23,0.44
1988-06-21,28.42,20.42,2.84
1988-06-22,27.23,20.52,0.44
1988-06-23,29.08,20.37,0.68
1988-06-24,28.33,20.71,1.46
1988-06-25,29,20.73,1.2
1988-06-26,27.59,20.63,2.99
1988-06-27,28.87,20.18,0.3
1988-06-28,27.99,20.24,5.47
1988-06-29,29.51,19.88,3.73
1988-06-30,30.35,20.31,2.59
1988-07-01,29.03,20.21,0.77
1988-07-02,27.63,19.5,1.72
1988-07-03,29.93,19.61,0.13
1988-07-04,30.43,20.73,2.85
1988-07-05,29.77,20.41,12.06
1988-07-06,29.77,21.01,2.3
1988-07-07,28.35,20.1,4.12
1988-07-08,28.77,20.12,16.4
1988-07-09,27.62,20.35,22.19
1988-07-10,29.27,20.5,3.86
1988-07-11,29.35,20.28,4.66
1988-07-12,27.53,20.28,1.92
1988-07-13,27.17,20.24,3.91
1988-07-14,26.06,20.4,0.51
1988-07-15,24.78,20.14,6.0200000000000005
1988-07-16,24.61,20,16.75
1988-07-17,22.64,19.97,33.82
1988-07-18,22.91,20.54,7.47
1988-07-19,25.66,21.07,2.84
1988-07-20,27.25,21.18,3.81
1988-07-21,25.21,20.59,8.43
1988-07-22,26.38,19.88,3.67
1988-07-23,27.83,19.37,9.21
1988-07-24,25.04,19.94,4.89
1988-07-25,24.48,20.29,2.37
1988-07-26,26.3,20.24,7.28
1988-07-27,25.79,20.26,1.45
1988-07-28,26.22,20.48,0.27999999999999997
1988-07-29,27.34,20.69,0.21
1988-07-30,26.22,19.74,0.18
1988-07-31,27.75,20.39,0.04
1988-08-01,27.28,21.12,0.04
1988-08-02,27.2,21.58,0.88
1988-08-03,26.26,21.36,2.74
1988-08-04,27.41,20.8,3.81
1988-08-05,27.37,20.81,3.88
1988-08-06,28.79,20.13,6.38
1988-08-07,28.36,20.19,10.06
1988-08-08,26.52,19.94,2.37
1988-08-09,25.73,20.06,5.38
1988-08-10,27.46,20.14,1.17
1988-08-11,26.17,20.04,3.6
1988-08-12,25.31,20.57,4.77
1988-08-13,28.75,20.54,14.74
1988-08-14,28.71,20.55,6.68
1988-08-15,26.56,20.3,3.56
1988-08-16,26.86,20.27,6.19
1988-08-17,22.77,19.84,11.11
1988-08-18,24.36,19.93,8.72
1988-08-19,24.52,20.01,1.51
1988-08-20,26.56,20.79,0.76
1988-08-21,27.74,20.6,3.18
1988-08-22,26.98,19.98,0.61
1988-08-23,27.68,19.86,4.82
1988-08-24,27.8,20.12,3.89
1988-08-25,27.45,20.26,5.93
1988-08-26,26.68,20.24,13.13
1988-08-27,27.15,19.95,26.35
1988-08-28,24.53,20.1,7.45
1988-08-29,24.86,19.33,14.209999999999999
1988-08-30,24.72,19.29,4.62
1988-08-31,25.64,19.16,1.4100000000000001
1988-09-01,27.13,19.29,9.31
1988-09-02,27.76,20.43,7.36
1988-09-03,26.42,19.49,0.63
1988-09-04,27.62,20.43,0.04
1988-09-05,27.33,20.21,3.79
1988-09-06,28.65,20.15,9.14
1988-09-07,27.2,20.4,4.27
1988-09-08,27.9,20.17,5.0200000000000005
1988-09-09,27.92,19.47,10
1988-09-10,26.79,19.58,16.79
1988-09-11,26.99,19.51,24.69
1988-09-12,27.94,20.23,12.33
1988-09-13,27.83,21.16,6.3500000000000005
1988-09-14,28.41,20.48,6.9
1988-09-15,27.79,20.54,6.15
1988-09-16,28.7,20.17,2.67
1988-09-17,27.22,20.45,6.05
1988-09-18,25.35,19.86,7.2
1988-09-19,26.05,20.27,0.48
1988-09-20,27.12,19.92,0.59
1988-09-21,26.36,20.34,0.68
1988-09-22,26.88,20.56,0.66
1988-09-23,26.59,20.29,0.32
1988-09-24,27.03,20.16,11.16
1988-09-25,23.55,19.61,20.18
1988-09-26,22.97,19.62,11.69
1988-09-27,26.48,18.84,0.51
1988-09-28,25.77,17.83,0
1988-09-29,26.18,18.26,0.09
1988-09-30,25.03,19.03,0.61
1988-10-01,26.15,19.21,0.01
1988-10-02,26.96,19.55,3.02
1988-10-03,27.23,19.95,4.38
1988-10-04,27.41,19.82,2.94
1988-10-05,28.49,20.8,0.77
1988-10-06,28.21,20.28,4.109999999999999
1988-10-07,27.74,20.29,3.53
1988-10-08,27.44,19.93,3.87
1988-10-09,27.23,19.51,2.54
1988-10-10,26.03,19.18,1.59
1988-10-11,28.31,17.85,0
1988-10-12,27.74,18.47,0.1
1988-10-13,27.34,18.88,0.12
1988-10-14,27.83,18.36,0
1988-10-15,28.53,18.09,0
1988-10-16,28.82,16.64,0
1988-10-17,28.31,16.46,0
1988-10-18,28.53,16.56,0
1988-10-19,28.63,17.17,0
1988-10-20,28.21,16.52,0
1988-10-21,28.48,16.92,0
1988-10-22,28.82,17.08,0.04
1988-10-23,27.03,19.87,1.6
1988-10-24,28.33,19.92,0.9500000000000001
1988-10-25,26.74,18.71,0.62
1988-10-26,27.35,17.75,0.19
1988-10-27,26.72,15.4,0
1988-10-28,28.4,15.7,0
1988-10-29,27.75,16.89,0
1988-10-30,26.29,17.29,0
1988-10-31,27.11,17.94,0
1988-11-01,28.21,18.89,0.01
1988-11-02,26.61,18.58,1.05
1988-11-03,26.81,19.08,1.17
1988-11-04,26.98,18.95,0.26
1988-11-05,25.68,18.8,1.3800000000000001
1988-11-06,25.15,19.01,10.34
1988-11-07,20.64,18.25,14.35
1988-11-08,23.15,17.37,0.39
1988-11-09,25.9,17.15,0.01
1988-11-10,26.03,17.29,0
1988-11-11,26.76,16.81,0
1988-11-12,25.56,16.92,3.96
1988-11-13,25.53,18.03,1.4
1988-11-14,25.76,16.81,0.01
1988-11-15,26.44,15.67,0
1988-11-16,26.66,15.73,0
1988-11-17,27.38,16.57,0
1988-11-18,27.29,17.21,0
1988-11-19,26.75,15.23,0
1988-11-20,27.64,15.1,0
1988-11-21,27.14,14.72,0
1988-11-22,26.76,15.48,0
1988-11-23,27.26,15.75,0
1988-11-24,27.3,15.94,0
1988-11-25,26.86,14.85,0
1988-11-26,26.5,14.13,0
1988-11-27,26.42,13.84,0
1988-11-28,26.79,14.25,0
1988-11-29,25.82,14.29,0
1988-11-30,26.02,11.68,0
1988-12-01,25.51,11.55,0
1988-12-02,25.05,15.08,0.06
1988-12-03,24.08,17.42,4.03
1988-12-04,25.45,17.23,0.32
1988-12-05,25.9,15.99,0.07
1988-12-06,27.15,15.11,0
1988-12-07,26.94,14.78,0
1988-12-08,27.11,15.24,0
1988-12-09,27.34,16.04,0.01
1988-12-10,26.3,15.66,0.09
1988-12-11,27.39,15.92,1.46
1988-12-12,24.39,19.48,2.32
1988-12-13,26.43,19.27,1.54
1988-12-14,24.88,18.52,7.03
1988-12-15,25.28,15.93,2.43
1988-12-16,26.23,15.29,0
1988-12-17,24.93,13.41,0.01
1988-12-18,26.07,15.03,0.01
1988-12-19,25.64,17.3,0.06
1988-12-20,24.42,15.55,0.48000000000000004
1988-12-21,25.74,14.78,0
1988-12-22,26.54,14.57,0
1988-12-23,26.32,13.99,0
1988-12-24,27.25,14.76,0
1988-12-25,27.26,14.89,0
1988-12-26,27.51,15.9,0
1988-12-27,25.88,16.14,0.01
1988-12-28,26.38,15.81,0
1988-12-29,25.82,15.15,0
1988-12-30,26.01,15.75,0
1988-12-31,26.23,16.14,0
1989-01-01,25.17,15.37,0
1989-01-02,26.84,15.55,0
1989-01-03,27.45,16.07,0
1989-01-04,26.7,16.13,0
1989-01-05,27.15,15.68,0
1989-01-06,27.43,13.96,0
1989-01-07,25.97,14.48,0
1989-01-08,26.75,15.47,0
1989-01-09,27.1,15.19,0.03
1989-01-10,27.58,14.29,0
1989-01-11,26.89,14.12,0
1989-01-12,27.04,13.85,0
1989-01-13,25.02,14.77,0
1989-01-14,24.26,15.45,0.43
1989-01-15,26.36,13.72,0
1989-01-16,27.17,14.77,0
1989-01-17,26.46,14.86,0
1989-01-18,28.72,16.31,0
1989-01-19,27.47,14.33,0
1989-01-20,28.11,13.99,0
1989-01-21,27.51,14.93,0
1989-01-22,28.24,15.24,0
1989-01-23,27.05,15.1,0
1989-01-24,27.64,16.27,0
1989-01-25,28.19,16.4,0
1989-01-26,27.84,15.56,0
1989-01-27,27.52,15.88,0
1989-01-28,28.27,14.4,0
1989-01-29,27.45,13.6,0
1989-01-30,27.78,13.85,0
1989-01-31,27.64,12.66,0
1989-02-01,28.36,12.19,0
1989-02-02,28.62,12.13,0
1989-02-03,29.39,12.13,0
1989-02-04,29.58,12.81,0
1989-02-05,29.98,13.96,0
1989-02-06,30.43,14.04,0
1989-02-07,29.68,13.57,0
1989-02-08,30.1,13.9,0
1989-02-09,29.9,14.17,0
1989-02-10,30.02,14,0
1989-02-11,30.16,14.66,0
1989-02-12,30.92,15.04,0
1989-02-13,30.27,15.36,0
1989-02-14,30.3,16.37,0
1989-02-15,31.84,16.42,0
1989-02-16,31.12,16.32,0
1989-02-17,31.48,16.43,0
1989-02-18,31.49,17.01,0
1989-02-19,32,17.51,0
1989-02-20,30.65,17.49,0
1989-02-21,31.02,17.72,0
1989-02-22,31.8,18.23,0
1989-02-23,30.29,17.9,0
1989-02-24,29.98,17.54,0
1989-02-25,28.02,17.58,0
1989-02-26,30.35,15.62,0
1989-02-27,30.19,16.39,0
1989-02-28,30.75,16.97,0
1989-03-01,32.32,17.49,0
1989-03-02,32.01,17.91,0
1989-03-03,31.97,17.57,0
1989-03-04,31.7,17.59,0
1989-03-05,31.8,17.44,0
1989-03-06,30.64,16,0
1989-03-07,29.76,16.01,0
1989-03-08,30.23,17.67,0
1989-03-09,30.87,19.3,0
1989-03-10,29.95,19.59,6.79
1989-03-11,30.1,19.26,0.87
1989-03-12,29.73,18.66,0.02
1989-03-13,31.28,18.24,0
1989-03-14,31.02,18.45,0
1989-03-15,31.4,18.11,0
1989-03-16,30.87,19,0
1989-03-17,32.42,18.67,0
1989-03-18,32.54,18.57,0
1989-03-19,32.91,18.99,0
1989-03-20,33.35,19.3,0
1989-03-21,33.15,21.04,0
1989-03-22,34.31,21.44,0
1989-03-23,34.35,21.53,0
1989-03-24,33.25,20.75,0
1989-03-25,33.37,20.74,0
1989-03-26,32.92,20.35,0
1989-03-27,32.6,20.71,0.01
1989-03-28,28.73,19.74,0.1
1989-03-29,30.44,19.99,0.14
1989-03-30,32.73,19.85,0
1989-03-31,32.68,19.62,0
1989-04-01,34.09,20.53,0
1989-04-02,33.33,21.61,0.04
1989-04-03,32.3,22.66,0.2
1989-04-04,33.13,22.25,2.58
1989-04-05,33.19,22.13,0.03
1989-04-06,35,21.73,0
1989-04-07,35.25,20.18,0
1989-04-08,34.68,19.86,0
1989-04-09,34.49,20.46,0
1989-04-10,34.63,20.52,0
1989-04-11,33.95,21.38,0
1989-04-12,34.04,22.42,0
1989-04-13,34.56,23.33,0
1989-04-14,34.91,22.09,0
1989-04-15,35.19,21.89,0
1989-04-16,34.9,22.11,0
1989-04-17,35.56,21.16,0
1989-04-18,34.23,21.7,0
1989-04-19,31.27,22.81,0.25
1989-04-20,30.16,21.4,0.85
1989-04-21,31.74,22.44,0.18000000000000002
1989-04-22,33.84,21.98,0.39
1989-04-23,32.22,22.67,0.44
1989-04-24,34.59,22.28,0.18
1989-04-25,32.82,22.17,0.15
1989-04-26,34.63,22.43,2.11
1989-04-27,33.97,22.03,17.3
1989-04-28,32.56,22.38,2.7800000000000002
1989-04-29,34.67,21.56,0
1989-04-30,35.21,21.55,0
1989-05-01,34.43,21.09,0
1989-05-02,33.13,22.44,1.92
1989-05-03,33.46,21.56,0.46
1989-05-04,34.02,21.4,0
1989-05-05,33.83,21.34,0
1989-05-06,33.91,21.81,0
1989-05-07,32.77,22.3,0.31
1989-05-08,34.67,22.49,0.1
1989-05-09,32.02,21.73,1.21
1989-05-10,34.64,21.69,0.05
1989-05-11,33.96,22.45,0.23
1989-05-12,33.57,21.77,0.32
1989-05-13,33.71,21.97,1.15
1989-05-14,34.72,22.7,5.41
1989-05-15,34.1,22.1,0.78
1989-05-16,34.51,21.66,3.47
1989-05-17,33.59,21.03,4
1989-05-18,31.64,20.9,16.34
1989-05-19,31.97,21.2,6.64
1989-05-20,32.61,21.58,0.9500000000000001
1989-05-21,31,21.06,1.33
1989-05-22,30.79,20.94,2.01
1989-05-23,32.02,20.85,0.62
1989-05-24,31.13,21.11,0
1989-05-25,31.38,20.51,0.03
1989-05-26,31.2,19.51,0
1989-05-27,31.99,20.03,0
1989-05-28,33.34,20.65,0
1989-05-29,32.62,20.4,0
1989-05-30,32.54,21.49,0.15
1989-05-31,32.09,20.24,8.08
1989-06-01,32.57,20.34,3.15
1989-06-02,29.89,21.08,6.85
1989-06-03,31.33,21.16,12.9
1989-06-04,30.19,21.18,7.17
1989-06-05,30.16,21.13,3.62
1989-06-06,27.44,20.21,1.29
1989-06-07,26.56,19.83,3.3400000000000003
1989-06-08,27.73,19.8,1.58
1989-06-09,26.67,20.37,3.25
1989-06-10,26.32,20.63,18.49
1989-06-11,24.43,20.39,20.35
1989-06-12,27.04,21.38,4.58
1989-06-13,27.87,21.11,1.66
1989-06-14,28.46,20.37,0.52
1989-06-15,27.67,20.28,1.11
1989-06-16,28.01,20.27,1.11
1989-06-17,28.83,20.2,1.9100000000000001
1989-06-18,27.41,20.12,5.21
1989-06-19,29.29,20.64,1.54
1989-06-20,28.59,20.74,5.49
1989-06-21,28.37,20.47,1.09
1989-06-22,27.69,20.17,0.63
1989-06-23,28.63,20.22,0.65
1989-06-24,27.95,20.36,0.55
1989-06-25,29.21,20.07,5.3
1989-06-26,28.35,20.37,2.56
1989-06-27,27.57,20.19,1.98
1989-06-28,26.3,20.59,0.28
1989-06-29,27.5,20.56,3.15
1989-06-30,28.85,21.08,0.58
1989-07-01,28.59,20.31,0.81
1989-07-02,28.75,20.38,2.01
1989-07-03,28.28,20.11,0.82
1989-07-04,29.96,19.96,0.04
1989-07-05,29.31,20.16,3.7
1989-07-06,28.13,20.11,16.12
1989-07-07,27.02,19.99,12.71
1989-07-08,28.47,19.95,8.99
1989-07-09,27.61,20.64,10.55
1989-07-10,29.01,21.05,8.97
1989-07-11,28.68,20.37,10.299999999999999
1989-07-12,27.55,20.08,4.01
1989-07-13,27.4,20.21,14.26
1989-07-14,26.89,19.71,5.19
1989-07-15,22.55,19.13,29.73
1989-07-16,21.55,19.16,41.14
1989-07-17,25.55,19.74,5.56
1989-07-18,26.94,19.67,2.38
1989-07-19,27.94,20.83,1.12
1989-07-20,27.19,21.33,2.27
1989-07-21,25.01,20.64,14.56
1989-07-22,22.87,19.62,15.11
1989-07-23,22.7,20.56,7.77
1989-07-24,25.95,20.46,0.09
1989-07-25,26.58,20.56,0.87
1989-07-26,25.01,19.79,15.21
1989-07-27,25.35,19.39,14.12
1989-07-28,26.6,20.07,3.28
1989-07-29,28.64,19.23,1.07
1989-07-30,28.28,19.04,0.19
1989-07-31,28.1,18.67,0.04
1989-08-01,27.36,19.09,0.2
1989-08-02,28,19.98,1.2
1989-08-03,27.45,20.43,0.26
1989-08-04,26.97,20.28,5.42
1989-08-05,27.03,20.23,0.87
1989-08-06,26.51,20.52,0.85
1989-08-07,28.16,20.12,0.79
1989-08-08,27.76,20.3,0.41000000000000003
1989-08-09,28.3,20.21,0.79
1989-08-10,28.06,20.63,1.05
1989-08-11,25.36,19.8,3.04
1989-08-12,26.56,19.72,2.12
1989-08-13,27.45,20.25,0.8
1989-08-14,26.36,20.01,4.91
1989-08-15,23.49,19.74,6.34
1989-08-16,24.61,19.68,5.28
1989-08-17,22.99,19.97,16.15
1989-08-18,25.62,20.05,9.11
1989-08-19,26.68,19.9,0.72
1989-08-20,26.98,20.38,0.8200000000000001
1989-08-21,28.71,19.87,0.44
1989-08-22,26.24,20.28,1.6400000000000001
1989-08-23,26.95,20.4,1.18
1989-08-24,25.84,20.16,2.85
1989-08-25,26.49,20.21,1.5
1989-08-26,25.69,19.75,0.66
1989-08-27,27.35,19.54,0.92
1989-08-28,27.76,19.58,3.09
1989-08-29,27.29,20.12,0.54
1989-08-30,26.48,20.29,6.89
1989-08-31,27.07,19.76,1.61
1989-09-01,27.82,19.85,0.46
1989-09-02,28.1,19.75,2.77
1989-09-03,27.26,19.73,22.169999999999998
1989-09-04,27.51,19.29,6.13
1989-09-05,27.64,18.8,0.47000000000000003
1989-09-06,27.74,19.24,0.01
1989-09-07,26.66,18.41,3.08
1989-09-08,27.55,18.32,0
1989-09-09,26.96,18.21,0.04
1989-09-10,26.8,18.57,0
1989-09-11,26.77,18.56,1.43
1989-09-12,26.19,19.92,1.15
1989-09-13,27.54,19.75,0.07
1989-09-14,27.18,19.06,0.34
1989-09-15,28.58,18.84,0.33999999999999997
1989-09-16,29.16,19.84,12.92
1989-09-17,28.05,19.91,24.86
1989-09-18,26.91,19.76,9.83
1989-09-19,25.34,20.13,16.330000000000002
1989-09-20,25.69,20.24,10.75
1989-09-21,26.42,20.37,13.72
1989-09-22,26.39,20.6,6.94
1989-09-23,27.96,20.8,12.6
1989-09-24,28.11,20.45,8.04
1989-09-25,26.09,19.65,7.86
1989-09-26,26.44,20.07,3.29
1989-09-27,24.33,19.2,5.57
1989-09-28,26.7,19.26,2.77
1989-09-29,26.5,19.68,1.8
1989-09-30,27.2,19.52,1.76
1989-10-01,27.88,19.44,0.78
1989-10-02,28.13,19.79,0
1989-10-03,29.08,19.69,0.08
1989-10-04,27.83,19.54,1.8900000000000001
1989-10-05,27.96,20.11,14.85
1989-10-06,27.46,19.19,20.919999999999998
1989-10-07,26.59,19.49,13.2
1989-10-08,28.54,20.06,1.97
1989-10-09,29.09,20.71,4.890000000000001
1989-10-10,27.86,19.79,0.36
1989-10-11,27.77,19.65,0.2
1989-10-12,28.47,19.56,0.04
1989-10-13,29.12,19.31,0
1989-10-14,27.66,19.2,0.1
1989-10-15,28.18,19.01,0.08
1989-10-16,28.77,18.95,0.05
1989-10-17,29.37,19.71,0.02
1989-10-18,26.59,19.65,0.68
1989-10-19,26.08,19.3,6.44
1989-10-20,26.58,18.39,2.28
1989-10-21,27.57,16.78,0.06
1989-10-22,26.94,15.71,0
1989-10-23,26.53,16.36,0
1989-10-24,26.79,18.38,0.15
1989-10-25,27.12,19.13,0.66
1989-10-26,26.99,19.68,0.43
1989-10-27,28.82,20.09,1.1600000000000001
1989-10-28,27.09,19.6,9.43
1989-10-29,26.69,19.71,10.76
1989-10-30,25.9,19.83,6.44
1989-10-31,26.47,18.55,0.11
1989-11-01,26.47,17.57,0.01
1989-11-02,26.02,17.61,0.01
1989-11-03,27.07,18.48,0.47000000000000003
1989-11-04,27.31,19.3,4.88
1989-11-05,26.68,18.55,2.73
1989-11-06,26.05,16.82,0.1
1989-11-07,25.88,15,0
1989-11-08,26.98,15.18,0
1989-11-09,25.53,19.67,1.15
1989-11-10,25.98,18.92,1.29
1989-11-11,26.64,18.59,0.78
1989-11-12,22.89,19.18,62.69
1989-11-13,23.71,19.22,6.81
1989-11-14,24.89,19.3,3.15
1989-11-15,25.65,18.58,5.14
1989-11-16,26.51,17.47,0
1989-11-17,26.87,17.58,0.32
1989-11-18,25.87,19.12,1.36
1989-11-19,25.61,17.89,2.32
1989-11-20,26.43,15.4,0
1989-11-21,25.86,15.19,0
1989-11-22,26.04,13.83,0
1989-11-23,24.93,13.31,0
1989-11-24,25.4,13.43,0
1989-11-25,24.82,13.6,0
1989-11-26,26.02,14.56,0
1989-11-27,25.2,17.65,0.43
1989-11-28,26.13,15.06,0.09
1989-11-29,25.68,14.76,0.01
1989-11-30,24.03,17.23,0.16
1989-12-01,24.07,18.09,1.9
1989-12-02,25.82,18.85,4.11
1989-12-03,23.87,18.97,2.28
1989-12-04,25.71,16.65,0.01
1989-12-05,25.93,17.27,0.07
1989-12-06,25.22,15.48,0
1989-12-07,25.2,15.57,0
1989-12-08,24.74,13.94,0
1989-12-09,23.93,13.82,0
1989-12-10,24.13,14.48,0.03
1989-12-11,25.35,17.14,0.07
1989-12-12,25.32,15.96,0.01
1989-12-13,24.18,14.14,0
1989-12-14,23.59,14.03,0
1989-12-15,25.21,14.22,0
1989-12-16,25.39,14.07,0
1989-12-17,24.88,13.37,0
1989-12-18,25.5,13.7,0
1989-12-19,23.82,15.5,0.53
1989-12-20,25.26,16.63,0.12
1989-12-21,24.7,16.48,0.02
1989-12-22,26.06,16.82,0.01
1989-12-23,25.52,16.37,0
1989-12-24,26.47,16.41,0
1989-12-25,26.92,16.19,0
1989-12-26,27.74,16.33,0.04
1989-12-27,26.67,17.8,0.05
1989-12-28,25.73,18.1,0.4
1989-12-29,26.53,18.44,0.74
1989-12-30,26.62,19.01,0.15
1989-12-31,27.33,19.01,0.18
1990-01-01,27.28,19.09,1.5999999999999999
1990-01-02,26.73,16.73,0.12
1990-01-03,26.71,16.54,0
1990-01-04,26.2,14.66,0
1990-01-05,25.29,14.72,0
1990-01-06,22.34,17.1,2.55
1990-01-07,20.57,17.13,0.98
1990-01-08,23.53,15.06,0.25
1990-01-09,26.32,15.06,0
1990-01-10,27.3,15.11,0
1990-01-11,27.23,14.1,0
1990-01-12,27.01,12.35,0
1990-01-13,26.76,12.53,0
1990-01-14,28.64,12.5,0
1990-01-15,29.15,12.46,0
1990-01-16,28.78,12.7,0
1990-01-17,28.19,13.31,0
1990-01-18,28.72,12.37,0
1990-01-19,29.25,12.42,0
1990-01-20,29.59,13.41,0
1990-01-21,29.7,13.69,0
1990-01-22,28.84,13.96,0
1990-01-23,28.25,14.16,0
1990-01-24,28.19,13.59,0
1990-01-25,29.19,14.44,0
1990-01-26,29.3,14.14,0
1990-01-27,28.18,14.13,0
1990-01-28,28.27,13.85,0
1990-01-29,28.22,13.53,0
1990-01-30,29.31,13.37,0
1990-01-31,29.47,13.4,0
1990-02-01,30.05,13.39,0
1990-02-02,30.31,14.89,0
1990-02-03,29.38,14.17,0
1990-02-04,29.4,14.13,0
1990-02-05,29.97,14.59,0
1990-02-06,29.55,14.02,0
1990-02-07,27.33,13.92,0
1990-02-08,27.91,16.4,0.11
1990-02-09,28.51,16.34,0
1990-02-10,28.44,17.24,0
1990-02-11,29,17.24,0
1990-02-12,29.32,17.04,0
1990-02-13,29.51,17.59,0.01
1990-02-14,29.77,19.24,0
1990-02-15,30.81,19.41,0.01
1990-02-16,30.78,19.68,0
1990-02-17,32.11,18.81,0
1990-02-18,31.66,18.12,0
1990-02-19,31.44,18.57,0
1990-02-20,31,17.93,0
1990-02-21,30.32,17.65,0
1990-02-22,31.28,17.29,0
1990-02-23,30.95,16.81,0
1990-02-24,30.66,17.71,0
1990-02-25,31.28,18.46,0
1990-02-26,31.96,18.89,0
1990-02-27,30.91,18.95,0
1990-02-28,31.59,19.48,0
1990-03-01,31.46,21.36,0.06
1990-03-02,32.51,21.41,0.27
1990-03-03,31.86,21.46,0.19
1990-03-04,28.76,20.27,2.15
1990-03-05,31.64,20.19,0.21
1990-03-06,31.84,19.48,0.11
1990-03-07,31.02,20.84,0.18
1990-03-08,32.17,20.53,0
1990-03-09,32.02,20.4,1.7
1990-03-10,27.02,19.62,11.93
1990-03-11,27.97,19.88,3.34
1990-03-12,28.93,20.21,1.52
1990-03-13,30.27,20.2,0.41000000000000003
1990-03-14,32.53,20.66,0
1990-03-15,33.04,20.52,0
1990-03-16,31.71,19.58,0.05
1990-03-17,30.77,18.62,0
1990-03-18,30.56,18.65,0
1990-03-19,32.15,19.13,0
1990-03-20,32.42,20.36,0
1990-03-21,33.26,20.47,0
1990-03-22,33.9,20.5,0
1990-03-23,33.38,21.13,0
1990-03-24,33.38,21.49,0
1990-03-25,33.63,21.03,0.03
1990-03-26,33.85,21.26,0
1990-03-27,33.52,21.1,0
1990-03-28,34.12,20.83,0
1990-03-29,32.97,22.57,0.21
1990-03-30,32.56,22.15,1.08
1990-03-31,32.09,22.05,0.03
1990-04-01,32.85,22.25,0
1990-04-02,31.24,22.9,0.31
1990-04-03,34.16,23.32,0
1990-04-04,33.89,22.12,0
1990-04-05,34.11,21.3,0.48
1990-04-06,31.13,21.28,0.84
1990-04-07,32.33,22.01,0.02
1990-04-08,33.06,21.81,0.32
1990-04-09,32.99,21.74,0.03
1990-04-10,31.53,22.87,0.75
1990-04-11,33.37,23.24,0.16
1990-04-12,32.58,23.89,0.05
1990-04-13,34.27,23.71,0.06
1990-04-14,34.3,22.58,1.3900000000000001
1990-04-15,34.89,21.88,3.39
1990-04-16,33.45,22.24,0.95
1990-04-17,32.06,21.37,3.42
1990-04-18,33.42,21.35,0
1990-04-19,32.9,22.08,6.67
1990-04-20,33.72,20.45,0.02
1990-04-21,33.72,20.92,0
1990-04-22,33.5,20.99,0
1990-04-23,34.32,23.03,0
1990-04-24,34.73,23.56,0
1990-04-25,34.52,22.3,0
1990-04-26,35.24,21.83,0
1990-04-27,34.91,21.99,0
1990-04-28,34.39,22.57,0
1990-04-29,33.77,22.61,0.01
1990-04-30,34.27,21.83,0.45
1990-05-01,30.95,20.83,19.38
1990-05-02,31.45,21.03,15.34
1990-05-03,30.97,20.98,10.25
1990-05-04,29.06,21.18,12.799999999999999
1990-05-05,31.44,20.79,3.45
1990-05-06,30.58,20.75,0.2
1990-05-07,28.04,20.82,0.56
1990-05-08,28.6,20.84,0.41000000000000003
1990-05-09,30.08,22.03,7.54
1990-05-10,30.49,21.54,3.01
1990-05-11,29.66,22.4,3.2800000000000002
1990-05-12,29.21,21.93,0.84
1990-05-13,30.36,21.98,0.08
1990-05-14,31.19,21.35,0.05
1990-05-15,32.51,20.87,0
1990-05-16,32.44,20.27,0
1990-05-17,32.62,20.93,0.54
1990-05-18,31.93,21.46,2.83
1990-05-19,31.38,21.44,0.99
1990-05-20,28.9,21.12,0.88
1990-05-21,26.53,20.99,1.82
1990-05-22,30.72,21.56,2.11
1990-05-23,29.88,20.61,3.63
1990-05-24,30.43,20.71,10.44
1990-05-25,29.42,20.79,15.18
1990-05-26,28.86,21.09,1.16
1990-05-27,27.72,20.82,3.44
1990-05-28,27.32,20.46,1.1300000000000001
1990-05-29,28.16,20.28,0.54
1990-05-30,26.75,21.3,3.82
1990-05-31,29.86,20.94,0.57
1990-06-01,30.59,20.48,0.95
1990-06-02,29.85,20.55,0.18
1990-06-03,30.02,20.7,0.92
1990-06-04,29.12,20.28,2.75
1990-06-05,29.76,20.16,1.47
1990-06-06,30.61,20.07,0.8
1990-06-07,29.99,20.16,1.57
1990-06-08,29.34,20.25,3.91
1990-06-09,28.52,20.54,0.48
1990-06-10,29.77,20.37,0.18
1990-06-11,25.75,20.64,3.69
1990-06-12,24.78,20.57,11.2
1990-06-13,26.66,20.52,4.88
1990-06-14,29.98,21.24,1.41
1990-06-15,26.45,21.32,3.3
1990-06-16,28.56,20.08,2.4
1990-06-17,26.52,21.47,2.24
1990-06-18,28.74,21.29,0.58
1990-06-19,29.67,21.16,0.45999999999999996
1990-06-20,29.72,20.79,0.71
1990-06-21,28.97,20.67,0.97
1990-06-22,27.98,20.77,0.65
1990-06-23,28.72,20.27,0.13
1990-06-24,28.49,20.15,0.32
1990-06-25,28.39,20.32,2.52
1990-06-26,27.05,20.55,0.74
1990-06-27,27.59,21.2,4.82
1990-06-28,28.18,20.76,0.43
1990-06-29,27.18,20.39,1.08
1990-06-30,27.32,20.18,0.99
1990-07-01,26.56,20.62,0.59
1990-07-02,27.21,20.43,0.54
1990-07-03,26.37,20.39,2.54
1990-07-04,27.71,19.89,0.16
1990-07-05,28.7,19.91,3.56
1990-07-06,29.47,20.12,4.76
1990-07-07,27.53,19.76,4.13
1990-07-08,25.12,19.64,0.95
1990-07-09,27.95,19.47,18.83
1990-07-10,25.89,19.64,6.8
1990-07-11,24.15,19.58,16.99
1990-07-12,22.87,19.24,8.84
1990-07-13,25.64,19.26,1.34
1990-07-14,25.78,19.52,8.68
1990-07-15,25.46,19.57,2.7800000000000002
1990-07-16,27.17,19.55,0.44
1990-07-17,26.59,19.97,1.75
1990-07-18,25.14,20.15,2.5
1990-07-19,26.86,19.72,4.2
1990-07-20,26.81,19.79,1.7
1990-07-21,25.26,19.8,2.2800000000000002
1990-07-22,23.57,19.42,0.8300000000000001
1990-07-23,26.78,19.66,0.32
1990-07-24,27.55,19.75,0.67
1990-07-25,27.16,20.02,0.24000000000000002
1990-07-26,27.39,19.33,0.25
1990-07-27,28.42,19.55,0.11
1990-07-28,29.26,19.44,0.14
1990-07-29,28.26,19.67,0.53
1990-07-30,27.84,20.11,1.35
1990-07-31,28,20.35,2.22
1990-08-01,27.59,20.56,5.36
1990-08-02,26.83,20.03,20.58
1990-08-03,27.63,20.35,6.14
1990-08-04,27.25,20.21,3.35
1990-08-05,27.25,20.6,10.07
1990-08-06,26.38,19.99,7.68
1990-08-07,24.3,19.65,12.11
1990-08-08,24.77,19.75,24.09
1990-08-09,23.05,19.72,70.93
1990-08-10,23.7,19.63,31.82
1990-08-11,26.8,20.19,2.4
1990-08-12,26.13,20.48,1.1
1990-08-13,24.26,19.25,15.36
1990-08-14,22.41,19.14,14.9
1990-08-15,23.05,19.25,8.66
1990-08-16,25.48,20.34,1.26
1990-08-17,25.59,19.94,1.2
1990-08-18,25.49,19.77,0.23
1990-08-19,27.14,19.67,0.59
1990-08-20,26.71,20.63,0.21
1990-08-21,26.76,20.48,3.7199999999999998
1990-08-22,25.66,20.59,1.8399999999999999
1990-08-23,26.53,20.2,0.79
1990-08-24,26.77,20.08,0.29000000000000004
1990-08-25,27.08,20.08,1.84
1990-08-26,27.23,19.74,6.16
1990-08-27,26.19,18.76,0.76
1990-08-28,28.11,18.68,0.55
1990-08-29,26.62,19.79,0.51
1990-08-30,27.05,19.87,0.29
1990-08-31,27.41,19.36,0.52
1990-09-01,26.29,19.13,0.85
1990-09-02,27.73,19.06,0.12
1990-09-03,25.41,19.62,0.34
1990-09-04,26.22,20.29,0.58
1990-09-05,24.83,19.65,3.48
1990-09-06,25.75,19.66,12.51
1990-09-07,27.89,20.1,13.76
1990-09-08,27.36,19.58,15.76
1990-09-09,27.19,19.83,0.28
1990-09-10,28.8,19.96,0.35
1990-09-11,27.59,20.17,0.39
1990-09-12,28.03,20.08,0.36
1990-09-13,26.09,19.45,0.18
1990-09-14,28.26,19.21,0.23
1990-09-15,29.24,19.08,0.13
1990-09-16,28.31,20.11,0.41000000000000003
1990-09-17,28.97,19.68,0.13
1990-09-18,29.26,19.14,0
1990-09-19,27.72,18.81,0.06
1990-09-20,27.65,18.97,0.84
1990-09-21,28.47,18.93,0.72
1990-09-22,28.81,19.14,2.06
1990-09-23,27.59,20.15,1.8800000000000001
1990-09-24,26.36,19.67,2.58
1990-09-25,26.76,19.25,0.26
1990-09-26,28.82,19.42,0.15000000000000002
1990-09-27,27.87,19.86,0.28
1990-09-28,26.96,19.63,1.21
1990-09-29,27.83,19.91,1.7
1990-09-30,25.6,19.71,0.12
1990-10-01,25.85,19.27,0.11
1990-10-02,26.27,19.18,1.1099999999999999
1990-10-03,26.25,18.9,0.11
1990-10-04,26.41,18.83,0
1990-10-05,28.79,18.09,0
1990-10-06,29.39,18.08,0
1990-10-07,28.45,18.64,0.09
1990-10-08,30.28,19.42,0
1990-10-09,29.56,19.91,0
1990-10-10,28.44,19.3,0.13
1990-10-11,29.24,20.85,2.92
1990-10-12,29.36,20.06,5.94
1990-10-13,28.91,19.8,13.36
1990-10-14,27.32,20.16,6.390000000000001
1990-10-15,27.06,19.52,0.95
1990-10-16,27.83,19.62,0.01
1990-10-17,27.97,19.8,0.26
1990-10-18,27.19,19.91,1.53
1990-10-19,25.27,19.15,3.57
1990-10-20,27.3,18.38,0.16999999999999998
1990-10-21,28.43,18.84,0.21
1990-10-22,25.34,19.39,10.5
1990-10-23,25.88,19.89,11.02
1990-10-24,25.76,20.05,5.71
1990-10-25,26.23,20.05,4.1
1990-10-26,26.63,20.01,2.59
1990-10-27,25.3,19.64,11.69
1990-10-28,25.6,19.71,11.12
1990-10-29,24.2,19.58,14.41
1990-10-30,24.93,19.67,12.58
1990-10-31,23.64,19.39,9.94
1990-11-01,23.12,18.58,3.3200000000000003
1990-11-02,23.06,16.57,1.56
1990-11-03,27.01,16.48,0.19
1990-11-04,26.53,17.86,0
1990-11-05,26.24,17.16,0
1990-11-06,26.21,16.5,0.01
1990-11-07,25.63,16.35,0
1990-11-08,26.29,17.3,0.01
1990-11-09,23.83,19.16,8.02
1990-11-10,25.22,17.79,1.05
1990-11-11,26.4,15.78,0.15
1990-11-12,26.63,14.23,0
1990-11-13,26.81,13.93,0
1990-11-14,24.55,15.9,2.32
1990-11-15,25.36,17.63,0.25
1990-11-16,25.98,19.7,1.99
1990-11-17,27.09,19.68,1.49
1990-11-18,27.32,20.02,0.02
1990-11-19,26.59,18.44,0
1990-11-20,28.11,18.43,0
1990-11-21,27.14,16.72,0.21000000000000002
1990-11-22,27.42,16.25,0.01
1990-11-23,27.04,19.5,0.56
1990-11-24,27.74,19.98,1.8
1990-11-25,26.39,19.73,1.86
1990-11-26,23.94,19.12,10.19
1990-11-27,26.14,19.08,0.36
1990-11-28,25.52,17.01,1.35
1990-11-29,27.31,16.42,0
1990-11-30,27.86,16.96,0
1990-12-01,27.46,16.03,0
1990-12-02,26.22,15.99,0
1990-12-03,26.18,17.56,1.33
1990-12-04,24.41,19.36,4.5
1990-12-05,25.75,17.74,1.08
1990-12-06,26.52,17.35,0.02
1990-12-07,26.35,15.58,0.12
1990-12-08,26.6,15.6,0.01
1990-12-09,26.05,17.13,0.06
1990-12-10,26.99,14.85,0
1990-12-11,26.43,15,0
1990-12-12,26.32,15.3,0.01
1990-12-13,26.36,16.54,0.01
1990-12-14,25.77,16.64,0
1990-12-15,27.31,15.4,0
1990-12-16,26.7,15.63,0
1990-12-17,27.99,15.69,0
1990-12-18,27.12,15.85,0.16
1990-12-19,27.58,16.08,0.02
1990-12-20,27.07,16,0
1990-12-21,27.37,17.15,0
1990-12-22,27.36,16.29,0
1990-12-23,27.46,16.54,0.02
1990-12-24,26.72,16.03,0.01
1990-12-25,26.25,15.43,0
1990-12-26,27.34,14.78,0.01
1990-12-27,25.85,13.26,0
1990-12-28,26.2,13.72,0
1990-12-29,26.23,16.01,0.13
1990-12-30,26.41,19.67,1.24
1990-12-31,26.93,19.83,2.07
1991-01-01,27.3,17.19,1.13
1991-01-02,28.39,16.67,0.35000000000000003
1991-01-03,28.36,15.84,0.16
1991-01-04,28.53,18.29,0.26
1991-01-05,26.83,18.68,0.44
1991-01-06,28.7,18.52,0.07
1991-01-07,27.44,18.4,0.09
1991-01-08,28.46,15.64,0
1991-01-09,28.66,16.1,0
1991-01-10,28.39,17.34,0
1991-01-11,28.2,17.78,0
1991-01-12,28.28,17.28,0
1991-01-13,28.95,16.49,0
1991-01-14,28.86,15.02,0
1991-01-15,28.1,15.72,0
1991-01-16,28.23,16.29,0
1991-01-17,28.07,16.25,0
1991-01-18,28.51,16.39,0
1991-01-19,26,18.05,0.38
1991-01-20,28.85,17.72,0.02
1991-01-21,29.51,17.25,0
1991-01-22,29.23,17.03,0
1991-01-23,29.42,16.12,0
1991-01-24,28.41,16.34,0
1991-01-25,27.49,15.26,0
1991-01-26,27.88,14.27,0
1991-01-27,28.83,14.26,0
1991-01-28,30.47,14.48,0
1991-01-29,31.34,15.16,0
1991-01-30,28.04,14.65,0
1991-01-31,27.59,15.39,0
1991-02-01,28.55,18.33,0.03
1991-02-02,29.74,19.42,0.04
1991-02-03,30.4,18,0
1991-02-04,29.75,18.49,0.16
1991-02-05,30.01,17.74,0.04
1991-02-06,29.22,16.55,0
1991-02-07,29.18,16.02,0
1991-02-08,29.15,15.58,0
1991-02-09,30.02,15.48,0
1991-02-10,30.54,15.64,0
1991-02-11,31.27,16.48,0
1991-02-12,31.88,16.56,0
1991-02-13,31.54,17.91,0
1991-02-14,31.3,16.83,0
1991-02-15,30.87,16.86,0
1991-02-16,31.47,17.18,0
1991-02-17,31.49,18.31,0
1991-02-18,30.83,17.72,0
1991-02-19,31.44,17.21,0
1991-02-20,30.54,16.62,0
1991-02-21,29.04,15.9,0
1991-02-22,30.4,15.9,0
1991-02-23,30.99,16.89,0
1991-02-24,29.94,17.39,0
1991-02-25,31.52,18.7,0
1991-02-26,30.9,19.07,0
1991-02-27,29.05,19.69,0.77
1991-02-28,29.56,19.53,2.74
1991-03-01,29.74,19.22,1.77
1991-03-02,31.44,18.78,0
1991-03-03,31.95,20.11,0
1991-03-04,32.92,20.6,0.17
1991-03-05,30.64,21.28,0.5
1991-03-06,29.99,21.71,0.32
1991-03-07,33.94,21.2,0.09000000000000001
1991-03-08,32.57,20.71,0.15
1991-03-09,32.12,20.64,0.08
1991-03-10,32.12,20.45,0.060000000000000005
1991-03-11,33.48,20.13,0
1991-03-12,33.5,20,0
1991-03-13,33.48,19.68,0
1991-03-14,33.66,19.95,0
1991-03-15,33.64,20.03,0
1991-03-16,32.88,19.94,0
1991-03-17,33.08,19.23,0
1991-03-18,32.89,18.75,0
1991-03-19,33.43,19.93,0
1991-03-20,35.62,21.66,0
1991-03-21,33.29,21.8,0.01
1991-03-22,32.88,21.73,0.02
1991-03-23,33.45,20.99,0
1991-03-24,33.33,20.76,0
1991-03-25,34.82,20.38,0
1991-03-26,34.11,20.72,0
1991-03-27,33.8,20.92,0
1991-03-28,34.32,19.23,0
1991-03-29,34.65,18.23,0
1991-03-30,34.62,19.2,0
1991-03-31,35.09,20.67,0
1991-04-01,34.71,21.29,0
1991-04-02,34.43,22.38,0.01
1991-04-03,34.4,22.12,0.1
1991-04-04,32.92,22.13,0.37
1991-04-05,32.08,21.31,5.74
1991-04-06,30.8,20.09,14.07
1991-04-07,30.92,20.95,0.78
1991-04-08,31.5,21.16,3.54
1991-04-09,29.62,20.86,6.14
1991-04-10,32.13,20.58,2
1991-04-11,31.3,21.24,0.22
1991-04-12,32.25,21.9,8.4
1991-04-13,31.3,21.72,0.03
1991-04-14,32.09,21.59,0.04
1991-04-15,32.9,21.83,0
1991-04-16,34.38,22.43,0
1991-04-17,34.75,21.96,0
1991-04-18,34.26,21.79,0
1991-04-19,35.25,22.19,0
1991-04-20,32.99,21.37,8.9
1991-04-21,32.6,20.67,3.02
1991-04-22,32.24,20.71,1.24
1991-04-23,32.55,22.08,0.12000000000000001
1991-04-24,33.07,22.11,0.15
1991-04-25,32.07,21.53,1.8
1991-04-26,32.54,21.66,2.53
1991-04-27,33.28,21.63,1.07
1991-04-28,32.28,21.85,9.549999999999999
1991-04-29,33.17,21.67,1.31
1991-04-30,33.44,21.88,0.69
1991-05-01,33.64,22.07,0.35
1991-05-02,34.73,21.96,0
1991-05-03,33.53,21.98,2.63
1991-05-04,32.76,21.57,16.77
1991-05-05,31.62,21.87,3.75
1991-05-06,31.12,22.17,13.72
1991-05-07,32.05,22.29,10.34
1991-05-08,31.66,22.26,4.88
1991-05-09,30.49,21.85,4.8100000000000005
1991-05-10,31.92,22.34,5.34
1991-05-11,31.43,20.93,2.1799999999999997
1991-05-12,31.83,20.58,0
1991-05-13,32.29,22.22,0
1991-05-14,31.37,21.33,1.82
1991-05-15,32.01,21.1,0.02
1991-05-16,33.12,21.12,0
1991-05-17,32.78,21.93,0
1991-05-18,33.18,22.33,0
1991-05-19,33.21,22.49,0.9500000000000001
1991-05-20,33.41,22.42,2.2800000000000002
1991-05-21,32.83,22.38,0.47000000000000003
1991-05-22,32.88,22.29,0.59
1991-05-23,33.01,22.26,3.5700000000000003
1991-05-24,31.59,20.57,15.5
1991-05-25,29.15,21.58,12.69
1991-05-26,32.33,20.7,10.77
1991-05-27,30.04,20.69,15.76
1991-05-28,31.73,21.06,0.42
1991-05-29,30.76,22.15,5.05
1991-05-30,29.89,22.06,17.69
1991-05-31,30.22,20.82,28.6
1991-06-01,31.04,20.47,1.23
1991-06-02,28.6,22.42,1.15
1991-06-03,29.18,21.56,49.68
1991-06-04,24.16,20.88,50.63
1991-06-05,23.82,20.6,18.34
1991-06-06,23.81,21.2,7.73
1991-06-07,26.35,21.23,24.49
1991-06-08,27.27,21.3,2.86
1991-06-09,27,21.81,1.2
1991-06-10,27.53,22.1,0.97
1991-06-11,27.93,22.32,0.9600000000000001
1991-06-12,27.95,21.77,2.95
1991-06-13,28.32,21.2,3.58
1991-06-14,30.03,20.88,1.1400000000000001
1991-06-15,29.99,21.02,2.73
1991-06-16,27.99,21.39,4.33
1991-06-17,27.96,21.1,3.6100000000000003
1991-06-18,27.14,21.03,1.36
1991-06-19,27.57,21.02,0.13
1991-06-20,27.78,20.84,2.13
1991-06-21,28.26,20.83,4.13
1991-06-22,29.68,20.42,2.5500000000000003
1991-06-23,28.56,20.58,1.3800000000000001
1991-06-24,27.72,20.19,10.61
1991-06-25,26.68,20.17,12.09
1991-06-26,26.73,20.35,11.08
1991-06-27,25.78,20.2,9.16
1991-06-28,27.18,20.24,3.12
1991-06-29,26.88,19.93,0.19
1991-06-30,27.1,20.08,1.77
1991-07-01,25.98,19.46,0.63
1991-07-02,27.74,19.64,0.04
1991-07-03,27.7,20.32,1.61
1991-07-04,26.58,20.28,2.34
1991-07-05,27.03,20.6,0.86
1991-07-06,25.7,19.94,6.93
1991-07-07,24.85,19.43,3.4
1991-07-08,24.23,19.42,11.84
1991-07-09,25.19,19.55,15.120000000000001
1991-07-10,27.13,19.82,7.07
1991-07-11,24.7,19.94,16.06
1991-07-12,25.5,20.61,3.8
1991-07-13,27.97,19.34,0.45
1991-07-14,25.91,19.44,0.44
1991-07-15,25.55,20.25,4.2
1991-07-16,24.84,20.21,11.86
1991-07-17,25.49,20.44,1.95
1991-07-18,26.31,19.62,2.16
1991-07-19,26.39,20.46,4.99
1991-07-20,27.12,20.65,3.36
1991-07-21,26.67,20.61,0.8200000000000001
1991-07-22,26.94,20.29,0.65
1991-07-23,26.75,20.54,0.55
1991-07-24,26.33,20.75,0.56
1991-07-25,26.59,21.41,1.3800000000000001
1991-07-26,25.18,21.02,4.2
1991-07-27,23.87,20.05,13.780000000000001
1991-07-28,24.77,20.5,8.27
1991-07-29,26.62,20.41,1.1300000000000001
1991-07-30,25.78,20.35,2.82
1991-07-31,26.13,20.25,9.96
1991-08-01,25.96,19.58,2.16
1991-08-02,25.81,19.6,2.8
1991-08-03,26.8,19.68,10.5
1991-08-04,26.36,19.6,9.64
1991-08-05,24.61,19.58,14.62
1991-08-06,22.88,19.86,3.54
1991-08-07,26.09,19.53,7.319999999999999
1991-08-08,24.83,18.94,0.59
1991-08-09,25.56,19.17,0.29000000000000004
1991-08-10,25.58,19.26,0.25
1991-08-11,26.62,19.68,0.55
1991-08-12,25.89,20.32,2.08
1991-08-13,25.34,20.45,0.83
1991-08-14,27.16,19.6,0.5900000000000001
1991-08-15,24.41,19.25,2.31
1991-08-16,26.4,19.98,5.75
1991-08-17,25.51,20.39,4.05
1991-08-18,25.31,19.95,1.58
1991-08-19,26.29,19.73,0.29000000000000004
1991-08-20,26.56,19.5,1.1300000000000001
1991-08-21,26.06,19.45,0.67
1991-08-22,25.69,19.82,2.31
1991-08-23,25.34,19.93,4.67
1991-08-24,25.76,19.14,0.9400000000000001
1991-08-25,26.25,19.43,0.43
1991-08-26,26.57,19.23,1.18
1991-08-27,27.33,19.6,1.5
1991-08-28,26.59,19.8,1.27
1991-08-29,27.38,20.19,1.79
1991-08-30,26.65,18.63,0.26
1991-08-31,27.12,18.79,0.21
1991-09-01,28.72,19.18,0.4
1991-09-02,28.43,19.04,0.71
1991-09-03,28.49,18.95,0.16999999999999998
1991-09-04,28.19,19.85,0
1991-09-05,28.61,19.63,0.78
1991-09-06,28.38,19.03,0.03
1991-09-07,27.33,18.84,0
1991-09-08,28.26,18.86,0.03
1991-09-09,27.86,19.37,0.46
1991-09-10,28.64,19.64,0.36000000000000004
1991-09-11,28.17,19.92,2.3200000000000003
1991-09-12,28.51,19.92,20.57
1991-09-13,28.14,19.52,9.99
1991-09-14,27.47,19.65,12.93
1991-09-15,26.74,20.35,9
1991-09-16,26.67,20.35,6.72
1991-09-17,27.78,20.16,2.96
1991-09-18,27.86,18.86,0.13
1991-09-19,28.14,18.59,0.03
1991-09-20,26.21,18.71,1.83
1991-09-21,23.86,18.96,3.12
1991-09-22,26.81,19.59,0.56
1991-09-23,26.11,19.56,5.12
1991-09-24,27.01,19.71,1.2
1991-09-25,28.41,20.03,0.24
1991-09-26,28.99,19.95,2.5
1991-09-27,29.56,20.9,3.64
1991-09-28,28.73,19.84,2.1
1991-09-29,28.72,19.75,2.96
1991-09-30,29.71,19.48,0.57
1991-10-01,28.74,19.54,1.21
1991-10-02,28.19,19.72,16.06
1991-10-03,28.57,19.86,0.44
1991-10-04,27.96,20.02,0.82
1991-10-05,28.94,19.8,28.96
1991-10-06,26.76,20.19,6.42
1991-10-07,28.1,19.54,12.08
1991-10-08,26.86,20.06,9.84
1991-10-09,27.68,20.1,6.18
1991-10-10,26.01,19.94,14.02
1991-10-11,28.17,19.01,0.29000000000000004
1991-10-12,27.91,19.09,0.23
1991-10-13,27.76,19.49,1.22
1991-10-14,27.62,18.15,0.68
1991-10-15,26.64,18.23,1.4000000000000001
1991-10-16,28.47,19.16,0.15
1991-10-17,27.21,19.42,0.2
1991-10-18,27.35,19.42,0.37
1991-10-19,26.85,19.5,0.47
1991-10-20,27.64,19.68,0.59
1991-10-21,27.39,19.73,0.37
1991-10-22,26.69,19.26,1.2
1991-10-23,27.07,19.1,2.1
1991-10-24,26.98,18.07,0.03
1991-10-25,27.84,17.23,0.03
1991-10-26,27.32,16.71,0
1991-10-27,25.07,17.88,3.46
1991-10-28,23.05,19.78,15.67
1991-10-29,20.51,19.45,70.62
1991-10-30,20.74,18.94,22.220000000000002
1991-10-31,23.06,19.77,2.81
1991-11-01,26.02,20.17,1.48
1991-11-02,26,19.65,6.71
1991-11-03,26.47,20.04,9.34
1991-11-04,27.31,19.2,9.19
1991-11-05,27.2,19.41,1.75
1991-11-06,26.61,18.08,0.01
1991-11-07,25.78,18.6,0.14
1991-11-08,26.15,19.08,0.7200000000000001
1991-11-09,25.86,18.69,1.99
1991-11-10,26.23,19.25,0.14
1991-11-11,26.23,18.27,0.5900000000000001
1991-11-12,26.07,17.7,0.06
1991-11-13,25.71,18.58,0.63
1991-11-14,21.44,18.43,1.11
1991-11-15,18.89,18.02,31.91
1991-11-16,20.45,18.39,11.5
1991-11-17,23.43,19.47,7.44
1991-11-18,25.09,18.61,0.9
1991-11-19,24.59,17.56,0.01
1991-11-20,24.4,17.05,0.3
1991-11-21,25.64,17.31,0.89
1991-11-22,25.68,18,0.42
1991-11-23,25.15,16.14,0.02
1991-11-24,24.97,15.82,0.04
1991-11-25,24.35,16.79,0.18
1991-11-26,25.31,16.52,0.05
1991-11-27,25.28,11.68,0
1991-11-28,25.38,10.9,0
1991-11-29,26.4,11.11,0
1991-11-30,26.75,13.27,0
1991-12-01,25.83,13.02,0
1991-12-02,25.69,15.32,0
1991-12-03,24.69,14.8,0
1991-12-04,23.37,13.63,0
1991-12-05,23.4,13.31,0
1991-12-06,23.25,12.51,0
1991-12-07,24.08,12.25,0
1991-12-08,24.3,12.13,0
1991-12-09,23.9,12.37,0
1991-12-10,24.33,15.58,0
1991-12-11,24.2,16.25,0
1991-12-12,23.87,17.12,0.41
1991-12-13,23.17,15.8,0.22
1991-12-14,24.2,15.85,0.01
1991-12-15,23.98,15.67,0.01
1991-12-16,22.14,16.01,0.25
1991-12-17,25.66,15.7,0
1991-12-18,23.9,15.48,0
1991-12-19,25.41,15.76,0.01
1991-12-20,26.23,16.33,0.04
1991-12-21,26.51,16.32,0
1991-12-22,25.98,18.03,0.01
1991-12-23,27.23,16.76,0
1991-12-24,27.74,16.31,0
1991-12-25,26.23,16.96,0.04
1991-12-26,26.11,14.66,0
1991-12-27,26.75,14.19,0
1991-12-28,26.32,16.03,0.25
1991-12-29,24.88,17.92,2.22
1991-12-30,25.85,18.71,0.56
1991-12-31,22.39,18.02,2.64
1992-01-01,24.59,18.88,1.5
1992-01-02,23.95,15.05,1.64
1992-01-03,23.61,15.01,0.46
1992-01-04,25.18,12.81,0
1992-01-05,24.97,11.32,0
1992-01-06,25.67,10.74,0
1992-01-07,25.7,10.74,0
1992-01-08,26.67,10.65,0
1992-01-09,25.85,11.1,0
1992-01-10,25.37,12.33,0
1992-01-11,25.18,12.97,0
1992-01-12,25.4,13.15,0
1992-01-13,25.48,11.76,0
1992-01-14,24.92,12.22,0
1992-01-15,25.05,13.07,0
1992-01-16,24.84,13.13,0
1992-01-17,26.19,15.73,0
1992-01-18,25.52,15.73,0
1992-01-19,26.76,14.55,0.01
1992-01-20,25.62,13.37,0
1992-01-21,25.85,12.71,0
1992-01-22,25.93,12.75,0
1992-01-23,27.1,14.11,0
1992-01-24,27.13,14.11,0
1992-01-25,26.81,13.74,0
1992-01-26,26.65,11.9,0
1992-01-27,26.15,11.9,0
1992-01-28,25.03,12.13,0
1992-01-29,25.14,12.89,0
1992-01-30,26.77,13.62,0.02
1992-01-31,27.66,17.11,0
1992-02-01,28.94,17.75,0
1992-02-02,28.25,17.71,0
1992-02-03,28.45,18.23,0
1992-02-04,28.69,17.38,0.03
1992-02-05,28.74,16.87,0
1992-02-06,28.66,16.25,0
1992-02-07,29.01,16.14,0
1992-02-08,29.64,17.74,0
1992-02-09,29.29,18.21,0
1992-02-10,29.43,17.64,0
1992-02-11,28.74,17.31,0
1992-02-12,27.25,17.31,0.07
1992-02-13,28.36,16.69,0
1992-02-14,28.94,17.05,0
1992-02-15,29.19,17.6,0
1992-02-16,30.09,18.21,0
1992-02-17,30.18,18.52,0
1992-02-18,29.89,17.91,0
1992-02-19,30.17,17.52,0
1992-02-20,28.78,18.38,0
1992-02-21,29.18,18.52,0
1992-02-22,29.02,19.38,0.02
1992-02-23,28.67,18.95,0
1992-02-24,29.17,18.18,0
1992-02-25,27.09,17.72,0.12
1992-02-26,28.76,17.19,0
1992-02-27,28.23,16.41,0
1992-02-28,29.83,16.42,0
1992-02-29,31.37,16.28,0
1992-03-01,32.04,16.54,0
1992-03-02,32.52,17.93,0
1992-03-03,32.62,18.19,0
1992-03-04,32.71,18.61,0
1992-03-05,32.64,18.01,0
1992-03-06,32.49,17.95,0
1992-03-07,33.04,17.77,0
1992-03-08,32.19,18.12,0
1992-03-09,32.02,17.75,0
1992-03-10,31.68,17.64,0
1992-03-11,32.63,17.52,0
1992-03-12,32.05,18.32,0
1992-03-13,31.63,16.9,0
1992-03-14,31.56,14.75,0
1992-03-15,32.29,15.41,0
1992-03-16,33.72,17.82,0
1992-03-17,33.51,17.66,0
1992-03-18,33.73,19.05,0
1992-03-19,33.68,19.74,0
1992-03-20,33.61,18.8,0
1992-03-21,33.02,17.7,0
1992-03-22,32.55,16.49,0
1992-03-23,34.02,16.44,0
1992-03-24,33.74,16.56,0
1992-03-25,34.63,18.36,0
1992-03-26,34.38,17.95,0
1992-03-27,33.59,18.77,0
1992-03-28,34.66,19.48,0
1992-03-29,34.58,20.15,0
1992-03-30,34.13,20.87,0
1992-03-31,33.01,20.81,0
1992-04-01,33.2,19.15,0
1992-04-02,33.27,18.57,0
1992-04-03,33.44,18.25,0
1992-04-04,34.49,21.11,0
1992-04-05,34.03,20.92,0
1992-04-06,35.04,22.33,0
1992-04-07,34.65,22.85,0
1992-04-08,33.84,22.47,0
1992-04-09,35.2,22.23,0
1992-04-10,34.99,21.65,0
1992-04-11,34.31,21.39,0
1992-04-12,34.52,19.54,0
1992-04-13,34.47,19.29,0
1992-04-14,34.64,19.98,0
1992-04-15,34.08,20.64,0
1992-04-16,34.14,22.46,0.04
1992-04-17,33.76,22.03,1.51
1992-04-18,32.19,21.18,11.02
1992-04-19,32.93,21.23,0.05
1992-04-20,33.56,21.61,0
1992-04-21,34.24,21.55,0
1992-04-22,35.21,21.79,0
1992-04-23,33.97,21.75,0.23
1992-04-24,33.29,21.31,5.76
1992-04-25,31.84,20.65,4.98
1992-04-26,31.12,20.78,3.6999999999999997
1992-04-27,31.22,20.76,0.16
1992-04-28,32.88,21.11,0.30000000000000004
1992-04-29,32.94,21.61,0.03
1992-04-30,34.2,21.92,0
1992-05-01,34.05,22.11,0
1992-05-02,33.04,22.69,0.86
1992-05-03,33.04,22.66,12.11
1992-05-04,32.58,22.29,7.88
1992-05-05,31.29,21.93,2.0100000000000002
1992-05-06,31.38,21.05,2.25
1992-05-07,31.49,20.97,0.08
1992-05-08,32.4,20.79,11
1992-05-09,32.79,20.86,0.6900000000000001
1992-05-10,31.55,21.86,1.36
1992-05-11,31.36,20.49,13.78
1992-05-12,31.79,20.76,0.01
1992-05-13,32.16,20.8,0
1992-05-14,31.5,21.06,0.7
1992-05-15,30.92,20.71,2.3200000000000003
1992-05-16,30.93,21.24,14.95
1992-05-17,30.52,21.35,6.29
1992-05-18,30.54,20.62,25.419999999999998
1992-05-19,27.92,20.9,0.58
1992-05-20,30.52,20.24,0
1992-05-21,31.13,20.38,0
1992-05-22,32.7,21.01,0.16
1992-05-23,32.55,21.86,1.51
1992-05-24,30.86,21.91,2.04
1992-05-25,31.2,21.49,0.34
1992-05-26,31.91,21.71,1.71
1992-05-27,31.6,21.14,16.83
1992-05-28,29.32,21.57,11.33
1992-05-29,30.91,20.77,7.8
1992-05-30,28.97,21.3,9.9
1992-05-31,30.47,20.99,19.66
1992-06-01,30.35,21.11,5.03
1992-06-02,30.57,19.86,16.63
1992-06-03,29.63,20.49,9.85
1992-06-04,30.51,20.23,10.16
1992-06-05,28.95,20.04,27.7
1992-06-06,28.04,20.78,17.08
1992-06-07,29.29,20.85,7.199999999999999
1992-06-08,29.24,20.41,5.5600000000000005
1992-06-09,28,21.49,4.11
1992-06-10,29.7,20.41,1.96
1992-06-11,29.59,21.02,1.48
1992-06-12,29.54,21.31,5.08
1992-06-13,28.14,21.15,2.53
1992-06-14,27.16,21.16,1.51
1992-06-15,27.48,20.74,4.12
1992-06-16,25.31,21.63,0.88
1992-06-17,27.85,21.43,0.9
1992-06-18,28.17,21.72,1.05
1992-06-19,25.23,21.45,2.19
1992-06-20,25.21,20.32,1.53
1992-06-21,26.84,20.98,2.84
1992-06-22,27.2,20.82,1.55
1992-06-23,27.28,20.66,0.84
1992-06-24,27.24,20.08,0.46
1992-06-25,28.52,19.71,0.59
1992-06-26,26.99,19.8,0.53
1992-06-27,26.63,20.6,1.34
1992-06-28,26.41,20.7,2.16
1992-06-29,27.01,20.9,2.47
1992-06-30,27.17,20.58,6.13
1992-07-01,27.76,20.93,1.41
1992-07-02,26.03,21.36,2.43
1992-07-03,27.53,20.92,3.2800000000000002
1992-07-04,28.64,20.48,0
1992-07-05,29.29,20.47,1.06
1992-07-06,29.2,19.71,11.84
1992-07-07,26.69,19.75,4.14
1992-07-08,27.99,18.73,12.19
1992-07-09,27.34,18.9,0.28
1992-07-10,27.57,19.45,0.29000000000000004
1992-07-11,27.1,19.5,5.96
1992-07-12,27.83,20.43,0.56
1992-07-13,27.77,20.31,1.48
1992-07-14,28.15,19.56,1.23
1992-07-15,26.33,19.06,3.84
1992-07-16,27.83,20.07,4.84
1992-07-17,26.95,19.64,2.39
1992-07-18,25.63,19.76,1.3900000000000001
1992-07-19,26.98,20.29,1.2
1992-07-20,26.47,20.54,2.83
1992-07-21,25.17,20.05,7.0600000000000005
1992-07-22,26.08,20.25,0.43
1992-07-23,26.65,20.49,8.09
1992-07-24,27.15,20.63,1.74
1992-07-25,26.24,20.88,0.45
1992-07-26,24.93,20.4,3.29
1992-07-27,24.63,20.57,3.74
1992-07-28,26.56,20.05,1.18
1992-07-29,28.21,20.28,0.86
1992-07-30,26.93,20,0.53
1992-07-31,27.78,20.07,1.22
1992-08-01,26.48,20.34,1.14
1992-08-02,26.26,20.3,5.08
1992-08-03,24.68,19.85,8.39
1992-08-04,26.37,19.4,7.33
1992-08-05,28.29,19.41,8.97
1992-08-06,28.54,20.67,19.97
1992-08-07,28.28,21.25,6.21
1992-08-08,27.47,20.13,10.030000000000001
1992-08-09,26.6,20.33,2.74
1992-08-10,26.42,19.68,3.9299999999999997
1992-08-11,23.72,19.38,7.64
1992-08-12,23.66,19.46,6.18
1992-08-13,25.22,20.35,2.13
1992-08-14,23.89,19.3,5.57
1992-08-15,25.95,19.38,0.38
1992-08-16,27.29,19.64,0.5900000000000001
1992-08-17,25.88,19.94,4.51
1992-08-18,25.2,19.97,4.72
1992-08-19,26.02,20.78,1.14
1992-08-20,25.3,20.14,2.18
1992-08-21,25.84,18.72,0.5800000000000001
1992-08-22,27.09,19.13,0.83
1992-08-23,26.42,18.78,0.93
1992-08-24,27.76,19.83,0.12
1992-08-25,28.26,19.63,0.11
1992-08-26,27.89,19.3,0.28
1992-08-27,27.05,19.62,2.07
1992-08-28,26.92,18.92,0.6900000000000001
1992-08-29,27.36,19.28,3.4699999999999998
1992-08-30,26.93,19.55,10.469999999999999
1992-08-31,26.79,19.73,2.17
1992-09-01,27.29,20.04,3.48
1992-09-02,27.07,19.69,3.49
1992-09-03,25.68,19.63,0.63
1992-09-04,27.58,19.5,2.26
1992-09-05,26.7,19.8,4.5200000000000005
1992-09-06,25.98,19.6,6.22
1992-09-07,25.21,20.15,1.94
1992-09-08,26.66,19.62,0.74
1992-09-09,27.09,18.48,1.08
1992-09-10,26.62,18.47,0.15
1992-09-11,27.26,18.42,0.03
1992-09-12,27,18.66,0.29
1992-09-13,27.04,17.86,0
1992-09-14,27.47,18.14,0.13
1992-09-15,27.86,19.21,2.41
1992-09-16,27.04,19.16,6.390000000000001
1992-09-17,27.23,19.14,8.79
1992-09-18,26.33,19.13,17.58
1992-09-19,27.59,18.92,19.75
1992-09-20,27.64,19.25,6.21
1992-09-21,28.74,19.58,0.45
1992-09-22,28.4,19.59,0.83
1992-09-23,29.01,19.95,0.77
1992-09-24,28.65,19.74,0.35000000000000003
1992-09-25,28.44,19.4,0.04
1992-09-26,28.2,19.43,0.05
1992-09-27,27.17,19.46,19.68
1992-09-28,24.43,19.58,18.59
1992-09-29,26.85,19.68,5.01
1992-09-30,26.29,19.98,4.45
1992-10-01,27.72,20.19,1.21
1992-10-02,27.01,19.89,5.48
1992-10-03,26.19,19.91,2.89
1992-10-04,26.83,19.58,20.31
1992-10-05,25.09,19.6,12.78
1992-10-06,26.55,19.07,13.43
1992-10-07,26.16,19.65,8.05
1992-10-08,24.09,19.59,3.18
1992-10-09,28.55,19.72,0.27
1992-10-10,27.41,19.9,2.35
1992-10-11,26.88,19.56,4.38
1992-10-12,27.06,19.5,4.5
1992-10-13,27.27,19.65,1.22
1992-10-14,26.95,19.63,0.1
1992-10-15,26.8,19.63,13.030000000000001
1992-10-16,25.99,19.25,15.48
1992-10-17,24.97,18.59,0.6699999999999999
1992-10-18,26.66,19.46,1.95
1992-10-19,27.83,18.14,0.09
1992-10-20,28.33,17.26,0
1992-10-21,27.54,18.34,0.16
1992-10-22,27.33,18.97,0
1992-10-23,27.38,18.97,0.21
1992-10-24,26.16,19.02,0.25
1992-10-25,27.33,18.88,2.6
1992-10-26,27.77,19.24,1.06
1992-10-27,26.1,18.04,0.5
1992-10-28,26.63,17.5,0
1992-10-29,26.77,17.22,0.12
1992-10-30,26.94,16.86,0
1992-10-31,27.05,17.17,0
1992-11-01,26.78,17.24,0
1992-11-02,25.72,17.74,2.4699999999999998
1992-11-03,26.65,17.95,0.07
1992-11-04,27.49,18.26,0
1992-11-05,27.2,18.33,0.41
1992-11-06,26.68,18.15,0.06
1992-11-07,26.19,18.18,0.26
1992-11-08,24.43,19.93,8.4
1992-11-09,26.06,19.11,1.43
1992-11-10,27.03,18.71,0.03
1992-11-11,26.26,18.21,0.2
1992-11-12,26.48,19.24,0.72
1992-11-13,24.1,18.77,8.84
1992-11-14,23.61,19.08,6.140000000000001
1992-11-15,23.56,19.28,12.56
1992-11-16,22.99,19.23,3.24
1992-11-17,23.99,19.71,5.68
1992-11-18,25.76,19.49,1.56
1992-11-19,26.24,19.48,8.44
1992-11-20,25.54,19.46,6.03
1992-11-21,26.6,18.9,0
1992-11-22,26.75,19.79,0.51
1992-11-23,26.99,19.49,0.24000000000000002
1992-11-24,27.79,17.06,0
1992-11-25,26.84,17.18,0
1992-11-26,26.67,17.81,0.07
1992-11-27,27.38,17.26,0
1992-11-28,27.07,18.04,0.01
1992-11-29,24.2,16.82,0.02
1992-11-30,25.51,16.44,0
1992-12-01,26.12,16.56,0
1992-12-02,26.17,15.98,0
1992-12-03,25.19,16.58,1.17
1992-12-04,24.37,18.2,1.21
1992-12-05,23.37,18.03,0.91
1992-12-06,25.12,14.45,0.02
1992-12-07,25.58,14.25,0
1992-12-08,24.16,13.78,0
1992-12-09,23.83,14.04,0
1992-12-10,23.78,13.56,0
1992-12-11,24.45,13.72,0
1992-12-12,25.07,13.88,0
1992-12-13,25.45,15.7,0
1992-12-14,25.92,15.96,0
1992-12-15,26.57,14.47,0
1992-12-16,25.1,15.18,0
1992-12-17,26.01,15.46,0.03
1992-12-18,25.89,15.43,0.06
1992-12-19,24.15,17.92,0.81
1992-12-20,24.51,13.5,0.06999999999999999
1992-12-21,25.23,13.79,0
1992-12-22,24.97,12.5,0
1992-12-23,25,12.03,0
1992-12-24,24.98,12.43,0
1992-12-25,24.83,12.3,0
1992-12-26,24.84,12.02,0
1992-12-27,25.33,11.92,0
1992-12-28,25.01,11.5,0
1992-12-29,26.29,12.46,0
1992-12-30,24.68,13.02,0
1992-12-31,25.81,12.9,0
1993-01-01,24.73,13.35,0
1993-01-02,26.09,12.45,0
1993-01-03,26.91,12.57,0
1993-01-04,25.68,12.53,0
1993-01-05,27.32,12.91,0
1993-01-06,27.83,13.66,0
1993-01-07,26.27,12.17,0
1993-01-08,28.3,11.97,0
1993-01-09,28.15,12.64,0
1993-01-10,28.24,14.93,0
1993-01-11,27.73,15.19,0
1993-01-12,28.81,15.03,0
1993-01-13,29.29,15.52,0
1993-01-14,28.87,15.73,0
1993-01-15,27.11,15.19,0
1993-01-16,27.38,14.94,0
1993-01-17,27.33,14.02,0
1993-01-18,27.58,13.67,0
1993-01-19,27.79,13.76,0
1993-01-20,28.46,14.68,0
1993-01-21,27.64,16.26,0
1993-01-22,26.33,14.15,0
1993-01-23,28.16,14.24,0
1993-01-24,27.5,15.06,0
1993-01-25,27.91,15.12,0
1993-01-26,28.42,13.69,0
1993-01-27,30.07,13.93,0
1993-01-28,29.85,15.44,0
1993-01-29,29.96,15.32,0
1993-01-30,28.48,14.86,0.01
1993-01-31,27.78,14.33,0
1993-02-01,28.1,14.19,0
1993-02-02,26.73,14.31,0
1993-02-03,26.19,14.44,0
1993-02-04,25.71,13.66,0
1993-02-05,26.65,13.74,0
1993-02-06,27.5,14.44,0
1993-02-07,27.84,13.62,0
1993-02-08,29.48,13.53,0
1993-02-09,30,15.27,0
1993-02-10,28.79,15.23,0
1993-02-11,28.3,15.42,0
1993-02-12,26.69,16.98,0.01
1993-02-13,29.03,16.75,0
1993-02-14,30.26,16.67,0
1993-02-15,32.11,17.74,0
1993-02-16,31.73,19.67,0
1993-02-17,32.23,20.19,0
1993-02-18,32.89,19.25,0
1993-02-19,32.78,18.83,0
1993-02-20,31.61,18.29,0
1993-02-21,30.94,18,0.02
1993-02-22,29.86,18.96,0.49000000000000005
1993-02-23,29.14,18.93,0.34
1993-02-24,30.19,17.03,0
1993-02-25,30.11,17.38,0
1993-02-26,29.59,17.95,0
1993-02-27,30.24,18.57,0
1993-02-28,28.84,18.69,1.59
1993-03-01,27.86,19.34,1.28
1993-03-02,27.95,19.32,2.3
1993-03-03,29.48,17.63,0.15
1993-03-04,30.24,17.5,0
1993-03-05,32.25,17.08,0
1993-03-06,32.17,18.08,0
1993-03-07,31.41,18.41,0
1993-03-08,31.81,18.17,0
1993-03-09,31.23,18.13,0
1993-03-10,30.89,17.89,0
1993-03-11,31.42,17.64,0
1993-03-12,30.82,20.06,0
1993-03-13,31.47,19.74,0.18
1993-03-14,32.18,20.31,0.08
1993-03-15,32.44,22.35,0.13999999999999999
1993-03-16,31.56,22.75,0.09999999999999999
1993-03-17,33.83,21.87,0
1993-03-18,34.46,21.33,0
1993-03-19,33.47,20.85,0
1993-03-20,33.23,21.61,0
1993-03-21,32.78,21.2,0
1993-03-22,32.84,21.27,0
1993-03-23,31.88,22.25,0.29
1993-03-24,31.74,21.16,1.32
1993-03-25,32.82,20.86,0
1993-03-26,31.11,21.34,0.89
1993-03-27,31.52,21.54,0
1993-03-28,33.55,21.28,0
1993-03-29,33.11,21.5,0
1993-03-30,33.51,20.77,0
1993-03-31,31.99,20.64,0
1993-04-01,30.52,20.89,0.16
1993-04-02,31.77,21.35,0.59
1993-04-03,33.08,20.12,0
1993-04-04,33.37,19.11,0
1993-04-05,33.25,20.41,0
1993-04-06,33.47,20.66,0
1993-04-07,33.2,21.53,0
1993-04-08,34.21,21.74,0.01
1993-04-09,33.69,22.46,0.7
1993-04-10,33.2,21.95,0.36
1993-04-11,31.67,20.52,15.42
1993-04-12,32.6,20.82,0
1993-04-13,32.71,20.65,0
1993-04-14,30.67,21.36,4.47
1993-04-15,30.87,21.23,2.7
1993-04-16,32.44,21.48,0.05
1993-04-17,32.51,21.52,0.04
1993-04-18,32.98,21.76,0.02
1993-04-19,34.35,23.17,0.11
1993-04-20,33.86,23.24,0.04
1993-04-21,35.01,23.06,0
1993-04-22,37.23,22.35,0
1993-04-23,35.79,22.09,0
1993-04-24,35.64,23.08,0.02
1993-04-25,34.66,23.18,0.11
1993-04-26,35,22.68,0
1993-04-27,35.89,23.09,0
1993-04-28,34.95,23.21,0.06
1993-04-29,35.08,23.67,0.17
1993-04-30,34.56,23.15,2.45
1993-05-01,35.36,23.02,0.57
1993-05-02,36.59,23.98,0
1993-05-03,35.67,23.51,0
1993-05-04,34.13,23.01,0.8200000000000001
1993-05-05,36.35,23.01,0
1993-05-06,36.31,23.11,0.05
1993-05-07,36.94,23.05,0
1993-05-08,34.99,22.63,0.56
1993-05-09,33.92,22.2,14.23
1993-05-10,33.49,22.84,2.15
1993-05-11,33.27,22.72,4.54
1993-05-12,32.78,22.87,0.5599999999999999
1993-05-13,33.5,23.12,6.6499999999999995
1993-05-14,31.54,21.27,4.74
1993-05-15,31.3,19.82,14.34
1993-05-16,31.91,19.88,9.07
1993-05-17,30.74,20.2,3.24
1993-05-18,29.72,20.91,12.05
1993-05-19,29.69,20.7,19.060000000000002
1993-05-20,28.64,20.24,13.01
1993-05-21,30.75,20.57,1.74
1993-05-22,30.03,21.27,0.15
1993-05-23,31.19,21.38,0.2
1993-05-24,31.12,21.71,7.64
1993-05-25,30.98,21.1,20.85
1993-05-26,30.08,21.22,18.259999999999998
1993-05-27,25.29,21.83,21.939999999999998
1993-05-28,27.69,20.91,10.37
1993-05-29,29.55,20.85,0.060000000000000005
1993-05-30,30.98,20.12,0
1993-05-31,30.26,20.25,0
1993-06-01,30.91,21.81,0.5
1993-06-02,30.52,22.23,9.08
1993-06-03,28.38,20.34,16.29
1993-06-04,28.13,20.43,27.59
1993-06-05,26.45,20.22,27.66
1993-06-06,27.9,20.57,10.549999999999999
1993-06-07,28.36,20.48,4.81
1993-06-08,27.32,21.12,2.1
1993-06-09,27.23,20.57,0.52
1993-06-10,28.01,20.52,0.29
1993-06-11,27.94,20.82,0.6
1993-06-12,27.55,21.65,0.6
1993-06-13,27.35,21.11,2.9899999999999998
1993-06-14,24.63,19.58,6.1
1993-06-15,25.33,19.83,4.16
1993-06-16,28.27,20.79,0.55
1993-06-17,28.07,21.17,0.74
1993-06-18,26.87,21.46,0.74
1993-06-19,28.05,21.34,0.19
1993-06-20,28.87,20.43,0.6799999999999999
1993-06-21,29.04,20.63,0.55
1993-06-22,28.6,20.15,0.26
1993-06-23,28.55,19.86,0.2
1993-06-24,28.62,20.1,0.04
1993-06-25,27.57,20.79,0.03
1993-06-26,29.21,20.99,0.08
1993-06-27,29.5,21.27,0.5700000000000001
1993-06-28,29.57,21.26,0.52
1993-06-29,29.31,20.9,4.46
1993-06-30,27.92,20.99,3.02
1993-07-01,29.25,21.04,0.39
1993-07-02,30.05,21.1,3.04
1993-07-03,24.71,20.63,0.67
1993-07-04,24.93,20.14,3.99
1993-07-05,26.68,19.82,0.34
1993-07-06,28.6,19.66,1.6300000000000001
1993-07-07,26.14,19.66,6.7700000000000005
1993-07-08,26.48,20.08,0.26
1993-07-09,27.96,20.68,0.87
1993-07-10,26.55,20.33,1.17
1993-07-11,26.37,20.51,1.55
1993-07-12,26.1,20.9,2.68
1993-07-13,26.9,21.82,0.43
1993-07-14,26.91,21.99,1.15
1993-07-15,26.5,21.07,1.26
1993-07-16,25.71,20.65,2.48
1993-07-17,28.97,20.19,2.25
1993-07-18,28.85,20.4,3.1500000000000004
1993-07-19,27.91,20.03,3.3
1993-07-20,28.7,19.84,7.02
1993-07-21,27.44,19.81,4.27
1993-07-22,27.26,19.45,3.73
1993-07-23,27.04,19.63,4.59
1993-07-24,26.36,19.51,3.79
1993-07-25,23.66,19.63,18.34
1993-07-26,24.51,20.5,9.56
1993-07-27,23.77,20,4.82
1993-07-28,26.17,20.13,1.64
1993-07-29,26.8,20.75,1.4100000000000001
1993-07-30,27.21,21.22,1.45
1993-07-31,26.3,21.28,1.48
1993-08-01,27.23,21.11,1.6
1993-08-02,26.05,21.05,0.9500000000000001
1993-08-03,26.65,21.11,1.72
1993-08-04,26.31,20.45,0.42
1993-08-05,26.83,19.7,0.64
1993-08-06,27.81,19.52,0.46
1993-08-07,29.34,20.2,1.9500000000000002
1993-08-08,28.03,19.92,0.81
1993-08-09,26.67,19.87,0.29
1993-08-10,26.34,19.88,0.37
1993-08-11,23.98,19.8,5.09
1993-08-12,26.67,20.34,1.34
1993-08-13,25.96,20.47,2.26
1993-08-14,24.67,19.22,7.91
1993-08-15,24.73,19.7,5.05
1993-08-16,26.61,20.07,0.36
1993-08-17,27.01,20.14,1.82
1993-08-18,26.45,20.27,0.27
1993-08-19,27.64,20.12,0.9600000000000001
1993-08-20,27.71,19.92,0.49
1993-08-21,27.87,19.73,0.1
1993-08-22,28.25,19.28,2.34
1993-08-23,27.05,19.26,0.31
1993-08-24,27.18,20.25,0.36
1993-08-25,25.67,19.43,0.5900000000000001
1993-08-26,25.92,19.47,5.67
1993-08-27,26.59,19.89,5.08
1993-08-28,25.66,19.79,8.32
1993-08-29,28.25,19.78,14.01
1993-08-30,27.73,19.85,5.67
1993-08-31,26.18,19.46,11.41
1993-09-01,25.57,18.97,17.18
1993-09-02,25,19.18,2.36
1993-09-03,26.57,19.49,6.88
1993-09-04,25.54,19.23,16.79
1993-09-05,22.84,19.19,4.47
1993-09-06,25.36,19.15,4.57
1993-09-07,25.6,19.26,0.84
1993-09-08,26.17,18.67,0.43
1993-09-09,27.17,18.83,1.98
1993-09-10,27.92,18.65,0.12
1993-09-11,28.54,19.29,1.42
1993-09-12,28.12,19.11,0.28
1993-09-13,27,19.18,6.83
1993-09-14,27.45,19.82,0.7000000000000001
1993-09-15,27.87,19.53,0.04
1993-09-16,28.08,19.59,0.01
1993-09-17,27.89,19.94,0.72
1993-09-18,28.7,19.17,0.09
1993-09-19,28.06,19.37,1.48
1993-09-20,26.77,19.94,1.4
1993-09-21,28.16,19.57,3.17
1993-09-22,26.96,19.4,0.01
1993-09-23,26.91,19.8,1.94
1993-09-24,26.38,18.47,0.39
1993-09-25,26.89,18.26,0.21
1993-09-26,28.22,18.25,0.32
1993-09-27,29.25,19.45,0.03
1993-09-28,30.2,19.22,0.11
1993-09-29,29.66,19.54,23.13
1993-09-30,28.84,19.47,11.719999999999999
1993-10-01,28.85,20.67,13.82
1993-10-02,27,19.96,6.58
1993-10-03,27.16,19.86,14.15
1993-10-04,24.2,19.61,16.74
1993-10-05,27.27,19.63,4.53
1993-10-06,27.62,19.83,2.81
1993-10-07,27.21,20.2,11.25
1993-10-08,25.05,19.42,12.36
1993-10-09,26.22,19.53,1.75
1993-10-10,23.74,19.65,6.39
1993-10-11,27.16,19.97,9.87
1993-10-12,26.09,19.5,24.330000000000002
1993-10-13,26.12,19.39,10.39
1993-10-14,26.05,19.69,13.37
1993-10-15,26.46,19.81,7.6
1993-10-16,26.36,20.01,15.29
1993-10-17,25.97,20,2.91
1993-10-18,26.68,19.41,1.9300000000000002
1993-10-19,26.79,19.58,1
1993-10-20,26.82,19.89,1.46
1993-10-21,26.34,19.93,1.36
1993-10-22,25.39,19.49,19.09
1993-10-23,26.99,19.35,1.5
1993-10-24,28.23,19.78,0
1993-10-25,28.01,18.75,0.02
1993-10-26,28.13,17.4,0
1993-10-27,28.91,18.02,0
1993-10-28,27.84,18.11,0
1993-10-29,28.64,18.14,0
1993-10-30,27.24,17.49,0.75
1993-10-31,25.71,19.92,5.91
1993-11-01,27.25,20.08,2.85
1993-11-02,25.81,19.91,3.77
1993-11-03,25.56,19.67,1.03
1993-11-04,27.02,20.01,0.62
1993-11-05,26.71,19.45,0.46
1993-11-06,25.99,19.09,0.8
1993-11-07,24.66,19.46,0.66
1993-11-08,24.3,18.92,7.5600000000000005
1993-11-09,21.76,19.19,7.38
1993-11-10,22.26,19.23,3.8400000000000003
1993-11-11,24.26,19.33,1.17
1993-11-12,24.53,19.89,1.73
1993-11-13,26.05,19.24,1.4000000000000001
1993-11-14,26.43,18.72,0.22
1993-11-15,26.74,18.23,0
1993-11-16,27.64,18.9,0.23
1993-11-17,27.86,19.34,1.6500000000000001
1993-11-18,27.41,17.48,0.29
1993-11-19,25.18,16.43,0
1993-11-20,25.96,16.04,0
1993-11-21,26.26,15.64,0
1993-11-22,26.09,15.65,0
1993-11-23,26.4,16.92,0.01
1993-11-24,25.63,18.22,1.18
1993-11-25,24.87,18.18,1.06
1993-11-26,25.75,15.57,0
1993-11-27,26.27,14.63,0
1993-11-28,25.56,14.1,0
1993-11-29,24.96,14.13,0
1993-11-30,25.49,15.47,0.91
1993-12-01,25.43,17.45,14.65
1993-12-02,25.92,15.71,0.06
1993-12-03,24.46,15.92,0.57
1993-12-04,18.21,16.4,48.980000000000004
1993-12-05,24.72,17.64,2.4
1993-12-06,24.54,19.54,2.82
1993-12-07,23.54,16.36,1.29
1993-12-08,24.59,15.07,0
1993-12-09,26.08,15.45,0
1993-12-10,26.32,15.75,0.01
1993-12-11,25.68,15.97,0
1993-12-12,26.39,16.22,0
1993-12-13,25.36,16.02,0
1993-12-14,25.56,17.39,0.04
1993-12-15,24.14,17.53,0.05
1993-12-16,24.61,17.87,0.08
1993-12-17,23.51,17.59,0.17
1993-12-18,25.2,14.46,0
1993-12-19,24.7,13.97,0
1993-12-20,25.16,15.69,0.11000000000000001
1993-12-21,23.14,18.49,1.24
1993-12-22,22.51,16.56,0.07
1993-12-23,23.58,14.83,0.01
1993-12-24,23.83,14.34,0
1993-12-25,26.15,13.87,0
1993-12-26,25.12,13.46,0
1993-12-27,25.18,13.54,0
1993-12-28,23.95,16.07,0.21000000000000002
1993-12-29,26.61,16.48,0.03
1993-12-30,26.55,16.27,0.06
1993-12-31,26.61,15.3,0
1994-01-01,26.24,15.45,0
1994-01-02,25.7,15.54,0
1994-01-03,25.96,16.92,0.01
1994-01-04,26.71,14.35,0
1994-01-05,26.81,13.86,0
1994-01-06,26.66,13.92,0
1994-01-07,25.85,16.25,0.07
1994-01-08,27.3,15.03,0
1994-01-09,26.47,14.75,0
1994-01-10,25.68,14.36,0
1994-01-11,25.07,14.35,0
1994-01-12,27.07,14.9,0
1994-01-13,28.95,17.43,0
1994-01-14,28.17,17.53,0.04
1994-01-15,29.05,17.79,0.03
1994-01-16,28.31,20.03,3.4699999999999998
1994-01-17,28.69,19.66,11.1
1994-01-18,26.55,19.66,1.45
1994-01-19,25.86,18.63,4.22
1994-01-20,26.07,17.3,0.16
1994-01-21,26.46,14.97,0
1994-01-22,26.62,14.13,0
1994-01-23,25.73,14.83,0.18000000000000002
1994-01-24,27.56,14.07,0
1994-01-25,28.15,13.94,0
1994-01-26,28.32,15.16,0
1994-01-27,28.31,14.7,0
1994-01-28,28.72,14.44,0
1994-01-29,28.65,13.78,0
1994-01-30,29.81,13.5,0
1994-01-31,29.37,16.18,0
1994-02-01,29.5,17.39,0
1994-02-02,28.85,16.68,0
1994-02-03,28.76,15.3,0
1994-02-04,28.9,15.05,0
1994-02-05,27.99,17.15,0.01
1994-02-06,29.52,17.08,0
1994-02-07,30.19,18.09,0.01
1994-02-08,27.89,19.87,1.58
1994-02-09,28.75,19.97,1.58
1994-02-10,28.68,19.6,1.97
1994-02-11,28.68,20.6,1.32
1994-02-12,27.54,20.16,13.08
1994-02-13,27.92,19.92,1.25
1994-02-14,28.88,19.65,0.08
1994-02-15,30.32,19.31,0.04
1994-02-16,29.63,18.29,0.03
1994-02-17,30.97,17.27,0
1994-02-18,30.77,17.35,0
1994-02-19,31.06,17.7,0
1994-02-20,30.79,17.77,0
1994-02-21,31.21,18.7,0
1994-02-22,29.96,19.46,0
1994-02-23,30.88,19.71,0
1994-02-24,29.43,17.48,0
1994-02-25,30.46,17.36,0
1994-02-26,30.27,17.5,0
1994-02-27,30.65,16.23,0
1994-02-28,31.12,16.14,0
1994-03-01,31.2,17.49,0
1994-03-02,31.04,17.12,0
1994-03-03,29.79,15.97,0
1994-03-04,30.1,15.64,0
1994-03-05,31.21,15.21,0
1994-03-06,32.58,15.79,0
1994-03-07,33.26,17.01,0
1994-03-08,33.13,18.31,0
1994-03-09,32.94,19.15,0
1994-03-10,32.46,18.73,0
1994-03-11,33.62,18.43,0
1994-03-12,33.74,19.8,0
1994-03-13,33.21,20.22,0
1994-03-14,33.91,20.32,0
1994-03-15,33.78,19.67,0
1994-03-16,34.06,18.99,0
1994-03-17,33.43,18.91,0
1994-03-18,34.8,19.12,0
1994-03-19,35.42,19.59,0
1994-03-20,34.51,21.33,0
1994-03-21,34.16,22.29,0.01
1994-03-22,34.92,21.57,0
1994-03-23,34.62,21.66,0
1994-03-24,32.85,21.71,2.37
1994-03-25,34.71,21.84,0.03
1994-03-26,32.87,21.76,0.06
1994-03-27,32.46,21.87,0.57
1994-03-28,35.03,21.42,0.02
1994-03-29,34,21.36,0
1994-03-30,31.47,21.93,0.07
1994-03-31,33.57,22.08,0.01
1994-04-01,31.17,21.87,7.9
1994-04-02,30.57,19.53,24.580000000000002
1994-04-03,29.24,20.11,6.44
1994-04-04,30.91,20.51,0
1994-04-05,31.04,20.41,0.01
1994-04-06,32.46,20.57,0
1994-04-07,31.34,21.11,0.07
1994-04-08,31.11,20.88,0.02
1994-04-09,31.36,21.14,0.16
1994-04-10,28.76,19.29,13.74
1994-04-11,27.3,19.16,12.47
1994-04-12,28.83,19.66,6.69
1994-04-13,30.9,20.27,0
1994-04-14,32.05,19.23,0
1994-04-15,31.44,19.07,0.05
1994-04-16,30.83,21.6,0.64
1994-04-17,31.6,21.54,1.99
1994-04-18,31.48,21.01,7.140000000000001
1994-04-19,31.64,21.4,0
1994-04-20,33.65,21.71,0
1994-04-21,33.39,22.2,0
1994-04-22,34.64,22.12,0
1994-04-23,34.86,22.26,0.03
1994-04-24,33.3,23.59,0.44
1994-04-25,34.93,22.97,0.48
1994-04-26,34.69,23.16,0.63
1994-04-27,33.14,22.91,0.2
1994-04-28,32.98,21.72,9.02
1994-04-29,32.16,21.65,2.77
1994-04-30,32.34,21.6,1.3599999999999999
1994-05-01,33.56,21.51,0
1994-05-02,34.02,22.18,0
1994-05-03,34.58,22.06,0.01
1994-05-04,34.46,22.76,0.21
1994-05-05,33.68,22.41,1.19
1994-05-06,33.34,22.05,5.2700000000000005
1994-05-07,33.32,22.05,1.7300000000000002
1994-05-08,33.05,21,5.92
1994-05-09,33.96,21.61,0.05
1994-05-10,34.8,21.49,0
1994-05-11,33.5,21.27,1.24
1994-05-12,34.4,22.53,3.16
1994-05-13,34.58,22.65,0.71
1994-05-14,33.09,21.78,13.32
1994-05-15,31.57,21.84,19.47
1994-05-16,29.48,22.75,5.430000000000001
1994-05-17,32.51,22.38,2.11
1994-05-18,32.96,21.73,0.51
1994-05-19,32.95,21.7,0.03
1994-05-20,33.42,20.42,1.85
1994-05-21,33.17,20.4,15.649999999999999
1994-05-22,31.24,21.45,5.9
1994-05-23,29.36,21.77,2.39
1994-05-24,32.36,21.44,5.06
1994-05-25,31.81,20.91,9.82
1994-05-26,29.75,21.17,25.51
1994-05-27,28.83,21.89,24.64
1994-05-28,27.99,21.11,8.45
1994-05-29,29.34,21.39,0.7
1994-05-30,30.4,20.92,2.44
1994-05-31,29.86,20.89,4.63
1994-06-01,29.03,21.35,2.03
1994-06-02,27.3,21.6,5.38
1994-06-03,27.74,21.8,2.83
1994-06-04,27.87,21.51,1.06
1994-06-05,26.46,20.77,2.21
1994-06-06,27.34,20.43,4.76
1994-06-07,26.95,20.71,7.7
1994-06-08,28.73,21.08,7.09
1994-06-09,29.05,20.51,4.74
1994-06-10,26.25,20.4,2.47
1994-06-11,27.54,20.75,4.4799999999999995
1994-06-12,23.6,19.92,18.79
1994-06-13,24.76,19.99,8.07
1994-06-14,26.45,20.52,4.23
1994-06-15,26.66,20.98,0.84
1994-06-16,27.39,21.05,0.66
1994-06-17,28.63,21.09,0.38
1994-06-18,28.67,20.95,0.01
1994-06-19,28.07,20.32,0.39
1994-06-20,28.38,20.14,0.03
1994-06-21,27.59,19.79,0.22999999999999998
1994-06-22,28.16,19.92,0
1994-06-23,28.68,20.33,0.3
1994-06-24,28.66,20.76,0.8099999999999999
1994-06-25,28.6,20.63,2.46
1994-06-26,26.95,20.63,2.48
1994-06-27,27.2,20.8,0.32
1994-06-28,27.52,20.82,0.89
1994-06-29,26.19,20.48,6.11
1994-06-30,26.44,20.1,4.47
1994-07-01,26.58,20.25,1.31
1994-07-02,23.99,19.81,7.24
1994-07-03,25.2,20.12,2.74
1994-07-04,28.13,20.09,0.55
1994-07-05,28.54,19.79,0.55
1994-07-06,27.38,19.28,6.6899999999999995
1994-07-07,24.86,19.05,6.3
1994-07-08,26.04,19.86,3.94
1994-07-09,26.72,20.32,0.03
1994-07-10,23.58,20.62,3.34
1994-07-11,22.87,19.77,5.26
1994-07-12,23.03,20.23,13.78
1994-07-13,24.37,20.18,2.27
1994-07-14,24.29,20.36,2.72
1994-07-15,24.95,20.11,2.33
1994-07-16,25.99,20.1,0.16
1994-07-17,26.56,20.06,0.8200000000000001
1994-07-18,26.17,20.27,0.22
1994-07-19,26.02,20.67,0.47000000000000003
1994-07-20,26.49,20.55,1.61
1994-07-21,26.4,20.2,0.51
1994-07-22,26.24,20.17,1.54
1994-07-23,26.07,20.06,4.88
1994-07-24,25.8,20.25,2.63
1994-07-25,26.33,20.19,0.42
1994-07-26,26.78,20.85,2.1
1994-07-27,25.11,20.45,8.59
1994-07-28,25.39,20.26,5.65
1994-07-29,25.92,19.93,2.6
1994-07-30,24.38,20.23,2.97
1994-07-31,25.09,20.33,0.78
1994-08-01,26,20.22,2.94
1994-08-02,26.41,20.73,1.28
1994-08-03,25.87,20.26,1.53
1994-08-04,27.31,20.35,1.07
1994-08-05,27.17,19.97,1.68
1994-08-06,27.64,19.37,0.63
1994-08-07,27.32,19.45,0.43
1994-08-08,29.16,19.56,0.01
1994-08-09,28.87,19.97,0.01
1994-08-10,27.39,18.96,0
1994-08-11,26.85,19.24,1.44
1994-08-12,27.26,19.75,2.1
1994-08-13,27.88,19.65,0.2
1994-08-14,29.04,20.22,0.13
1994-08-15,29.47,20.3,0.9800000000000001
1994-08-16,28.12,20.06,0.9400000000000001
1994-08-17,26,19.85,0.9500000000000001
1994-08-18,24.92,20.4,2.75
1994-08-19,26.94,20,0.88
1994-08-20,25.79,19.68,0.24
1994-08-21,27.94,19.21,12.97
1994-08-22,25.42,19.19,7.22
1994-08-23,25.83,19.21,3.47
1994-08-24,26.82,19.72,0.6
1994-08-25,25.94,19.87,3.79
1994-08-26,25.08,19.88,0.71
1994-08-27,25.39,18.77,0.16
1994-08-28,25.75,19.33,7.36
1994-08-29,24.56,19.31,0.73
1994-08-30,25.27,20.61,1.79
1994-08-31,27.12,20.75,1.3900000000000001
1994-09-01,27.32,20.77,0.71
1994-09-02,26.14,19.99,0.99
1994-09-03,26.33,19.34,0.54
1994-09-04,25.87,19.57,1.57
1994-09-05,26.99,19.69,2.2
1994-09-06,27.23,19.8,1.51
1994-09-07,28.5,19.67,0.31
1994-09-08,27.7,19.3,0.22
1994-09-09,28.5,19.25,0.62
1994-09-10,28.07,19.53,0.7100000000000001
1994-09-11,29.05,19.32,0.1
1994-09-12,29.37,19.78,0.38
1994-09-13,28.95,19.5,0.17
1994-09-14,28.3,18.7,0
1994-09-15,27.26,18.36,0.16
1994-09-16,27.6,17.97,0.03
1994-09-17,26.56,16.86,0.01
1994-09-18,28.31,16.91,0
1994-09-19,28.47,17.3,0
1994-09-20,28.78,17.45,0
1994-09-21,29.96,18.38,0.01
1994-09-22,28.93,19.49,0.41
1994-09-23,27.63,20.02,6.36
1994-09-24,26.58,19.83,6.28
1994-09-25,27.15,19.9,4.49
1994-09-26,28.62,19.88,7.79
1994-09-27,28.03,19.77,25.3
1994-09-28,28.21,19.89,4.77
1994-09-29,28.14,19.54,0.44
1994-09-30,28.07,20.1,1.5
1994-10-01,27.16,19.67,10
1994-10-02,26.15,19.79,25.27
1994-10-03,27.46,19.85,19.51
1994-10-04,24.09,19.57,7.6000000000000005
1994-10-05,23.35,19.04,1.9300000000000002
1994-10-06,27.33,18.82,0.05
1994-10-07,26.89,18.08,0.01
1994-10-08,28.67,19.39,0.16999999999999998
1994-10-09,27.95,20.38,3.85
1994-10-10,28.99,20.06,11.030000000000001
1994-10-11,28.04,18.94,12.1
1994-10-12,27.66,18.99,10.200000000000001
1994-10-13,28.53,19.56,11.129999999999999
1994-10-14,27.76,19.73,3.88
1994-10-15,26.78,19.39,5.68
1994-10-16,25.11,19.13,13.25
1994-10-17,25.48,17.45,0.61
1994-10-18,25.82,17.73,6.09
1994-10-19,25.18,19.1,4.29
1994-10-20,27.27,19.38,1.06
1994-10-21,27.88,20.28,0.3
1994-10-22,27.78,18.83,3.91
1994-10-23,26.41,19.46,1.1400000000000001
1994-10-24,27.61,19.72,11.42
1994-10-25,26.78,20.37,9.25
1994-10-26,27.37,19.73,6.04
1994-10-27,25.8,19.79,7.47
1994-10-28,25.83,19.28,6.81
1994-10-29,25.76,19.54,1.45
1994-10-30,26.64,19.24,0.06
1994-10-31,22.99,18.42,1.51
1994-11-01,23.23,17.69,0
1994-11-02,24.1,18,0.87
1994-11-03,24.42,19.38,9.39
1994-11-04,24.28,19.21,11.93
1994-11-05,21.44,17.47,36.38
1994-11-06,21.99,17.32,8.45
1994-11-07,25.82,17.78,0.02
1994-11-08,25.34,17.42,0.41000000000000003
1994-11-09,25.41,17.53,2.45
1994-11-10,23.64,18.1,0.5
1994-11-11,25.27,18.36,1.1500000000000001
1994-11-12,24.28,17.85,0.4
1994-11-13,26.35,18.52,0.23
1994-11-14,26.42,18.45,0.65
1994-11-15,26.51,18.47,0.01
1994-11-16,25.52,18.81,0.12
1994-11-17,26.19,18.46,0
1994-11-18,25.09,18.19,0.68
1994-11-19,26.26,17.45,0.29000000000000004
1994-11-20,25.5,17.1,0.15
1994-11-21,24.96,18.09,1.04
1994-11-22,25.88,17.72,0.6699999999999999
1994-11-23,25.5,16.37,0
1994-11-24,25.86,17.22,0.02
1994-11-25,25.59,15.51,0
1994-11-26,26.1,14.86,0
1994-11-27,26.22,13.52,0
1994-11-28,25.28,13.6,0
1994-11-29,27.35,14.51,0
1994-11-30,27.11,15.86,0
1994-12-01,27.64,15.31,0
1994-12-02,26.63,14.48,0
1994-12-03,25.54,14.51,0
1994-12-04,25.26,14.58,0
1994-12-05,25.64,14.53,0
1994-12-06,25.02,14.48,0
1994-12-07,23.79,13.37,0
1994-12-08,25.31,14.08,0
1994-12-09,26.1,12.63,0
1994-12-10,26.77,12.5,0
1994-12-11,27.07,11.75,0
1994-12-12,27.22,11.48,0
1994-12-13,26.02,11.33,0
1994-12-14,24.8,12.7,0
1994-12-15,25.93,13.63,0
1994-12-16,26.84,13.56,0
1994-12-17,26.78,16.12,0
1994-12-18,25.93,16.51,0.17
1994-12-19,23.87,18.29,1.56
1994-12-20,23.59,18,1.75
1994-12-21,23.43,17.84,2.19
1994-12-22,23.08,16.56,0.21
1994-12-23,23.51,16.36,0.56
1994-12-24,23.96,15.92,0.03
1994-12-25,23.87,14.27,0
1994-12-26,24.56,14.38,0
1994-12-27,25.81,15.31,0
1994-12-28,26.35,16.06,0.06
1994-12-29,26.44,15.69,0
1994-12-30,26.27,14.43,0
1994-12-31,25.52,14.01,0
1995-01-01,26.65,12.25,0
1995-01-02,25.84,12,0
1995-01-03,26.41,12.95,0
1995-01-04,26.14,15.84,0
1995-01-05,26.46,15.74,0.01
1995-01-06,23.84,17.22,0.39
1995-01-07,22.03,17.8,2.44
1995-01-08,26.8,18.76,0.88
1995-01-09,27.73,17.97,0.26
1995-01-10,25.66,18.08,2.22
1995-01-11,25.49,16.97,1.22
1995-01-12,27.88,16.93,0
1995-01-13,27.94,17.49,0.33
1995-01-14,24.65,17.59,0.1
1995-01-15,25.36,17.74,0.96
1995-01-16,25.33,17.3,1.11
1995-01-17,24.63,15.79,2
1995-01-18,23.28,15.88,0.41
1995-01-19,23.12,16.62,0.33
1995-01-20,26.48,16.58,0
1995-01-21,28.38,14.49,0.01
1995-01-22,29.31,14.41,0
1995-01-23,29.71,14.26,0
1995-01-24,28.32,15.89,0
1995-01-25,27.64,14.63,0
1995-01-26,27.24,14.73,0
1995-01-27,26.62,14.63,0.03
1995-01-28,26.83,15.58,0
1995-01-29,27.63,15.42,0
1995-01-30,28.21,15.61,0
1995-01-31,28.34,16.84,0
1995-02-01,28.48,17.14,0.03
1995-02-02,28.8,17.65,0
1995-02-03,29.43,17.79,0
1995-02-04,29.41,17.82,0
1995-02-05,28.79,18.05,0.01
1995-02-06,28.52,15.03,0
1995-02-07,28.89,14.86,0
1995-02-08,29.58,15.39,0
1995-02-09,30.63,16.59,0
1995-02-10,30.43,16.73,0
1995-02-11,30.79,17.7,0
1995-02-12,30.43,15.71,0
1995-02-13,30.35,15.43,0
1995-02-14,31.36,15.61,0
1995-02-15,31.5,16.23,0
1995-02-16,31.5,18.04,0
1995-02-17,30.74,19.26,0
1995-02-18,29.93,21.1,0.08
1995-02-19,31.34,20.45,0.14
1995-02-20,31.15,20.21,0.12
1995-02-21,30.46,19.79,0.08
1995-02-22,31.27,19.44,0
1995-02-23,31.3,19.59,0
1995-02-24,31.88,19.79,0
1995-02-25,31.84,18.95,0
1995-02-26,30.85,18.94,0.01
1995-02-27,31.52,20,0
1995-02-28,32.31,19.58,0
1995-03-01,32.3,18.98,0
1995-03-02,32.77,19.07,0
1995-03-03,32.37,18.98,0
1995-03-04,32.96,19.03,0
1995-03-05,32.76,19.75,0
1995-03-06,33.06,18.67,0
1995-03-07,32.14,18.04,0
1995-03-08,30.7,17.81,0
1995-03-09,30.7,17.57,0
1995-03-10,31.37,19.53,0
1995-03-11,29.52,20.52,0.63
1995-03-12,31.5,20.24,0.07
1995-03-13,31.66,19.56,0.04
1995-03-14,32.87,19.29,0
1995-03-15,32.9,19.03,0
1995-03-16,32.8,18.84,0
1995-03-17,33.05,19.5,0
1995-03-18,33.23,19.31,0
1995-03-19,33.25,18.72,0
1995-03-20,33.26,18.22,0
1995-03-21,33.68,19.25,0
1995-03-22,34.28,19.14,0
1995-03-23,34.46,20.36,0
1995-03-24,34.47,19.88,0
1995-03-25,34.35,20.9,0
1995-03-26,31.6,20.77,1.22
1995-03-27,32.74,20.92,0.06
1995-03-28,33.04,21.9,0.25
1995-03-29,33.82,21.01,0.08
1995-03-30,34.22,22.16,0.02
1995-03-31,32.3,23.12,0.01
1995-04-01,32.27,22.81,0.11
1995-04-02,33.98,21.79,0
1995-04-03,33.68,20.28,0
1995-04-04,33.76,20.14,0
1995-04-05,34.17,21.91,0.01
1995-04-06,33.2,22.02,0.12000000000000001
1995-04-07,34.46,21.77,0
1995-04-08,31.7,21.76,5.8100000000000005
1995-04-09,33.5,22.06,0
1995-04-10,34.72,21.53,0
1995-04-11,33.97,21.41,0
1995-04-12,35.19,21.39,0
1995-04-13,35.37,22.23,0
1995-04-14,33.75,22.19,0.34
1995-04-15,31.54,21.91,3.63
1995-04-16,33.37,21.77,0.9299999999999999
1995-04-17,33.63,21.76,0.06
1995-04-18,34.53,21.55,0.37
1995-04-19,34.12,22.74,0
1995-04-20,34.55,22.5,0.09
1995-04-21,34.23,22.33,1.64
1995-04-22,34.38,22.4,0.02
1995-04-23,34.53,22.37,0
1995-04-24,35.3,22.34,0
1995-04-25,35.23,22.69,0
1995-04-26,35.76,22.07,0
1995-04-27,35.21,22.06,0.09
1995-04-28,34.93,21.88,0
1995-04-29,34.22,22.41,0.09999999999999999
1995-04-30,35.19,22.37,0.01
1995-05-01,35.23,22.91,0
1995-05-02,34.91,23.25,0.15
1995-05-03,34.21,23.27,0.05
1995-05-04,33.9,23.47,0.25
1995-05-05,34.03,21.61,0.35000000000000003
1995-05-06,29.64,19.8,13.53
1995-05-07,22.04,19.04,35.84
1995-05-08,23.87,19.26,1.58
1995-05-09,28.02,20.11,0.46
1995-05-10,29.63,21.44,5.88
1995-05-11,29.86,21.45,1.3599999999999999
1995-05-12,29.86,21.38,0.14
1995-05-13,29.85,21.35,4.97
1995-05-14,28.71,20.65,6.64
1995-05-15,29.65,21.52,0.32
1995-05-16,30.6,20.61,0
1995-05-17,30.71,21.02,0
1995-05-18,31.93,20.79,0
1995-05-19,32.2,21.16,0.04
1995-05-20,31.57,21.58,1.6400000000000001
1995-05-21,32.44,20.92,0.27
1995-05-22,31.94,21.3,0.05
1995-05-23,32.28,21.49,0.8300000000000001
1995-05-24,31.27,20.28,4.84
1995-05-25,31.33,20.92,10.12
1995-05-26,30.95,20.88,0.76
1995-05-27,31.07,20.99,0.24000000000000002
1995-05-28,31.86,21.75,0.96
1995-05-29,33.14,21.81,0.6
1995-05-30,34.07,22.22,1.0899999999999999
1995-05-31,33.66,21.46,11.379999999999999
1995-06-01,32.93,21.32,8.86
1995-06-02,33.16,21.56,5.71
1995-06-03,32.86,21.54,5.5
1995-06-04,31.84,22.09,2.2399999999999998
1995-06-05,31.72,21.89,4.41
1995-06-06,31.43,21.88,0.96
1995-06-07,31.44,21.01,1.6400000000000001
1995-06-08,31.93,20.72,0
1995-06-09,31.61,20.8,0.15
1995-06-10,30.15,21.79,0.33999999999999997
1995-06-11,28.52,21.78,14.48
1995-06-12,30.13,21.51,6.72
1995-06-13,29.06,21.2,6.29
1995-06-14,29.33,21.12,2.42
1995-06-15,30.19,21,0.2
1995-06-16,30.05,20.84,4.39
1995-06-17,27.42,20.83,1.69
1995-06-18,29.6,20.71,0.52
1995-06-19,30.04,20.76,0.33
1995-06-20,30.21,21.41,0.06999999999999999
1995-06-21,28.79,21.29,8.31
1995-06-22,28.06,20.74,3.77
1995-06-23,25.34,19.97,15.27
1995-06-24,28.09,19.98,4.54
1995-06-25,28.32,20.33,1.72
1995-06-26,28.75,20.43,1.01
1995-06-27,27.08,20.27,0.9500000000000001
1995-06-28,27.6,20.63,1.1400000000000001
1995-06-29,28.5,20.97,2.94
1995-06-30,27.67,20.24,6.25
1995-07-01,28.06,20.44,0.35000000000000003
1995-07-02,26.72,20.4,0.79
1995-07-03,28.44,20.13,0.11
1995-07-04,30.07,20.45,0.06999999999999999
1995-07-05,30.43,21.2,1.42
1995-07-06,28.22,20.2,11.91
1995-07-07,26.97,19.82,6.78
1995-07-08,28.06,19.8,2.74
1995-07-09,27.86,20.45,8.45
1995-07-10,25.24,20.32,24.85
1995-07-11,24.84,20.37,7.17
1995-07-12,25.63,20.65,1.52
1995-07-13,26.63,20.2,0.76
1995-07-14,26.52,20.18,2.2600000000000002
1995-07-15,26.68,20.13,2.1100000000000003
1995-07-16,25.34,19.96,3.47
1995-07-17,24,20.12,8.49
1995-07-18,24.87,19.97,3.96
1995-07-19,26.17,20.59,3.82
1995-07-20,25.98,20.8,0.56
1995-07-21,26.11,20.4,0.6
1995-07-22,25.71,20.65,0.3
1995-07-23,26.39,20.69,3.87
1995-07-24,27.5,19.55,6.09
1995-07-25,27.78,19.93,2.88
1995-07-26,28.29,20.19,0.51
1995-07-27,26.03,20.11,1.94
1995-07-28,25.93,20.36,17.5
1995-07-29,26.67,20.22,11
1995-07-30,27.45,20.37,9.54
1995-07-31,28.45,20.52,1.14
1995-08-01,28.19,20.73,2.1
1995-08-02,27.08,20.38,0.47000000000000003
1995-08-03,27.15,20.05,1.79
1995-08-04,28.47,20.24,0.1
1995-08-05,28.1,20.54,1.07
1995-08-06,28.82,19.95,6.54
1995-08-07,26.97,19.84,1.83
1995-08-08,26.6,20.04,0.41
1995-08-09,27.14,20.26,0.7000000000000001
1995-08-10,28.27,20.18,8.23
1995-08-11,27.2,20.09,11.72
1995-08-12,28.86,20.25,2.84
1995-08-13,28.34,20.58,0.84
1995-08-14,26.71,19.78,4.38
1995-08-15,26.54,19.48,0.08
1995-08-16,27.05,19.57,0.37
1995-08-17,27.93,20.32,6.09
1995-08-18,27.64,20.05,2.13
1995-08-19,28.02,20.06,1.32
1995-08-20,27.83,20.62,10.81
1995-08-21,28.04,20.62,9.68
1995-08-22,28.64,20.45,4.25
1995-08-23,28.93,20.47,13.5
1995-08-24,28.47,20.43,0.53
1995-08-25,28.44,20.72,4.6
1995-08-26,27.68,20.73,8.44
1995-08-27,26.12,20.75,3.52
1995-08-28,26.03,20.38,6.68
1995-08-29,25.39,20.35,1.62
1995-08-30,24.9,20.29,6.24
1995-08-31,25.75,20.75,2.58
1995-09-01,25.86,20.64,1.03
1995-09-02,27.5,20.99,1.14
1995-09-03,26.67,20.43,2.19
1995-09-04,27.05,20.64,1.04
1995-09-05,28.71,20.38,1.36
1995-09-06,26.79,19.25,1.6500000000000001
1995-09-07,27.34,19.27,0.35000000000000003
1995-09-08,28.02,19.19,0.12000000000000001
1995-09-09,28.46,19.42,0.49
1995-09-10,26.4,19.5,14.85
1995-09-11,24.69,19.57,5.79
1995-09-12,27.72,19.87,2.43
1995-09-13,27.09,18.53,0.03
1995-09-14,28.41,18.41,0.03
1995-09-15,27.38,21.12,2.66
1995-09-16,28.58,21.33,6.24
1995-09-17,25.2,20.04,6.57
1995-09-18,26.93,18.86,0.14
1995-09-19,28.49,18.86,0
1995-09-20,28.15,19.66,3.8
1995-09-21,27.63,20.3,5.08
1995-09-22,27.2,19.9,2.14
1995-09-23,27.77,19.44,0.26
1995-09-24,27.07,19.42,0.12
1995-09-25,28.92,19.17,0.87
1995-09-26,27.65,19.66,0.42000000000000004
1995-09-27,27.97,19.35,0.53
1995-09-28,27.68,20.17,0.49
1995-09-29,28.96,20.19,8.68
1995-09-30,27.3,20.18,10.77
1995-10-01,28.03,19.25,16.79
1995-10-02,28.16,19.46,7.74
1995-10-03,28.47,19.67,15.37
1995-10-04,27.26,19.86,2.39
1995-10-05,28.42,19.79,1.11
1995-10-06,27.77,20.11,1.93
1995-10-07,27.27,20.44,0.52
1995-10-08,25.21,20.52,7.13
1995-10-09,23.63,19.53,14.09
1995-10-10,25.74,19.22,2.4
1995-10-11,27.35,19.24,0.67
1995-10-12,27.75,18.91,0
1995-10-13,27.9,19.17,0.16999999999999998
1995-10-14,26.77,20.03,14.76
1995-10-15,26.93,19.3,0.14
1995-10-16,28.79,18.98,0.15
1995-10-17,29.26,18.74,0.27
1995-10-18,28.73,19.56,0.3
1995-10-19,28.15,19.54,2.52
1995-10-20,27.95,19.82,7.62
1995-10-21,27.69,20.55,10.41
1995-10-22,28.44,20.75,1.06
1995-10-23,26.75,20.57,1.43
1995-10-24,26.83,20.38,1.9000000000000001
1995-10-25,26.91,19.69,0.85
1995-10-26,26.3,20.28,1.99
1995-10-27,27.11,20.16,2.93
1995-10-28,27.22,20.08,6.8500000000000005
1995-10-29,28.08,18.96,0.28
1995-10-30,28.95,18.71,0.02
1995-10-31,29.52,19.03,0.01
1995-11-01,28.34,20.02,0.74
1995-11-02,28.62,19.39,0.07
1995-11-03,25.8,19.27,6.140000000000001
1995-11-04,28.31,19.27,1.09
1995-11-05,25.9,19.46,4.77
1995-11-06,25.18,18.96,10.61
1995-11-07,26.09,18.2,0.37
1995-11-08,27.47,17.18,0
1995-11-09,28.16,17.13,0
1995-11-10,28.3,18.35,0
1995-11-11,27.62,18.54,0.17
1995-11-12,27.26,19.42,0.45
1995-11-13,28.44,17.44,0
1995-11-14,27.24,15.02,0
1995-11-15,26.77,14.65,0
1995-11-16,26.18,14.99,0
1995-11-17,26.28,15.21,0.25
1995-11-18,27.28,17.57,0.05
1995-11-19,27.49,18.24,0.68
1995-11-20,28.18,18.66,0.61
1995-11-21,28.16,19.34,0.11
1995-11-22,28.16,19.75,0.88
1995-11-23,28.48,19.73,0.65
1995-11-24,26.91,20.11,0.66
1995-11-25,26.48,19.1,2.39
1995-11-26,26.67,19.24,2.42
1995-11-27,25.92,18.06,2.39
1995-11-28,26.83,16.97,0.6
1995-11-29,27.81,16.4,0
1995-11-30,27.59,16.09,0
1995-12-01,27.77,15.97,0
1995-12-02,26.95,14.41,0
1995-12-03,28.05,15.27,0
1995-12-04,27.79,16.22,0
1995-12-05,27.66,16.98,0
1995-12-06,27.61,16.69,0.01
1995-12-07,28.67,17.89,0.01
1995-12-08,26.92,14.09,0.02
1995-12-09,27.14,14.43,0
1995-12-10,25.55,16.29,1.1400000000000001
1995-12-11,27.35,14.82,0.05
1995-12-12,25.63,13.02,0
1995-12-13,26.39,12.67,0
1995-12-14,26.96,14.17,0
1995-12-15,26.93,14.24,0
1995-12-16,26.48,13.06,0
1995-12-17,26.35,13.13,0
1995-12-18,26.6,13.68,0
1995-12-19,27.16,14.24,0
1995-12-20,26.82,13.59,0
1995-12-21,26.53,13,0
1995-12-22,25.96,13.01,0
1995-12-23,27.07,13.83,0
1995-12-24,27.25,15.16,0
1995-12-25,27.39,15.15,0
1995-12-26,26.76,14.49,0
1995-12-27,26.94,14.26,0
1995-12-28,26.66,15.05,0
1995-12-29,25.73,14.48,0
1995-12-30,24.63,14.45,0
1995-12-31,27.18,15.3,0
1996-01-01,26.5,16.07,0
1996-01-02,27.02,15.97,0.01
1996-01-03,27.45,16.47,0
1996-01-04,26.54,16.92,0
1996-01-05,27.27,15.79,0
1996-01-06,27.07,15.32,0
1996-01-07,26.69,14.79,0
1996-01-08,25.71,14.12,0
1996-01-09,26.38,14.25,0.01
1996-01-10,26.65,15.39,0
1996-01-11,27.96,16.28,0
1996-01-12,28.85,15.18,0
1996-01-13,28.65,15.64,0
1996-01-14,28.22,16.04,0.06
1996-01-15,25.33,18.64,1.67
1996-01-16,27.78,18.15,0.1
1996-01-17,27.15,16.92,0.45
1996-01-18,29.7,16.69,0
1996-01-19,28.87,16.6,0
1996-01-20,29.02,17.32,0
1996-01-21,28.44,16.26,0
1996-01-22,27.66,15.3,0
1996-01-23,27.23,15.27,0
1996-01-24,27.5,14.25,0
1996-01-25,27.97,13.71,0
1996-01-26,28.54,13.15,0
1996-01-27,28.52,13.34,0
1996-01-28,27.62,13.76,0
1996-01-29,27.34,13.26,0
1996-01-30,28.33,13.23,0
1996-01-31,28.38,14.07,0
1996-02-01,27.83,15.72,0
1996-02-02,27.64,13.27,0
1996-02-03,28.58,12.2,0
1996-02-04,28.6,12.61,0
1996-02-05,29.45,15.84,0
1996-02-06,28.59,15.56,0
1996-02-07,28.01,15.45,0
1996-02-08,28.47,15,0
1996-02-09,28.91,15.11,0.01
1996-02-10,28.38,18.34,0.18
1996-02-11,28.48,18.67,0.29000000000000004
1996-02-12,29.92,17.95,0.01
1996-02-13,29.07,16.89,0.01
1996-02-14,29.1,16.44,0
1996-02-15,29.59,17.58,0
1996-02-16,29.67,15.33,0
1996-02-17,29.49,15.02,0
1996-02-18,30.56,13.6,0
1996-02-19,29.87,13.57,0
1996-02-20,31.25,16.39,0
1996-02-21,32.3,19.55,0.02
1996-02-22,32.42,19.76,0
1996-02-23,31.82,19.57,0.01
1996-02-24,31.56,18.64,0
1996-02-25,31.16,17.66,0
1996-02-26,30.55,17.51,0
1996-02-27,30.61,17.74,0
1996-02-28,30.91,16.79,0
1996-02-29,30.2,16.83,0
1996-03-01,30.5,16.92,0
1996-03-02,30.27,15.78,0
1996-03-03,30.63,16.11,0
1996-03-04,31.22,16.51,0
1996-03-05,31.18,16.77,0
1996-03-06,31.46,18.21,0
1996-03-07,31.61,18.03,0
1996-03-08,31.95,18.29,0
1996-03-09,32.82,18.23,0
1996-03-10,31.89,17.02,0
1996-03-11,32.16,17.28,0
1996-03-12,33,18.06,0
1996-03-13,33.37,18.39,0
1996-03-14,34.6,17.04,0
1996-03-15,33.53,17.2,0
1996-03-16,32.3,17.75,0
1996-03-17,32.38,19,0
1996-03-18,32.93,20.62,0
1996-03-19,33.19,21.81,0.04
1996-03-20,33.17,21.12,0.02
1996-03-21,34.01,20.34,0
1996-03-22,34.2,19.61,0
1996-03-23,34.92,18.76,0
1996-03-24,34.48,19.18,0
1996-03-25,34.88,20.43,0
1996-03-26,34.05,20.76,0
1996-03-27,33.46,23.79,0.01
1996-03-28,35.35,23.43,0
1996-03-29,34.32,23.07,0
1996-03-30,35.09,22.25,0.01
1996-03-31,35.05,21.91,0
1996-04-01,33.97,23.22,0.18
1996-04-02,33.4,22.11,0.28
1996-04-03,33.14,21,0
1996-04-04,33.08,19.64,0
1996-04-05,32.46,19.45,0
1996-04-06,33.18,20.35,0
1996-04-07,32.86,21.01,0.02
1996-04-08,34.02,21.22,0
1996-04-09,34.82,21.75,0
1996-04-10,32.25,20.89,8.2
1996-04-11,31.21,20.13,8.96
1996-04-12,30.1,19.83,11.51
1996-04-13,28.43,19.76,20.59
1996-04-14,28.05,20.51,0.89
1996-04-15,29.3,20.73,6.8
1996-04-16,29.85,20.71,9.68
1996-04-17,30.61,20.6,8.4
1996-04-18,29.17,20.8,10.64
1996-04-19,29.74,21.62,2.0100000000000002
1996-04-20,31.48,21.88,0.44
1996-04-21,31.84,21.3,0.04
1996-04-22,30.34,21.36,2.33
1996-04-23,31.13,21.56,0.21
1996-04-24,31.25,22.09,5.96
1996-04-25,30.53,21.73,3.14
1996-04-26,31.69,22.69,0.35
1996-04-27,32.6,22.21,0
1996-04-28,31.88,22.24,0.31
1996-04-29,31.96,22.74,1.74
1996-04-30,33.32,20.8,7.93
1996-05-01,32.01,21.25,7.8999999999999995
1996-05-02,32.62,21.53,0.02
1996-05-03,33.95,21.5,0
1996-05-04,32.53,22.34,0.03
1996-05-05,33.39,21.82,0.02
1996-05-06,32.72,20.91,0
1996-05-07,34.43,20.83,0
1996-05-08,34.08,20.52,0
1996-05-09,33.58,20.41,0
1996-05-10,32.85,21.21,0
1996-05-11,33.03,22.03,0.02
1996-05-12,33.92,21.54,0
1996-05-13,34.09,21.27,0
1996-05-14,33.94,21.01,0
1996-05-15,34.47,21.65,0
1996-05-16,35.27,21.45,0
1996-05-17,34.21,23.8,0.02
1996-05-18,34.42,23.33,0.75
1996-05-19,32.2,21.28,6.01
1996-05-20,33.05,21.26,0.57
1996-05-21,34.65,22.37,0
1996-05-22,33.27,22.48,1.81
1996-05-23,32.46,22.26,2.44
1996-05-24,33.03,21.84,20.2
1996-05-25,31.98,21.95,1.05
1996-05-26,32.47,22.08,2.65
1996-05-27,31.86,21.73,4.36
1996-05-28,32.31,22.01,3.38
1996-05-29,31.47,21.9,1.75
1996-05-30,31.3,21.44,2.71
1996-05-31,32.28,21.66,3.5500000000000003
1996-06-01,32,22.32,5.95
1996-06-02,32.25,21.75,19.06
1996-06-03,31.2,21.65,12.01
1996-06-04,31.97,21.76,1.29
1996-06-05,31.46,21.3,4.7700000000000005
1996-06-06,30.6,21.3,8.69
1996-06-07,30.32,21.12,7.04
1996-06-08,30.66,20.24,5.89
1996-06-09,29.3,20.07,21.78
1996-06-10,29.38,20.68,16.08
1996-06-11,27.79,20.48,1.48
1996-06-12,28.1,21.38,13.5
1996-06-13,24.29,20.33,31.48
1996-06-14,21.38,19.7,25.64
1996-06-15,23.1,20.19,10.620000000000001
1996-06-16,24.73,20.47,26.95
1996-06-17,25.12,20.45,8.68
1996-06-18,25.66,20.93,6.82
1996-06-19,25.75,20.6,5.93
1996-06-20,27.8,20.67,7.45
1996-06-21,29.22,20.74,8.02
1996-06-22,28.7,20.98,0.99
1996-06-23,29.1,20.85,0.43
1996-06-24,28.67,20.75,0.1
1996-06-25,29.72,20.34,0.15
1996-06-26,29.77,20.13,0.01
1996-06-27,29.56,20.93,0.01
1996-06-28,29.92,19.97,0
1996-06-29,29.68,19.64,0
1996-06-30,29.16,19.51,0
1996-07-01,29.9,19.32,0.01
1996-07-02,30.26,19.64,0
1996-07-03,29.46,20.25,0.04
1996-07-04,30.62,20.16,0.02
1996-07-05,29.41,20.92,0.53
1996-07-06,29.14,19.92,5.16
1996-07-07,28.7,20.11,2.35
1996-07-08,29.43,20.67,4.35
1996-07-09,28.58,20.62,12.469999999999999
1996-07-10,28.69,19.22,7.59
1996-07-11,27.19,19.13,2.33
1996-07-12,28.27,20.29,3.72
1996-07-13,27.61,21.16,8.68
1996-07-14,26.05,21.12,11.18
1996-07-15,26.47,20.15,3.04
1996-07-16,25.08,19.82,13.870000000000001
1996-07-17,24.65,20.26,10.02
1996-07-18,25.55,20.77,7.58
1996-07-19,26.71,20.98,2.66
1996-07-20,27.13,21,2.99
1996-07-21,24.25,20.88,5.53
1996-07-22,26.09,20.04,5.41
1996-07-23,26.22,20.17,3.27
1996-07-24,26.36,20.87,4.15
1996-07-25,26.13,20.9,0.8300000000000001
1996-07-26,26.25,20.75,0.86
1996-07-27,27.63,20.26,0.86
1996-07-28,27.69,20.19,0.47
1996-07-29,24.75,19.72,4.3
1996-07-30,26.73,20.08,0.07
1996-07-31,26.05,20.07,0.31
1996-08-01,26.55,20.43,0.45
1996-08-02,26.46,20.25,0.16
1996-08-03,26.93,20.4,0.77
1996-08-04,27.22,20.5,0.65
1996-08-05,26.65,19.67,0.6900000000000001
1996-08-06,26.34,18.54,2.04
1996-08-07,24.77,18.47,7.74
1996-08-08,27.07,19.71,0.61
1996-08-09,26.95,19.87,0.26
1996-08-10,26.99,20.23,2.2600000000000002
1996-08-11,27.07,19.69,10.05
1996-08-12,26.94,20.1,10.91
1996-08-13,25.78,20.2,1.06
1996-08-14,25.92,20.36,3.85
1996-08-15,27.1,20.41,0.76
1996-08-16,26.36,20.01,7.36
1996-08-17,26.57,19.63,8.65
1996-08-18,27.17,19.47,4.79
1996-08-19,27.91,20.03,11.270000000000001
1996-08-20,26.25,19.8,1.84
1996-08-21,28.04,19.84,12.03
1996-08-22,27.02,19.88,12.120000000000001
1996-08-23,27.41,20.08,31.95
1996-08-24,26.42,20.13,4.28
1996-08-25,24.5,20.18,8.01
1996-08-26,24.42,20.12,3.62
1996-08-27,26.38,19.92,1
1996-08-28,25.91,20.01,1.02
1996-08-29,26.51,20.16,0.11
1996-08-30,28.2,19.02,0.06
1996-08-31,28.15,18.96,0.28
1996-09-01,27.49,19.59,15.88
1996-09-02,26.41,19.43,3.97
1996-09-03,27.13,20.4,12.3
1996-09-04,27.63,20.5,7.39
1996-09-05,26.7,20.17,13.59
1996-09-06,27.99,20.05,5.11
1996-09-07,27.12,20.16,2.83
1996-09-08,26.6,19.87,0.14
1996-09-09,26.82,19.95,0.6
1996-09-10,26.9,20.03,2.0900000000000003
1996-09-11,27.04,20.08,7.7
1996-09-12,27.27,20.14,17.09
1996-09-13,27.54,20.54,5.88
1996-09-14,27.21,20.59,15.3
1996-09-15,26.04,20.51,1.59
1996-09-16,26.13,19.87,1.85
1996-09-17,27.14,19.89,1.26
1996-09-18,27.05,20.44,0.6900000000000001
1996-09-19,27.16,20.01,3.09
1996-09-20,26.91,20.11,2.35
1996-09-21,27.42,19.47,0.88
1996-09-22,28.06,19.53,0.09
1996-09-23,28.04,19.56,0.61
1996-09-24,27.89,19.53,61.64
1996-09-25,26.38,19.69,22.95
1996-09-26,27.07,19.27,10.22
1996-09-27,28.1,19.43,3.5
1996-09-28,26.86,19.74,23.55
1996-09-29,24.8,19.51,17.61
1996-09-30,26.75,19.54,1.65
1996-10-01,23.33,19.95,1.22
1996-10-02,23.53,18.17,13.129999999999999
1996-10-03,25.87,18.74,0.35
1996-10-04,26.68,18.3,0.12
1996-10-05,27.52,18.28,0
1996-10-06,27.89,18.04,0
1996-10-07,27.86,18.31,4.2700000000000005
1996-10-08,27.83,19.38,2.49
1996-10-09,25.37,19.1,2.23
1996-10-10,26.43,19.56,6.06
1996-10-11,25.99,19.82,4.26
1996-10-12,27.77,20.04,2.34
1996-10-13,27.02,20.12,5.930000000000001
1996-10-14,27.7,20,9.41
1996-10-15,25.7,19.61,4.77
1996-10-16,25.77,19.62,4.8
1996-10-17,25.74,19.56,9.92
1996-10-18,21.09,19.47,13.34
1996-10-19,24.55,19.12,11.74
1996-10-20,26.28,18.88,0.05
1996-10-21,26.66,18.95,0.04
1996-10-22,25.89,19.03,0.63
1996-10-23,27.75,18.7,0.97
1996-10-24,27.85,17.99,0.8200000000000001
1996-10-25,27.86,18.83,0.69
1996-10-26,26.04,18.36,1.17
1996-10-27,26.36,17.58,0.34
1996-10-28,26.8,17.95,0.01
1996-10-29,27.09,18.78,0.01
1996-10-30,25.61,19.02,0.91
1996-10-31,26.69,19.96,0.94
1996-11-01,26.39,19.34,0.37
1996-11-02,27.25,18.39,0.66
1996-11-03,27.71,14.6,0
1996-11-04,26.58,13.5,0
1996-11-05,26.28,13.47,0
1996-11-06,27.4,14.6,0
1996-11-07,26.85,17.85,0.14
1996-11-08,27.5,18.59,0.06
1996-11-09,27.53,18.79,0.25
1996-11-10,27.49,19.3,0.23
1996-11-11,28.09,18.51,0.95
1996-11-12,29.44,18.8,0.68
1996-11-13,28.46,18.6,0.8
1996-11-14,25.43,18.67,0.98
1996-11-15,27.15,17.15,0.01
1996-11-16,27.51,17.35,0
1996-11-17,25.45,17.96,0.8099999999999999
1996-11-18,26.38,17.88,0
1996-11-19,24.96,18.55,1.22
1996-11-20,26.64,17.14,0.03
1996-11-21,23.69,18.31,5.63
1996-11-22,24.25,19.25,2.07
1996-11-23,23.5,18.85,6.95
1996-11-24,22.8,18.98,5.63
1996-11-25,25.93,17.63,0.47000000000000003
1996-11-26,26.44,17.8,0.62
1996-11-27,26.89,17.32,0.44
1996-11-28,27.06,16.78,0
1996-11-29,26.63,15.48,0
1996-11-30,27.83,13.59,0
1996-12-01,26.8,13.2,0
1996-12-02,26.42,12.02,0
1996-12-03,26.45,12.15,0
1996-12-04,27.66,13.66,0
1996-12-05,27.64,15.45,0
1996-12-06,25.42,16.85,8.51
1996-12-07,22.94,18.36,33.3
1996-12-08,22.57,17.18,20.31
1996-12-09,19.89,17.35,19.35
1996-12-10,19.73,17.31,15.17
1996-12-11,23,17.26,0.85
1996-12-12,20.53,17.21,4.75
1996-12-13,21.37,18.1,4.68
1996-12-14,23.31,19.09,13.01
1996-12-15,23.2,18.88,12
1996-12-16,23.35,18.23,6.76
1996-12-17,24.73,16.62,0.31
1996-12-18,24.7,16.43,0.03
1996-12-19,25.03,15.85,0.05
1996-12-20,23.3,15.27,0.01
1996-12-21,24.55,15.14,0.01
1996-12-22,24.91,15.46,0
1996-12-23,24.78,15.94,0
1996-12-24,24.29,12.66,0
1996-12-25,23.74,12.13,0
1996-12-26,24.91,12.13,0
1996-12-27,26.68,15.02,0
1996-12-28,26.01,14.93,0
1996-12-29,24.57,13.9,0
1996-12-30,24.21,13.78,0
1996-12-31,23.69,13.38,0
1997-01-01,23.67,13.17,0
1997-01-02,25.19,14.99,0
1997-01-03,25.23,14.43,0.05
1997-01-04,25.34,15.54,0.03
1997-01-05,24.92,15.05,0.03
1997-01-06,24.73,13.97,0
1997-01-07,24.77,13.7,0
1997-01-08,23.9,16.06,0.6799999999999999
1997-01-09,24.98,17.47,0.12
1997-01-10,22.96,17.52,1.59
1997-01-11,24.39,17.85,0.73
1997-01-12,25.86,17.96,0.47
1997-01-13,26.9,18.41,1.86
1997-01-14,26.55,17.63,0.5599999999999999
1997-01-15,26.71,17.45,2.79
1997-01-16,24.97,17.98,1.1400000000000001
1997-01-17,25.36,18.02,0.86
1997-01-18,25.28,17.22,0.6
1997-01-19,25.65,16.76,0.66
1997-01-20,26.94,15.98,0
1997-01-21,26.75,15.84,0
1997-01-22,26.6,16.55,0.25
1997-01-23,26.91,14,0
1997-01-24,27.7,14.32,0
1997-01-25,27.19,14.62,0
1997-01-26,27.2,15.3,0
1997-01-27,26.99,15.71,0
1997-01-28,25.91,14.21,0
1997-01-29,25.53,12.73,0
1997-01-30,26.63,13.09,0
1997-01-31,27.03,12.98,0
1997-02-01,27.11,14.06,0
1997-02-02,28.13,14.7,0
1997-02-03,28.3,16.21,0
1997-02-04,28.06,17.05,0
1997-02-05,28.2,16.71,0
1997-02-06,29.06,16.74,0
1997-02-07,29.54,17.06,0
1997-02-08,29.04,17.95,0
1997-02-09,29.22,17.46,0
1997-02-10,29.52,17.36,0
1997-02-11,29.2,18.01,0
1997-02-12,28.58,15.6,0
1997-02-13,28.65,14.92,0
1997-02-14,28.81,13.95,0
1997-02-15,28.78,13.92,0
1997-02-16,29.96,14.56,0
1997-02-17,30.44,15.67,0
1997-02-18,29.77,16.51,0
1997-02-19,29.81,17.59,0
1997-02-20,29.52,18.54,0
1997-02-21,29.45,19.38,0.03
1997-02-22,27.76,19.18,0.86
1997-02-23,28.96,17.85,1.02
1997-02-24,29.39,16.5,0.24000000000000002
1997-02-25,29.47,15.92,0
1997-02-26,30.09,15.39,0
1997-02-27,31.09,15.31,0
1997-02-28,31.42,17.04,0
1997-03-01,30.65,17.76,0
1997-03-02,30.51,17.33,0
1997-03-03,30.49,15.63,0
1997-03-04,30.57,15.64,0
1997-03-05,30.51,16.09,0
1997-03-06,30.5,15.53,0
1997-03-07,30,15.11,0
1997-03-08,30.59,15.87,0
1997-03-09,31.52,16.75,0
1997-03-10,32.94,18.11,0
1997-03-11,33.29,18.13,0
1997-03-12,33.51,19.43,0
1997-03-13,32.79,19.9,0
1997-03-14,33.56,21.6,0.06
1997-03-15,32.36,20.88,0.01
1997-03-16,32.5,20.8,0.02
1997-03-17,33.46,20.71,0
1997-03-18,33.49,21.13,0
1997-03-19,33.14,21.51,0
1997-03-20,31.34,20.96,0.78
1997-03-21,32.52,19.84,5.5200000000000005
1997-03-22,32.47,20.52,2.14
1997-03-23,30.54,19.71,5.63
1997-03-24,30.91,19.49,1.09
1997-03-25,30.02,19.32,0.05
1997-03-26,30.44,18.97,0.01
1997-03-27,30.65,19.29,0
1997-03-28,30.72,20.09,0
1997-03-29,30.49,20.28,0.8
1997-03-30,29.01,19.05,8.8
1997-03-31,29.87,19.59,4.5200000000000005
1997-04-01,28.88,19.84,12.11
1997-04-02,29.72,20.28,16.51
1997-04-03,28.97,19.65,0.84
1997-04-04,29,19.44,0.1
1997-04-05,28.85,19.2,4.2
1997-04-06,28.23,19.59,0.3
1997-04-07,29.81,20.5,0.13999999999999999
1997-04-08,29.74,20.19,6.65
1997-04-09,28.77,20.43,2.5
1997-04-10,30.45,20.59,0
1997-04-11,31.63,20.33,0
1997-04-12,31.64,19.89,0
1997-04-13,32.09,20.49,0
1997-04-14,32.1,21.37,0
1997-04-15,30.39,20.83,0
1997-04-16,30.13,20.25,5.59
1997-04-17,29.44,19.33,1.3900000000000001
1997-04-18,29.49,19.19,5.71
1997-04-19,30.09,19.11,1.21
1997-04-20,29.74,19.67,0.41000000000000003
1997-04-21,30.19,19.72,0.25
1997-04-22,30.59,19.46,0.05
1997-04-23,31.72,19.77,0.01
1997-04-24,32.72,19.52,0
1997-04-25,32.86,19.83,0
1997-04-26,32.73,20.84,0
1997-04-27,32.3,21.69,0.04
1997-04-28,31.97,20.88,0
1997-04-29,31.63,20.77,0.03
1997-04-30,32.19,20.99,0.31
1997-05-01,32.22,21.16,1.58
1997-05-02,31.77,20.76,5.71
1997-05-03,30.15,20.97,20.06
1997-05-04,31.17,20.17,3.07
1997-05-05,30.1,20.07,1.98
1997-05-06,30.9,20.36,0.19
1997-05-07,30.19,20.81,0.99
1997-05-08,31.61,20.94,0.49
1997-05-09,32.48,21.99,0.02
1997-05-10,32.03,22.37,1.31
1997-05-11,32.16,21.8,0.96
1997-05-12,32.75,21.97,0.11
1997-05-13,32.68,20.9,1.07
1997-05-14,32.4,20.98,0.04
1997-05-15,33.05,21.79,0
1997-05-16,33.06,21.54,1.32
1997-05-17,33.1,21.73,1.26
1997-05-18,33.61,20.81,0
1997-05-19,32.47,20.22,0
1997-05-20,33.03,20.77,0.01
1997-05-21,32.96,21.42,0.04
1997-05-22,33.39,22.04,3.3000000000000003
1997-05-23,32.45,22.03,1.21
1997-05-24,34.11,22.14,3.47
1997-05-25,32.88,21.51,0.73
1997-05-26,34.04,21.87,0.42
1997-05-27,33.66,22.21,2.53
1997-05-28,33.58,21.41,0.49
1997-05-29,34.71,21.54,0.02
1997-05-30,34.31,21.57,0
1997-05-31,34.62,21.41,0
1997-06-01,33.12,21.5,0.03
1997-06-02,33.93,22.03,0
1997-06-03,32.5,21.88,0.23
1997-06-04,32.02,20.94,6.06
1997-06-05,29.57,21.07,11.33
1997-06-06,30.82,21.27,1.85
1997-06-07,31.58,21.13,16.71
1997-06-08,31.11,20.81,12.13
1997-06-09,29.36,20.26,1.7
1997-06-10,31.48,20.48,0.13
1997-06-11,30.26,20.56,0.91
1997-06-12,29.56,20.64,4.55
1997-06-13,27.75,20.1,8.6
1997-06-14,28.19,19.47,0.41
1997-06-15,29.4,19.63,1.3299999999999998
1997-06-16,30.78,19.73,0.05
1997-06-17,30.4,20.49,0.12
1997-06-18,28.89,19.96,0.6799999999999999
1997-06-19,29.43,20.47,0.24000000000000002
1997-06-20,30.34,20.11,0.11000000000000001
1997-06-21,30.51,20.38,0.65
1997-06-22,32.05,20.01,1.12
1997-06-23,28.97,20.93,8.04
1997-06-24,29.6,21.31,1.5799999999999998
1997-06-25,28.93,21.24,1.61
1997-06-26,28.16,21.3,3
1997-06-27,27.97,20.76,2
1997-06-28,26.49,21.2,2.32
1997-06-29,27.31,20.4,6.2
1997-06-30,24.1,20.19,23.7
1997-07-01,24.2,20.63,20.55
1997-07-02,26.43,19.93,3.73
1997-07-03,24.34,20,7.05
1997-07-04,25.87,19.85,6.29
1997-07-05,28.46,20.22,1.4200000000000002
1997-07-06,26.47,20.65,2.41
1997-07-07,25.52,20.16,1.59
1997-07-08,26.06,20.32,0.71
1997-07-09,28.14,20.58,5.99
1997-07-10,27.15,20.37,4.92
1997-07-11,27.01,20.02,1.01
1997-07-12,27.59,20.52,0.74
1997-07-13,28.72,20.56,1.91
1997-07-14,28.61,21.34,0.72
1997-07-15,28.59,21.45,1.62
1997-07-16,28.59,21.42,0.55
1997-07-17,29.27,21.31,1.95
1997-07-18,28.26,21.57,0.75
1997-07-19,29.26,21.03,0.49
1997-07-20,28.87,21.01,0.81
1997-07-21,29.23,20.78,5.62
1997-07-22,28.82,21.41,2.72
1997-07-23,29.1,21.43,1.63
1997-07-24,26.79,20.78,10.08
1997-07-25,23.85,20.44,34.33
1997-07-26,26.99,20.48,0.71
1997-07-27,26.25,20.67,1.09
1997-07-28,27.41,20.17,0.5800000000000001
1997-07-29,26.12,20.28,1.32
1997-07-30,26.23,21.16,1.98
1997-07-31,25.87,21.05,1.04
1997-08-01,26.22,20.01,6.25
1997-08-02,26.75,20.57,0.79
1997-08-03,27.09,20.71,1.46
1997-08-04,28.13,20.37,0
1997-08-05,26.73,20.66,0.39
1997-08-06,27.19,20.5,1.11
1997-08-07,26.45,19.92,2.43
1997-08-08,25.92,19.54,0.91
1997-08-09,26.7,19.36,4.81
1997-08-10,25.01,19.49,8.790000000000001
1997-08-11,27.38,20.15,5.84
1997-08-12,25.83,19.97,16.31
1997-08-13,26.69,19.92,0.59
1997-08-14,26.79,19.47,0.3
1997-08-15,26.87,19.36,2.25
1997-08-16,26.67,19.51,2.21
1997-08-17,26.32,19.32,9.33
1997-08-18,27.04,19.65,1.18
1997-08-19,27.58,20.46,1.1500000000000001
1997-08-20,27.56,21.06,0.57
1997-08-21,27.21,20.69,0.89
1997-08-22,25.12,20.57,1.86
1997-08-23,26.8,20.4,0.52
1997-08-24,28.29,19.12,0.03
1997-08-25,27.92,19.96,0.15
1997-08-26,26.66,20.81,4.63
1997-08-27,26.23,20.21,10.64
1997-08-28,27.79,20.45,1.46
1997-08-29,27.53,20.62,1.04
1997-08-30,27.26,20.05,0.9400000000000001
1997-08-31,28.46,19.42,0.7
1997-09-01,27.92,19.01,0.02
1997-09-02,28.18,18.96,0
1997-09-03,27.53,19.83,0.42000000000000004
1997-09-04,28.31,20.42,0.26
1997-09-05,28,20.05,1.08
1997-09-06,28.52,19.86,8.93
1997-09-07,26.91,20.44,6.67
1997-09-08,25.8,20.42,6.3
1997-09-09,26.81,20.62,1.5999999999999999
1997-09-10,29.09,20.43,10.16
1997-09-11,26.15,20.6,12.94
1997-09-12,27.59,20.39,7.22
1997-09-13,28.64,19.67,13.85
1997-09-14,24.46,19.75,2.29
1997-09-15,28.5,19.58,1.36
1997-09-16,27.71,19.82,10.57
1997-09-17,28.14,19.99,1.04
1997-09-18,27.93,19.61,0.73
1997-09-19,28.03,19.52,0.05
1997-09-20,26.71,19.73,0.18
1997-09-21,26.58,19.91,0.66
1997-09-22,27.3,19.69,0.23
1997-09-23,27.13,19.42,0.38
1997-09-24,27.03,19.37,0.08
1997-09-25,28.01,19.4,0.05
1997-09-26,28.22,18.87,0
1997-09-27,28.05,18.79,0.61
1997-09-28,28.86,19.4,0.28
1997-09-29,27.82,19.92,1.17
1997-09-30,28.3,20.08,13.02
1997-10-01,26.2,19.34,12.14
1997-10-02,26.17,19.49,22.150000000000002
1997-10-03,27.58,18.55,0.24000000000000002
1997-10-04,27.95,18.57,0.01
1997-10-05,27.59,19,0.01
1997-10-06,28.02,19.19,0.07
1997-10-07,27.56,19.57,0.73
1997-10-08,27.39,19.52,0.16999999999999998
1997-10-09,26.87,18.97,0.26
1997-10-10,27.55,18.38,0.11
1997-10-11,27.73,18.4,0
1997-10-12,27.05,19.65,0.34
1997-10-13,27.75,19.21,0.43
1997-10-14,27.73,19.17,0.49
1997-10-15,28.6,19.75,0.1
1997-10-16,27.38,19.59,0.8
1997-10-17,27.03,19.84,0.9400000000000001
1997-10-18,27.92,19.09,0.7
1997-10-19,28.97,19.04,0
1997-10-20,27.33,19.13,0.44
1997-10-21,27.48,19.8,2.16
1997-10-22,27.23,20.15,2.3
1997-10-23,26.05,20.21,10.44
1997-10-24,27.11,19.34,8.47
1997-10-25,27.34,20.64,7.99
1997-10-26,27.49,20.27,0.09
1997-10-27,27.75,20.25,5.72
1997-10-28,26.25,20.02,3.09
1997-10-29,26.88,19.29,1.9400000000000002
1997-10-30,26.22,19.65,1.6700000000000002
1997-10-31,27.77,19.42,3.77
1997-11-01,28.07,19.54,0
1997-11-02,27.28,20,4.58
1997-11-03,25.6,19.89,11.65
1997-11-04,25.37,19.53,5.3100000000000005
1997-11-05,25.15,18.03,1.68
1997-11-06,26.39,18.18,0
1997-11-07,24.88,19.89,5.47
1997-11-08,24.36,20,2.7600000000000002
1997-11-09,25.51,20.08,2.34
1997-11-10,27.2,19.92,2.13
1997-11-11,26.8,19.21,0.43
1997-11-12,27.68,18.49,0.5499999999999999
1997-11-13,27.99,18.07,0
1997-11-14,27.79,17.62,0
1997-11-15,26.16,17.61,1.48
1997-11-16,26.09,19.43,1.66
1997-11-17,25.99,19.57,2.2
1997-11-18,25.71,20.01,4.12
1997-11-19,25.76,19.41,8.27
1997-11-20,27.46,20.05,1.77
1997-11-21,25.88,19.95,0.7300000000000001
1997-11-22,27.7,19.76,0.8400000000000001
1997-11-23,26.37,20.34,3.9
1997-11-24,27.08,19.74,2.68
1997-11-25,26.51,20.17,1.17
1997-11-26,26.41,19.92,1.3800000000000001
1997-11-27,26.49,19.87,7.47
1997-11-28,26.72,20.11,6.38
1997-11-29,26.65,20.03,0.9
1997-11-30,25.77,20.03,2.23
1997-12-01,26.88,18.41,0.05
1997-12-02,26.39,17.79,0
1997-12-03,25.94,17.97,0.03
1997-12-04,25.1,19.04,0.64
1997-12-05,25.97,19.75,1.71
1997-12-06,23.63,19.19,5.2299999999999995
1997-12-07,22.92,19.1,3.5
1997-12-08,23.99,19.56,2.36
1997-12-09,24.38,17.81,3.34
1997-12-10,27.8,17.72,0.03
1997-12-11,25.9,19.92,0.26
1997-12-12,25.16,20.22,0.5
1997-12-13,26.41,20.34,0.51
1997-12-14,28.17,20.88,0.22
1997-12-15,27.17,20.63,2.18
1997-12-16,26.61,20.27,0.63
1997-12-17,27.42,19.85,0.08
1997-12-18,27.77,20.08,0.31
1997-12-19,27.31,19.63,0.25
1997-12-20,25.69,19.57,2.14
1997-12-21,25.91,19.7,0.13
1997-12-22,27.78,18.52,0.92
1997-12-23,27.84,18.56,0.01
1997-12-24,28.13,17.82,0
1997-12-25,27.92,17.72,0
1997-12-26,27.44,18.11,0
1997-12-27,26.58,17.85,0
1997-12-28,26.29,18.04,0.01
1997-12-29,26.66,17.42,0
1997-12-30,27.28,17.92,0
1997-12-31,27.05,16.43,0
1998-01-01,27.06,16.5,0
1998-01-02,27.15,16.42,0
1998-01-03,26.59,16.65,0.03
1998-01-04,26.71,17.61,0.14
1998-01-05,27.72,18.58,0.07
1998-01-06,27.66,17.63,0.02
1998-01-07,27.04,16.25,0.02
1998-01-08,27.93,16.53,0.01
1998-01-09,27.75,16.31,0
1998-01-10,28.26,16.62,0
1998-01-11,28.14,16.4,0.01
1998-01-12,28.39,15.97,0
1998-01-13,28.64,16.04,0
1998-01-14,30.33,15.75,0
1998-01-15,29.84,16.06,0
1998-01-16,30.69,16.99,0
1998-01-17,30.32,16.75,0
1998-01-18,29.98,17.97,0
1998-01-19,29.71,19.32,0
1998-01-20,29.93,19.4,0.06
1998-01-21,29.65,18.95,0.02
1998-01-22,29.8,19.21,0.04
1998-01-23,28.97,19.72,0.18
1998-01-24,28.88,19.65,0.04
1998-01-25,29.17,19.1,0.02
1998-01-26,29.19,18.12,0
1998-01-27,28.88,18.25,0
1998-01-28,28.8,18.78,0
1998-01-29,29.52,18.38,0
1998-01-30,29.05,19.47,0.01
1998-01-31,29.66,17.6,0
1998-02-01,29.16,17.41,0
1998-02-02,29.97,17.27,0.01
1998-02-03,29.95,17.42,0
1998-02-04,30.42,17.14,0
1998-02-05,30.6,17.22,0
1998-02-06,29.99,16.72,0
1998-02-07,30.23,17.7,0
1998-02-08,30.3,17.76,0.02
1998-02-09,28.79,18.19,1.4
1998-02-10,28.59,18.15,0.01
1998-02-11,28.4,17.59,0.04
1998-02-12,28.79,16.2,0
1998-02-13,29.27,16.06,0
1998-02-14,28.98,16.9,0
1998-02-15,29.3,17.68,0
1998-02-16,30.04,18.84,0.01
1998-02-17,30.77,20.34,0.32
1998-02-18,30.57,19.26,0.03
1998-02-19,31.1,19.27,0
1998-02-20,32.61,19.95,0
1998-02-21,32.78,18.19,0
1998-02-22,32.97,18.95,0
1998-02-23,31.25,20.04,0
1998-02-24,30.05,20.31,0.5
1998-02-25,30.56,20.06,0.09
1998-02-26,32.26,21.09,0
1998-02-27,32.31,22.08,0
1998-02-28,32.12,22.56,0
1998-03-01,32.17,21.16,0.07
1998-03-02,31.75,20.13,0
1998-03-03,30.57,19.27,0
1998-03-04,31.39,19.41,0
1998-03-05,31.43,18.93,0
1998-03-06,31.42,19.42,0
1998-03-07,32.57,21.85,0
1998-03-08,32.66,20.31,0
1998-03-09,32.6,19.9,0
1998-03-10,32.75,21.1,0.17
1998-03-11,31.15,21.08,0.14
1998-03-12,32.68,20.82,0
1998-03-13,32.59,21.5,0
1998-03-14,32.26,21.07,0
1998-03-15,31.6,19.48,0.04
1998-03-16,30.83,17.59,0
1998-03-17,31.52,17.8,0
1998-03-18,32.69,18.33,0
1998-03-19,32.68,19.58,0
1998-03-20,34.48,20.09,0
1998-03-21,34.19,20.04,0
1998-03-22,34.21,20.45,0
1998-03-23,34.86,22.36,0
1998-03-24,35.37,22.08,0
1998-03-25,33.95,23.1,0
1998-03-26,33.63,22.73,0.13
1998-03-27,33.92,21.44,0
1998-03-28,34.34,20.96,0
1998-03-29,33.15,21.22,0
1998-03-30,32.75,21.96,1.85
1998-03-31,32.7,23.03,0.17
1998-04-01,32.23,22.05,0.28
1998-04-02,33.3,22.26,0.11
1998-04-03,34.05,21.04,0.05
1998-04-04,35.03,20.69,0
1998-04-05,33.78,20.48,0
1998-04-06,34.88,20.35,0
1998-04-07,36.13,20.72,0
1998-04-08,35.71,22.31,0
1998-04-09,35.15,22.24,0
1998-04-10,33.25,22.14,0.41
1998-04-11,33.83,21.94,0
1998-04-12,34.32,22.44,0
1998-04-13,35.19,24.3,0
1998-04-14,33.61,23.41,0.14
1998-04-15,34.14,23.4,0.07
1998-04-16,34.91,23.25,0.02
1998-04-17,34.53,24.23,0.01
1998-04-18,35.96,24.28,0
1998-04-19,34.74,24.86,0.63
1998-04-20,34.23,24.93,0.76
1998-04-21,34.42,24.66,7.68
1998-04-22,34.22,22.94,7.47
1998-04-23,34.58,22.58,4.01
1998-04-24,33.43,22.52,2.06
1998-04-25,31.4,22.21,1.42
1998-04-26,32.21,22.2,6.26
1998-04-27,32.68,22.56,2.65
1998-04-28,31.85,22.26,1.86
1998-04-29,32.09,21.6,5.19
1998-04-30,32.78,21.89,3.0100000000000002
1998-05-01,33.36,22.35,5.7299999999999995
1998-05-02,31.21,22.35,1.16
1998-05-03,32.81,22.3,0.01
1998-05-04,32.98,22.22,0
1998-05-05,34.07,22.67,0
1998-05-06,33.26,22.96,0.83
1998-05-07,33.09,21.98,0
1998-05-08,33.54,21.92,0
1998-05-09,33.7,23.14,0.04
1998-05-10,32.81,23.66,3
1998-05-11,30.6,22.01,11.13
1998-05-12,31.73,21.9,0.57
1998-05-13,33.04,22.15,0.26
1998-05-14,31.21,22.05,0
1998-05-15,31.7,21.99,10.24
1998-05-16,29.8,22.02,0.38
1998-05-17,32.34,22.6,9.89
1998-05-18,34.42,22.51,0.02
1998-05-19,34.36,22.79,0.95
1998-05-20,33.17,22.99,1.1
1998-05-21,34.07,22.74,0.05
1998-05-22,33.95,23.23,0.22999999999999998
1998-05-23,33.32,23.7,8.01
1998-05-24,34.64,23.36,5.87
1998-05-25,32.54,22.96,6.79
1998-05-26,33.59,23.11,2.62
1998-05-27,33.44,23.24,1.57
1998-05-28,33.76,23.06,0
1998-05-29,34.35,22.16,0
1998-05-30,34.19,21.85,0
1998-05-31,34.6,23.01,1.03
1998-06-01,35.11,22.62,3.95
1998-06-02,33.95,22.27,9.290000000000001
1998-06-03,33.61,22.3,0.63
1998-06-04,33.02,22.57,1.08
1998-06-05,33.7,22.64,0.03
1998-06-06,32.68,22.11,0.88
1998-06-07,33.32,21.93,0.52
1998-06-08,33.05,22.38,0.33
1998-06-09,32.76,22.65,1.35
1998-06-10,31.09,21.89,0.49
1998-06-11,30.48,21.54,1.6300000000000001
1998-06-12,30.61,21.95,1.46
1998-06-13,30.43,21.89,6.93
1998-06-14,28.74,21.48,0.32
1998-06-15,29.48,20.73,0.63
1998-06-16,30.91,20.88,0.7000000000000001
1998-06-17,28.99,20.8,2.11
1998-06-18,30.38,20.8,0.65
1998-06-19,30.57,21.52,0.79
1998-06-20,28.76,21.69,0.13999999999999999
1998-06-21,30.58,21.82,0.8400000000000001
1998-06-22,29.54,21.64,0.15
1998-06-23,28.99,21.41,1.75
1998-06-24,28.41,21.37,0.97
1998-06-25,29.02,21.08,5.12
1998-06-26,28.19,21.28,1.84
1998-06-27,27.81,21.61,2.28
1998-06-28,28.33,21.43,10.99
1998-06-29,25.49,20.95,13.86
1998-06-30,23.85,20.55,7.07
1998-07-01,26.21,21.09,3.5100000000000002
1998-07-02,26.78,21.53,0.99
1998-07-03,26.34,20.55,2.16
1998-07-04,25.33,20.64,9.62
1998-07-05,26.72,20.29,8.21
1998-07-06,25.66,20.2,4.87
1998-07-07,26.33,20.57,0.13
1998-07-08,26.47,20.75,0.5599999999999999
1998-07-09,24.85,20.93,9.459999999999999
1998-07-10,27.1,21.15,3.86
1998-07-11,28.13,21.87,1.16
1998-07-12,28.6,21.72,1.07
1998-07-13,28.07,20.99,9.99
1998-07-14,29.72,20.24,5.42
1998-07-15,29.25,20.61,10.84
1998-07-16,29.14,20.71,4.76
1998-07-17,28.19,21.2,3.29
1998-07-18,28.66,21.02,17.18
1998-07-19,27.98,20.64,20.19
1998-07-20,27.02,20.44,11.84
1998-07-21,27.96,21.07,3.86
1998-07-22,29.15,21.13,0.92
1998-07-23,28.92,20.51,3.1
1998-07-24,29.09,20.72,4.94
1998-07-25,29.58,20.91,1.49
1998-07-26,27.22,20.92,3.7399999999999998
1998-07-27,25.47,20.55,11.7
1998-07-28,22.7,20.02,8.96
1998-07-29,26.03,20.37,1.69
1998-07-30,27,21.22,1.78
1998-07-31,27.74,19.9,1.28
1998-08-01,26.49,20.09,3.1799999999999997
1998-08-02,27.27,20.73,6.359999999999999
1998-08-03,27.38,20.68,9.82
1998-08-04,27.99,21.03,9.129999999999999
1998-08-05,28.17,20.19,8.31
1998-08-06,25.49,20.38,6.58
1998-08-07,25.8,20.26,5.47
1998-08-08,26.58,20.26,3.78
1998-08-09,26.73,20.96,8.53
1998-08-10,26.66,21,1.96
1998-08-11,26.62,21.4,0.89
1998-08-12,28.39,20.98,2.29
1998-08-13,27.82,21.03,1.76
1998-08-14,27.44,21.16,2.15
1998-08-15,27.07,20.95,9.92
1998-08-16,27.57,20.67,5.96
1998-08-17,28.6,20.4,3.73
1998-08-18,28.66,20.74,10.1
1998-08-19,28.06,20.62,8.93
1998-08-20,28.54,20.48,13.87
1998-08-21,27.53,20.69,17.08
1998-08-22,27.07,21.07,6.04
1998-08-23,28.13,21.11,8.03
1998-08-24,26.9,21.03,5.74
1998-08-25,24.73,20.61,3.52
1998-08-26,24.71,20.33,1.7
1998-08-27,26.48,20.12,0.62
1998-08-28,26.99,19.96,0.34
1998-08-29,28.11,20.21,0.1
1998-08-30,28.95,20.62,2.48
1998-08-31,27.91,20.54,2.84
1998-09-01,26.18,19.76,5.79
1998-09-02,26.85,19.61,3.76
1998-09-03,26.29,19.85,2.15
1998-09-04,27.71,19.95,9.95
1998-09-05,27.4,20.12,8.7
1998-09-06,28.16,20.1,2.2600000000000002
1998-09-07,26.82,20.45,1.27
1998-09-08,26.86,20.46,7.529999999999999
1998-09-09,27.02,20.05,2.35
1998-09-10,26.75,19.26,0.91
1998-09-11,26.85,19.27,3.84
1998-09-12,27.2,20.88,1.42
1998-09-13,24.97,20.11,15.96
1998-09-14,26.16,19.96,1.71
1998-09-15,26.99,19.71,0.73
1998-09-16,26.34,19.42,1.8699999999999999
1998-09-17,27.59,19.19,0.45999999999999996
1998-09-18,27.77,19.32,0.07
1998-09-19,26.94,19.48,0.17
1998-09-20,26.68,19.4,1.11
1998-09-21,27.16,19.31,0.24000000000000002
1998-09-22,28.12,19.16,5.57
1998-09-23,25.84,19.94,13.32
1998-09-24,24.85,19.66,3.15
1998-09-25,26.91,20.3,10.06
1998-09-26,25.6,20.24,17.73
1998-09-27,25.46,20.5,18.19
1998-09-28,26.34,20.43,9.54
1998-09-29,27.98,19.51,13.17
1998-09-30,26.77,19.67,3.17
1998-10-01,26.63,20.5,4.24
1998-10-02,27.08,21.05,10.34
1998-10-03,25.59,19.41,13.6
1998-10-04,26.97,19.21,0.72
1998-10-05,25.32,20.17,8.19
1998-10-06,27.53,20.15,21.06
1998-10-07,27.03,19.98,6.65
1998-10-08,26.95,20.48,2.41
1998-10-09,28.12,20.48,8.82
1998-10-10,27.75,21.12,13.56
1998-10-11,27.21,21.06,4.16
1998-10-12,25.55,19.99,15.48
1998-10-13,25.79,19.94,14.23
1998-10-14,24.12,20.05,11.86
1998-10-15,25.91,20.43,2.82
1998-10-16,27.18,19.25,0.3
1998-10-17,26.23,19.71,0.87
1998-10-18,26.32,19.89,0.42
1998-10-19,27.24,17.2,0
1998-10-20,26.38,16.67,0
1998-10-21,26.58,16.62,0
1998-10-22,26.9,18.16,1.4100000000000001
1998-10-23,26.53,19.12,2.2
1998-10-24,28.37,18.98,0.66
1998-10-25,28.34,19.97,0.99
1998-10-26,27.64,18.85,1.34
1998-10-27,28.11,19.01,0.32
1998-10-28,27.48,18.03,0.87
1998-10-29,27.34,17.2,0.06
1998-10-30,26.12,16.55,0
1998-10-31,28.01,16.54,0
1998-11-01,27.75,19.06,1.1300000000000001
1998-11-02,21.12,19.47,19.53
1998-11-03,23.59,19.51,2.5300000000000002
1998-11-04,25.68,19.75,1.19
1998-11-05,27.14,19.36,1.26
1998-11-06,24.6,20.2,8.97
1998-11-07,23.83,20.64,3.6100000000000003
1998-11-08,25.5,20.26,4.12
1998-11-09,27.09,20.36,1.67
1998-11-10,26.58,19.58,0.75
1998-11-11,27.86,19.06,0.1
1998-11-12,27.31,19.14,2.24
1998-11-13,27.63,16.63,0
1998-11-14,27.67,16.42,0
1998-11-15,26.33,16.38,0
1998-11-16,27.9,16.47,0
1998-11-17,28.4,18.09,0
1998-11-18,27.6,18.3,0.07
1998-11-19,27.04,18.42,0.43
1998-11-20,26.07,17.83,1.18
1998-11-21,26.5,18.53,0.9
1998-11-22,26.56,17.43,0.14
1998-11-23,26.48,17.82,0.18000000000000002
1998-11-24,27.05,18.36,0.15
1998-11-25,25.91,18.19,0.68
1998-11-26,26.65,15.49,0.08
1998-11-27,26.02,13.52,0
1998-11-28,26.21,13.25,0
1998-11-29,26.92,15.49,0.02
1998-11-30,27.49,18.27,0.79
1998-12-01,26.65,18.23,1.23
1998-12-02,27.46,16.71,0
1998-12-03,25.92,16.16,0
1998-12-04,25.62,16.23,0.11
1998-12-05,27.19,15.92,0
1998-12-06,26.47,15.6,0
1998-12-07,26.31,16.63,0
1998-12-08,24.22,17.26,0.17
1998-12-09,22.97,19.07,3.75
1998-12-10,21.72,19.4,3.65
1998-12-11,23.79,19.13,1.44
1998-12-12,24.99,19.1,1.95
1998-12-13,22.68,18.11,0.42000000000000004
1998-12-14,24.41,17.11,0.38
1998-12-15,24.92,17.11,0.73
1998-12-16,26.76,14.39,0
1998-12-17,26.72,14.78,0
1998-12-18,26.15,14.99,0
1998-12-19,26.87,14.9,0
1998-12-20,26.59,14.34,0
1998-12-21,25.99,13.9,0
1998-12-22,26.46,13.69,0
1998-12-23,25.92,13.82,0
1998-12-24,26.12,13.47,0
1998-12-25,25.7,14.55,0
1998-12-26,25.87,14.33,0
1998-12-27,26.17,16.41,0.11
1998-12-28,26.21,18.08,0.08
1998-12-29,26.91,14.33,0
1998-12-30,26.94,14.26,0
1998-12-31,27.1,14.81,0
1999-01-01,26.52,13.69,0
1999-01-02,26.08,13.72,0
1999-01-03,25.4,14.09,0
1999-01-04,25.11,13.59,0
1999-01-05,26.77,13.41,0
1999-01-06,27.44,14.4,0
1999-01-07,26.59,15.98,0
1999-01-08,26.86,17.27,0.03
1999-01-09,26.69,16.76,0
1999-01-10,27,15.77,0
1999-01-11,27.23,15.15,0
1999-01-12,26.76,15.17,0
1999-01-13,27.34,16.6,0.02
1999-01-14,25.03,17.77,1.06
1999-01-15,26.59,16.05,0
1999-01-16,25.98,15.56,0
1999-01-17,27.24,15.45,0
1999-01-18,27.75,15.34,0
1999-01-19,27.56,15.17,0
1999-01-20,27.3,14.26,0
1999-01-21,26.9,13.2,0
1999-01-22,26.53,13.05,0
1999-01-23,28.01,12.77,0
1999-01-24,27.63,12.56,0
1999-01-25,26.8,13.56,0
1999-01-26,27.62,13.04,0
1999-01-27,28.27,13.85,0
1999-01-28,27.76,15.06,0
1999-01-29,28.25,15.16,0
1999-01-30,28.88,14.87,0
1999-01-31,29.01,15.9,0
1999-02-01,28.55,15.55,0
1999-02-02,28.25,16.36,0
1999-02-03,29.05,17.92,0.14
1999-02-04,27.96,18.37,6.21
1999-02-05,28.42,19.93,1.2
1999-02-06,29.17,18.62,0.01
1999-02-07,28.94,18.45,0
1999-02-08,28.77,16.77,0
1999-02-09,28.28,16.56,0.2
1999-02-10,27.64,17.89,0.41000000000000003
1999-02-11,29.18,16.16,0
1999-02-12,28.44,15.82,0
1999-02-13,29.29,17.44,0
1999-02-14,29.9,17.45,0
1999-02-15,29.33,17.22,0
1999-02-16,30.08,16.46,0
1999-02-17,30.24,16.9,0
1999-02-18,30.14,16.72,0
1999-02-19,29.36,16.56,0
1999-02-20,28.88,16.71,0
1999-02-21,29.92,16.5,0
1999-02-22,30.25,16.33,0
1999-02-23,29.98,16.49,0
1999-02-24,30.28,16.2,0
1999-02-25,30.66,16.14,0
1999-02-26,31.54,16.71,0
1999-02-27,31.83,15.75,0
1999-02-28,31.28,15.5,0
1999-03-01,31.48,18.02,0
1999-03-02,31.92,17.53,0
1999-03-03,31.35,17.84,0
1999-03-04,31.57,17.88,0
1999-03-05,31.3,17.81,0
1999-03-06,31.58,17.69,0
1999-03-07,31.81,17.81,0
1999-03-08,32.33,18.29,0
1999-03-09,32.39,18.65,0
1999-03-10,32.95,18.76,0
1999-03-11,32.77,17.54,0
1999-03-12,32.33,17.57,0
1999-03-13,32.11,19.32,0
1999-03-14,31.9,19.74,0
1999-03-15,32.42,17.93,0
1999-03-16,32.18,17.91,0
1999-03-17,33.04,18.71,0
1999-03-18,32.83,19.98,0
1999-03-19,32.23,22.03,0
1999-03-20,32.59,21.55,0
1999-03-21,32.19,22.04,0
1999-03-22,32.06,22.02,0
1999-03-23,32.45,21.81,0.02
1999-03-24,32.35,22.33,0.5
1999-03-25,31.53,21.88,0.69
1999-03-26,33,21.75,0
1999-03-27,32.7,23.24,0
1999-03-28,33.25,22.44,0.01
1999-03-29,34.1,21.7,0
1999-03-30,33.26,20.49,0
1999-03-31,33.91,19.77,0
1999-04-01,33.76,19.61,0
1999-04-02,33.33,17.76,0
1999-04-03,32.87,17.52,0
1999-04-04,32.59,18.01,0
1999-04-05,32.64,20.98,0
1999-04-06,34.03,21.54,0.08
1999-04-07,33.95,20.32,0.18
1999-04-08,33.57,21.23,0.19
1999-04-09,32.86,21.52,0.24
1999-04-10,33.47,21.29,0.36000000000000004
1999-04-11,33.8,21.28,1.04
1999-04-12,33.27,20.66,3.27
1999-04-13,33.3,20.13,2.18
1999-04-14,33.39,20.34,0
1999-04-15,33.7,20.54,0.01
1999-04-16,34.31,21.14,0
1999-04-17,33.73,22.06,0
1999-04-18,33.41,21.8,0
1999-04-19,32.87,20.78,0.02
1999-04-20,32.91,20.8,0
1999-04-21,33.4,21.03,0
1999-04-22,26.97,20.75,0.5700000000000001
1999-04-23,30.12,20.41,0.01
1999-04-24,32.44,20.39,1.56
1999-04-25,31.92,21.25,0.19
1999-04-26,32.5,20.64,4.81
1999-04-27,32.99,20.61,6.9
1999-04-28,32.81,21.12,2.1
1999-04-29,32.99,21.18,1.58
1999-04-30,33.29,21.61,2.47
1999-05-01,33.13,21.2,11.65
1999-05-02,31.38,21.52,6.069999999999999
1999-05-03,31.88,20.72,9.82
1999-05-04,30.97,20.81,9.28
1999-05-05,30.38,20.27,12.49
1999-05-06,27.97,20.31,7.45
1999-05-07,29.14,21,2.27
1999-05-08,29.69,20.96,4.59
1999-05-09,30.28,21.23,10.799999999999999
1999-05-10,29.33,19.98,9.38
1999-05-11,29.07,19.98,0.72
1999-05-12,29.56,20.48,7.72
1999-05-13,29.91,21.1,3.81
1999-05-14,28.04,20.2,15.25
1999-05-15,27.99,20.64,17.95
1999-05-16,30.16,20.82,6.42
1999-05-17,29.61,20.78,0.62
1999-05-18,30.52,20.44,2.49
1999-05-19,28.99,20.79,1.47
1999-05-20,28.29,20.21,6.25
1999-05-21,28.35,20.19,0.63
1999-05-22,28.44,20.27,2.64
1999-05-23,27.78,20.32,2.27
1999-05-24,26.87,20.89,1.49
1999-05-25,25.71,20.53,7.81
1999-05-26,26.35,20.05,4.75
1999-05-27,26.67,20,0.44
1999-05-28,27.95,19.84,0.19
1999-05-29,29.01,19.97,0
1999-05-30,28.41,19.96,0.65
1999-05-31,28.7,20.21,2.9699999999999998
1999-06-01,29.58,20.11,0.24
1999-06-02,29.04,19.52,0.06999999999999999
1999-06-03,28.35,19.45,0.49
1999-06-04,26.72,19.08,9.370000000000001
1999-06-05,28.05,19.38,0.4
1999-06-06,29.07,19.75,1.38
1999-06-07,29.9,20.52,1.51
1999-06-08,28.97,20.67,2
1999-06-09,28.42,20.5,1.1600000000000001
1999-06-10,27.74,20.52,1.24
1999-06-11,27.06,20.6,0.6900000000000001
1999-06-12,26.62,20.63,1.23
1999-06-13,27.49,20.86,1.97
1999-06-14,28.13,20.81,2.46
1999-06-15,26.88,20.25,2.68
1999-06-16,25.24,19.71,1.85
1999-06-17,25.91,19.93,2.09
1999-06-18,25.84,20.49,4.34
1999-06-19,26.86,20.64,1.07
1999-06-20,27.58,20.92,0.32
1999-06-21,27.13,19.98,0.08
1999-06-22,28.67,19.66,0
1999-06-23,28.43,19.34,0
1999-06-24,27.46,18.91,0.02
1999-06-25,28.17,19.19,0.15
1999-06-26,28.54,19.74,0.56
1999-06-27,28.89,19.4,0.1
1999-06-28,28.71,19.27,0.06
1999-06-29,29.83,19.26,0.05
1999-06-30,29.21,19.92,0.53
1999-07-01,29.52,19.28,0.15
1999-07-02,28.83,18.94,0.06
1999-07-03,29.67,19.24,2.12
1999-07-04,28.93,19.56,1.59
1999-07-05,29.98,20.02,2.9
1999-07-06,28.91,20.16,0.66
1999-07-07,27.94,20.29,6.04
1999-07-08,29.33,20.19,1.65
1999-07-09,29.66,19.86,1.78
1999-07-10,27.49,19.56,0.34
1999-07-11,28.52,20.65,0.8400000000000001
1999-07-12,28.73,20.4,0.3
1999-07-13,27,20.18,0.56
1999-07-14,24.4,20.32,0.51
1999-07-15,27.79,20.57,2.27
1999-07-16,26.48,20.37,4.08
1999-07-17,26.3,20.33,10.82
1999-07-18,27.58,20.49,8.22
1999-07-19,26.34,20.4,5.91
1999-07-20,26.87,20.38,1.53
1999-07-21,25.82,19.9,20.25
1999-07-22,24.06,19.98,7.55
1999-07-23,25.07,19.68,1.61
1999-07-24,25.81,20.08,0.47000000000000003
1999-07-25,27,20.42,3.46
1999-07-26,24.52,20.86,5.62
1999-07-27,25.19,20.78,1.03
1999-07-28,25.73,20.65,0.68
1999-07-29,25.95,20.2,0.98
1999-07-30,26.3,20.59,1.08
1999-07-31,26.04,20.17,3.3
1999-08-01,25.14,20.25,9.2
1999-08-02,26.29,20.45,0.9500000000000001
1999-08-03,26.97,20.76,1.89
1999-08-04,26.94,20.15,0.43
1999-08-05,26.89,20.17,0.17
1999-08-06,26.48,20.04,0.83
1999-08-07,25.24,20.37,0.63
1999-08-08,25.08,20.04,0.88
1999-08-09,27.93,20.18,1.44
1999-08-10,28.01,19.79,3.17
1999-08-11,27.11,19.85,1.29
1999-08-12,28.03,19.86,0.25
1999-08-13,26.86,18.94,0.16
1999-08-14,26.47,18.64,0.28
1999-08-15,28.02,18.44,0.72
1999-08-16,27.54,19.72,2.6
1999-08-17,28.3,20.05,5.92
1999-08-18,28.35,19.55,8.58
1999-08-19,27.96,19.47,3.04
1999-08-20,27.74,20,1.3
1999-08-21,28.17,19.55,0.05
1999-08-22,28.58,19.24,0.25
1999-08-23,28.59,19.29,0.64
1999-08-24,26.83,19.94,4.27
1999-08-25,25.54,19.68,0.9400000000000001
1999-08-26,26.53,19.76,0.59
1999-08-27,27.22,19.81,0.33
1999-08-28,26.05,19.19,8.67
1999-08-29,26.62,19.28,2.65
1999-08-30,27.18,19.79,1.05
1999-08-31,27.3,19.29,3.68
1999-09-01,27.94,19.28,0.23
1999-09-02,27.52,18.66,3.47
1999-09-03,27.93,18.92,0.09
1999-09-04,27.03,18.46,1.05
1999-09-05,25.81,18.59,0.29000000000000004
1999-09-06,27.28,19.06,0.39999999999999997
1999-09-07,27.54,19,1.21
1999-09-08,26.98,19.56,0.19
1999-09-09,27.14,19.73,0.29000000000000004
1999-09-10,27.08,20.06,5
1999-09-11,27.21,19.01,1.8800000000000001
1999-09-12,28.32,19.4,0
1999-09-13,27.63,18.63,0.09
1999-09-14,29.01,18.82,0.14
1999-09-15,27.84,18.87,0.02
1999-09-16,29.03,19.26,0.06
1999-09-17,29.29,18.92,0.25
1999-09-18,28.99,18.58,0
1999-09-19,30.24,19.36,0
1999-09-20,29.62,20.01,0.04
1999-09-21,29.91,19.54,0
1999-09-22,30.18,19.38,0.08
1999-09-23,30.1,20.11,0.76
1999-09-24,29.54,19.2,18.02
1999-09-25,28.63,19.4,10.68
1999-09-26,28.16,19.66,11.68
1999-09-27,28.71,19.82,8.12
1999-09-28,25.25,20.01,42.75
1999-09-29,25,19.83,13.92
1999-09-30,26.96,19.41,21.37
1999-10-01,27.22,20.13,15.52
1999-10-02,27.05,20.35,11.09
1999-10-03,26.89,19.7,9.48
1999-10-04,27.82,19.88,4.96
1999-10-05,25.8,20.15,4.2299999999999995
1999-10-06,26.15,20.39,6.9399999999999995
1999-10-07,25.66,20.56,6.18
1999-10-08,27.77,20.92,1.83
1999-10-09,28.02,20.7,3.81
1999-10-10,28.4,20.07,1.08
1999-10-11,28.37,19.85,2.4
1999-10-12,28.61,19.62,4.62
1999-10-13,28.39,18.19,0.29
1999-10-14,28.3,18.1,0
1999-10-15,24.1,19.84,20.14
1999-10-16,25.69,18.94,3.9
1999-10-17,27.59,19.18,9.09
1999-10-18,27.53,19.96,6.21
1999-10-19,26.48,20.33,7.5
1999-10-20,26.63,20.2,0.9500000000000001
1999-10-21,26.95,19.22,4.46
1999-10-22,27.12,20.06,7.890000000000001
1999-10-23,25.78,18.8,5.32
1999-10-24,25.72,18.99,7.31
1999-10-25,27.66,19.79,5.95
1999-10-26,27.83,20.01,0.55
1999-10-27,28,19.65,1.28
1999-10-28,26.54,19.55,8.28
1999-10-29,27.46,18.96,0.77
1999-10-30,27.57,17.59,0.01
1999-10-31,25.91,16.56,0
1999-11-01,26.5,16.96,0
1999-11-02,27.12,19.63,0.18
1999-11-03,25.97,18.91,0.42
1999-11-04,26.88,18.76,0.67
1999-11-05,27.22,19.4,0.45
1999-11-06,26.01,17.81,0.35000000000000003
1999-11-07,27.24,16.06,0
1999-11-08,27.69,15.56,0
1999-11-09,27.8,15.55,0
1999-11-10,26.64,16.19,0
1999-11-11,26.09,14.95,0
1999-11-12,26.5,14.98,0
1999-11-13,26.35,14.45,0
1999-11-14,26.07,13.52,0
1999-11-15,25.46,14.17,0
1999-11-16,25.8,14.32,0
1999-11-17,26.77,15.48,0
1999-11-18,26.93,16.67,0
1999-11-19,24.44,17.52,1.46
1999-11-20,23.58,18.88,2.49
1999-11-21,22.11,18.49,5.03
1999-11-22,20.95,18.36,11.92
1999-11-23,23.87,18.42,0.22
1999-11-24,26.53,18.59,0.27
1999-11-25,25.41,17.12,0
1999-11-26,26.51,16.12,0
1999-11-27,27.23,16.4,0
1999-11-28,25.5,18.7,6
1999-11-29,25.38,19.42,1.2
1999-11-30,24.86,17.68,0.47000000000000003
1999-12-01,25.84,15.67,0
1999-12-02,26,15.96,0
1999-12-03,25.47,14.39,0
1999-12-04,24.8,15.06,0
1999-12-05,25.53,14.65,0
1999-12-06,26.1,14.52,0
1999-12-07,26.14,16.53,0
1999-12-08,25.48,16.96,0.06999999999999999
1999-12-09,26.41,15.65,0
1999-12-10,25.6,14.66,0
1999-12-11,25.55,14.3,0
1999-12-12,26.58,14.8,0
1999-12-13,23.38,18.31,1.05
1999-12-14,25.3,17.09,1.06
1999-12-15,27.3,16.41,0
1999-12-16,26.69,15.74,0
1999-12-17,26.6,14.5,0
1999-12-18,26.38,14.26,0
1999-12-19,24.68,13.47,0
1999-12-20,23.63,13.14,0.01
1999-12-21,24.06,14.25,0.08
1999-12-22,22.24,18.19,3.99
1999-12-23,24.16,13.56,0.5700000000000001
1999-12-24,25.54,14.08,0.07
1999-12-25,25.3,16.77,0.03
1999-12-26,25.84,17.09,0
1999-12-27,25.47,17.5,0.12
1999-12-28,25.22,16.21,0
1999-12-29,24.59,15.1,0
1999-12-30,24.27,15.34,0.01
1999-12-31,24.82,14.52,0
2000-01-01,25.27,14.44,0.03
2000-01-02,25.23,15.23,0
2000-01-03,25.49,15.45,0
2000-01-04,26.19,15.66,0
2000-01-05,26.47,16.31,0
2000-01-06,27.11,16.3,0.13
2000-01-07,26.89,16.77,0.01
2000-01-08,26.36,15.37,0.04
2000-01-09,27.48,15.49,0.01
2000-01-10,26.1,17.44,1.76
2000-01-11,25.51,17.78,2.3000000000000003
2000-01-12,26.21,17.51,0
2000-01-13,28.56,17.46,0
2000-01-14,28.18,17.11,0
2000-01-15,29.06,16.95,0
2000-01-16,29.5,17.12,0
2000-01-17,28.76,15.11,0.01
2000-01-18,28.42,14.69,0
2000-01-19,28.47,14.79,0
2000-01-20,29.39,15.11,0
2000-01-21,30.17,15.11,0
2000-01-22,30.42,15.08,0
2000-01-23,30.1,15.28,0
2000-01-24,29.5,16.67,0
2000-01-25,28.41,16.73,0
2000-01-26,27.13,15.69,0
2000-01-27,27.35,15.29,0
2000-01-28,27.47,15.27,0
2000-01-29,28.34,16.25,0
2000-01-30,28.47,14.98,0
2000-01-31,28.04,14.64,0
2000-02-01,27.63,14.38,0
2000-02-02,28.47,14.86,0
2000-02-03,28.97,15.25,0.01
2000-02-04,28.66,19.7,0.02
2000-02-05,29.7,19.37,0.05
2000-02-06,29.95,19.06,0.2
2000-02-07,29.82,18.97,0.01
2000-02-08,29.67,19.17,0.79
2000-02-09,28.3,19.54,0.77
2000-02-10,29.74,19.6,0.4
2000-02-11,28.39,20.37,1.86
2000-02-12,26.53,19.97,1.37
2000-02-13,29.16,17.43,0
2000-02-14,29.01,16.52,0
2000-02-15,28.49,16.44,0
2000-02-16,28.86,17.02,0
2000-02-17,30.31,17.09,0
2000-02-18,30.72,18.32,0
2000-02-19,31.24,19.75,0
2000-02-20,30.57,18.72,0.01
2000-02-21,29.47,18.53,0.59
2000-02-22,27.37,19.66,3.89
2000-02-23,29.22,19.75,0.04
2000-02-24,26.45,19.46,9.629999999999999
2000-02-25,27.11,19.64,5.82
2000-02-26,25.67,19.28,17.48
2000-02-27,25.03,19.21,4.7
2000-02-28,25.64,18.66,2.58
2000-02-29,28.09,17.11,0.01
2000-03-01,28.75,14.99,0
2000-03-02,30.03,14.84,0
2000-03-03,31.35,15.92,0
2000-03-04,31.54,16.77,0
2000-03-05,30.98,16.67,0
2000-03-06,30.59,16.55,0
2000-03-07,30.39,16.94,0
2000-03-08,30.52,18.35,0
2000-03-09,30.83,20.21,0.13
2000-03-10,31.12,20.51,0.01
2000-03-11,29.74,20.87,0.44
2000-03-12,31.6,20.68,0
2000-03-13,30.01,20.46,0.09
2000-03-14,30,21.34,0.21000000000000002
2000-03-15,30.17,20.77,0.1
2000-03-16,31.95,20.45,0
2000-03-17,31.18,21.24,0.01
2000-03-18,31.5,21.45,0.08
2000-03-19,31.74,20.97,0
2000-03-20,32.14,20.6,0
2000-03-21,32.35,19.83,0
2000-03-22,32.38,18.66,0
2000-03-23,32.22,18.35,0
2000-03-24,31.96,18.72,0
2000-03-25,32.57,19.1,0
2000-03-26,32.39,19.2,0
2000-03-27,32.38,19.08,0
2000-03-28,32.25,19.72,0
2000-03-29,32.6,19.94,0
2000-03-30,33.22,19.51,0
2000-03-31,33.87,20.13,0
2000-04-01,30.78,21.39,1.27
2000-04-02,32.6,21.14,0.02
2000-04-03,32.84,22.16,0.1
2000-04-04,33.16,22.16,0
2000-04-05,34.14,21.28,0
2000-04-06,33.66,21.04,0
2000-04-07,33.2,20.22,0
2000-04-08,34.31,20.35,0
2000-04-09,35.46,21.22,0
2000-04-10,33.97,22.21,0.43
2000-04-11,33.49,21.85,6.92
2000-04-12,32.96,22.16,2.36
2000-04-13,32.8,21.93,7.64
2000-04-14,31.44,21.01,0.26
2000-04-15,31.99,20.83,2.2800000000000002
2000-04-16,31.18,21.42,14.91
2000-04-17,32.06,20.28,11.81
2000-04-18,31.15,20.32,6.17
2000-04-19,29.38,20.4,2.2399999999999998
2000-04-20,30.9,20.5,0.01
2000-04-21,31.52,20.26,0.04
2000-04-22,32.73,20.85,0
2000-04-23,32.44,20.95,0.1
2000-04-24,32.49,21.07,5.01
2000-04-25,33.29,20.28,0
2000-04-26,33.5,20.49,0.01
2000-04-27,33.67,21.45,1
2000-04-28,33.82,21.92,2.9099999999999997
2000-04-29,33.6,22.08,0.9
2000-04-30,34.35,22.48,0.02
2000-05-01,33.59,22.85,1.75
2000-05-02,34.31,21.85,7.5200000000000005
2000-05-03,32.66,19.63,11.82
2000-05-04,31,19.72,1.73
2000-05-05,31.62,20.98,12.2
2000-05-06,28.31,19.28,3.79
2000-05-07,28.92,19.65,21.3
2000-05-08,29.81,20.93,0.77
2000-05-09,31.19,21.64,4.69
2000-05-10,31.21,21.64,7.51
2000-05-11,30.53,21.14,0.43000000000000005
2000-05-12,31.22,20.95,0.04
2000-05-13,31.4,20.63,0
2000-05-14,31.47,20.75,0
2000-05-15,31.8,21.41,0
2000-05-16,30.62,20.73,0.6900000000000001
2000-05-17,30.04,20.24,1.1400000000000001
2000-05-18,30.75,20.28,0
2000-05-19,29.26,20.35,1.9300000000000002
2000-05-20,30.52,20.05,0.16
2000-05-21,30.67,20.27,0.06999999999999999
2000-05-22,31.23,20.7,0.14
2000-05-23,32.26,21.24,0.85
2000-05-24,32.26,21.76,5.77
2000-05-25,30.93,21.6,6.17
2000-05-26,30.58,20.72,5.95
2000-05-27,29.52,20.68,0.87
2000-05-28,29.85,20.05,0.78
2000-05-29,30.86,20.33,3.11
2000-05-30,31.07,21.02,4.86
2000-05-31,28.94,20.72,4.18
2000-06-01,28.91,20.81,6
2000-06-02,27.82,20.1,9.71
2000-06-03,28.46,19.7,9.07
2000-06-04,25.82,19.99,14.64
2000-06-05,25.55,20.34,6.46
2000-06-06,23.44,20.65,18.01
2000-06-07,27.14,20.38,7.06
2000-06-08,27.2,21.3,1.25
2000-06-09,28.8,20.47,0.44
2000-06-10,28.89,20.96,2.81
2000-06-11,27.86,20.54,14.37
2000-06-12,25.06,19.37,3.5
2000-06-13,28.28,19.53,0.51
2000-06-14,28.38,19.9,0.62
2000-06-15,27.6,20.15,0.71
2000-06-16,26.81,20.21,1.35
2000-06-17,28.3,20.58,0.77
2000-06-18,27.32,20.66,0.89
2000-06-19,25.55,19.66,6.18
2000-06-20,27.93,20.33,1.19
2000-06-21,26.76,20.58,3.52
2000-06-22,28.64,19.66,1.01
2000-06-23,27.24,19.45,0.33
2000-06-24,29.28,19.41,0.12000000000000001
2000-06-25,29.65,19.95,0.08
2000-06-26,29.28,19.92,0.12
2000-06-27,27.7,19.8,9.700000000000001
2000-06-28,25.59,19.53,2.04
2000-06-29,22.78,19.1,6.96
2000-06-30,23.3,19.46,4.84
2000-07-01,27.73,19.23,0.95
2000-07-02,27.63,19.72,0.47
2000-07-03,24.59,19.52,14.01
2000-07-04,24.06,19.86,10.59
2000-07-05,25.35,19.68,6.12
2000-07-06,25.09,19.61,8.77
2000-07-07,24.98,19.65,4.2700000000000005
2000-07-08,24.96,19.25,2.08
2000-07-09,26.08,19.88,0.96
2000-07-10,26.52,20.16,3.5
2000-07-11,24.95,20.28,9.76
2000-07-12,24.41,20.26,1.51
2000-07-13,26,19.82,1.4
2000-07-14,26.01,19.93,1.16
2000-07-15,26.91,20.17,0.1
2000-07-16,25.92,20.28,0.44
2000-07-17,26.71,20.17,0.45
2000-07-18,25.96,20.13,0.42000000000000004
2000-07-19,26.94,19.96,1.27
2000-07-20,27.91,18.39,0.23
2000-07-21,28.9,18.65,0.08
2000-07-22,28.64,19.07,0.19
2000-07-23,29.22,19.52,0.12000000000000001
2000-07-24,28.8,19.2,0.07
2000-07-25,28.66,18.76,0.03
2000-07-26,28.86,18.63,0.15
2000-07-27,29,19,0.23
2000-07-28,28.38,19.16,0.03
2000-07-29,28.59,19.09,0.28
2000-07-30,28.46,19.21,0.61
2000-07-31,29.76,20.2,6.75
2000-08-01,29.2,19.91,3.29
2000-08-02,29.38,19.72,1.22
2000-08-03,29.35,19.72,19.77
2000-08-04,28.45,19.75,22.68
2000-08-05,29.02,19.7,15.26
2000-08-06,27.71,19.86,17.94
2000-08-07,26.3,19.87,2.87
2000-08-08,25.53,20.17,6.46
2000-08-09,24.96,19.01,11.34
2000-08-10,24.61,19.12,3.62
2000-08-11,26.21,19.07,0.6
2000-08-12,26.32,18.73,1.98
2000-08-13,27.8,18.72,2.78
2000-08-14,27.29,20.36,6.8
2000-08-15,26.65,19.6,10.37
2000-08-16,27.58,19.72,3.81
2000-08-17,26.49,19.11,4.58
2000-08-18,26.63,19.24,1
2000-08-19,26.13,20.16,0.68
2000-08-20,25.19,19.68,5.29
2000-08-21,23.98,19.77,7.53
2000-08-22,23.76,19.53,6.14
2000-08-23,22.99,19.87,7.39
2000-08-24,25.55,19.91,18.16
2000-08-25,26.3,20.12,18.830000000000002
2000-08-26,23.73,19.78,22.78
2000-08-27,26.15,19.73,4.8
2000-08-28,26.77,20.26,2.93
2000-08-29,27.05,19.93,4.2299999999999995
2000-08-30,25.1,19.15,0.21
2000-08-31,25.84,19.23,1.07
2000-09-01,26.28,19.15,0.15
2000-09-02,25.8,19.33,0.51
2000-09-03,26.81,19.16,3.06
2000-09-04,26.71,19.3,2.1
2000-09-05,27.61,19.36,1.18
2000-09-06,27.94,19.37,0.7
2000-09-07,28.22,19.58,1.66
2000-09-08,27.49,19.19,0.15
2000-09-09,26.43,19.57,0.19
2000-09-10,27.17,19.09,0.35
2000-09-11,27.14,19.05,0.37
2000-09-12,27.27,19.4,2
2000-09-13,28.7,19.66,2.32
2000-09-14,28.4,20.13,1.44
2000-09-15,29.07,20.21,0.78
2000-09-16,28.51,20.19,6.13
2000-09-17,27.69,20.02,11.42
2000-09-18,28.47,20.01,11.55
2000-09-19,26.96,20.27,14.97
2000-09-20,28.98,20.01,19.12
2000-09-21,27.44,20.2,7.94
2000-09-22,28.15,20.54,3.39
2000-09-23,27.72,20.58,3.56
2000-09-24,28.5,20.59,2.03
2000-09-25,28,19.81,6.19
2000-09-26,27.41,20.31,1.16
2000-09-27,27.27,20.67,2.2399999999999998
2000-09-28,27.81,20.1,1.33
2000-09-29,29.18,19.84,9.93
2000-09-30,26.1,20.03,26.21
2000-10-01,25.22,19.69,19.1
2000-10-02,26.11,20.01,5.51
2000-10-03,26.41,18.8,0.74
2000-10-04,28.35,19.53,0.27
2000-10-05,26.98,19.76,2.84
2000-10-06,27.52,19.28,12.36
2000-10-07,26.9,20.04,14.67
2000-10-08,27.4,20.4,17.5
2000-10-09,25.69,20.06,11.59
2000-10-10,27.73,19.76,13.12
2000-10-11,28.34,20.35,8.49
2000-10-12,28.26,20.28,11.79
2000-10-13,26.15,19.57,2.68
2000-10-14,28.08,19.82,1.55
2000-10-15,29.16,20.1,0.76
2000-10-16,28.02,19.94,0.09
2000-10-17,27.19,19.48,0.01
2000-10-18,28.24,19.64,0.23
2000-10-19,26.93,20.39,4.17
2000-10-20,25.94,20.5,4.21
2000-10-21,26.98,20.21,7.5200000000000005
2000-10-22,25.95,19.3,15.76
2000-10-23,27.35,19.59,0.8200000000000001
2000-10-24,29.02,16.11,0
2000-10-25,28.5,15.81,0
2000-10-26,28.05,16.56,0
2000-10-27,28.35,16.69,0
2000-10-28,27.79,17.92,0
2000-10-29,28.45,16.08,0
2000-10-30,27.95,15.78,0
2000-10-31,26.86,16.53,0
2000-11-01,24.58,18.41,0.12
2000-11-02,25.35,17.64,0.7
2000-11-03,26.77,17.46,0.33
2000-11-04,27.38,19.76,0.72
2000-11-05,26.92,18.3,0.17
2000-11-06,27.11,17.87,0.07
2000-11-07,27.06,17.41,0
2000-11-08,26.51,17.41,0
2000-11-09,26.01,17.19,0.51
2000-11-10,26.71,17.44,0
2000-11-11,26.16,17.46,0.16
2000-11-12,26.7,17.08,0
2000-11-13,26.26,16.07,0
2000-11-14,26.16,16.13,0
2000-11-15,25.52,16.01,0.07
2000-11-16,25.71,15.48,0
2000-11-17,25.13,15.61,0
2000-11-18,25.5,16.4,0
2000-11-19,24.3,19.32,0.67
2000-11-20,26,17.61,0.04
2000-11-21,26.92,17.8,0
2000-11-22,26.48,18.48,1.21
2000-11-23,25.34,19.18,2.78
2000-11-24,26.7,16.31,0.03
2000-11-25,27.28,14.47,0
2000-11-26,26.98,13.66,0
2000-11-27,26.99,13.76,0
2000-11-28,25.45,14.46,0.04
2000-11-29,24.07,17.85,6.63
2000-11-30,21.26,18.65,3.7
2000-12-01,26,18.55,0.7
2000-12-02,26.05,19.1,0.28
2000-12-03,25.04,18.89,1.8
2000-12-04,25.47,19.24,1.57
2000-12-05,26.92,14.08,0.04
2000-12-06,26.05,13.62,0
2000-12-07,25.45,12.74,0
2000-12-08,24.87,12.55,0
2000-12-09,25.14,12.65,0
2000-12-10,25.03,12.79,0
2000-12-11,25.74,12.84,0
2000-12-12,25.69,11.92,0
2000-12-13,26.14,12.15,0
2000-12-14,26.48,12.48,0
2000-12-15,25.88,12.84,0
2000-12-16,25.34,13.3,0
2000-12-17,25.5,13.38,0
2000-12-18,25.21,12.72,0
2000-12-19,26.43,12.76,0
2000-12-20,25.81,12.65,0
2000-12-21,25.11,13.26,0
2000-12-22,25.72,13.24,0
2000-12-23,27.1,13.4,0
2000-12-24,26.83,13.42,0
2000-12-25,26.95,13.46,0
2000-12-26,27.56,14.48,0
2000-12-27,26.13,15.47,0
2000-12-28,24.88,15.4,0.01
2000-12-29,21.63,18.21,1.34
2000-12-30,24.47,19.22,1.15
2000-12-31,27.27,19.49,0.19
2001-01-01,27.02,18.94,1.42
2001-01-02,26.96,18.8,1.9
2001-01-03,26.97,17.39,0.2
2001-01-04,28.08,17.8,0
2001-01-05,27.42,18.31,0.03
2001-01-06,26.74,16.06,0
2001-01-07,26.66,15.25,0
2001-01-08,26.03,15.36,0
2001-01-09,25.6,15.08,0
2001-01-10,28.01,16.48,0
2001-01-11,28.07,16.61,0
2001-01-12,27.81,16.93,0.01
2001-01-13,28.21,16.62,0
2001-01-14,28.36,15.99,0
2001-01-15,27.36,15.81,0
2001-01-16,26.93,15.58,0
2001-01-17,26.23,13.68,0
2001-01-18,26.84,14.06,0
2001-01-19,27.95,15.57,0
2001-01-20,27.25,15.58,0
2001-01-21,27.51,14.98,0
2001-01-22,27.86,14.73,0
2001-01-23,28.7,15.24,0
2001-01-24,29.13,16.55,0
2001-01-25,29.69,16.69,0
2001-01-26,28.55,16.37,0
2001-01-27,27.66,14.8,0
2001-01-28,27.34,14.36,0
2001-01-29,25.69,14.19,0
2001-01-30,27.9,14.19,0
2001-01-31,28.98,14.16,0
2001-02-01,29.04,18.89,0.01
2001-02-02,29.5,18.7,0.17
2001-02-03,29.99,18.58,0.05
2001-02-04,30.75,19.69,0.02
2001-02-05,30.16,18.82,0.11
2001-02-06,31.75,17.5,0
2001-02-07,30.83,16.83,0
2001-02-08,30.24,16,0
2001-02-09,30.32,15.06,0
2001-02-10,31.08,15.42,0
2001-02-11,30.5,16.38,0
2001-02-12,31.01,16.79,0
2001-02-13,30.08,16.13,0
2001-02-14,30.11,15.81,0
2001-02-15,30.65,15.55,0
2001-02-16,29.87,16.33,0
2001-02-17,30.28,18.09,0
2001-02-18,31.17,19.77,0
2001-02-19,31.23,20.08,0
2001-02-20,32.08,20.22,0.01
2001-02-21,32,20.48,0
2001-02-22,31.43,20.69,0
2001-02-23,31.89,18.41,0
2001-02-24,32.5,18.15,0
2001-02-25,32.91,18.51,0
2001-02-26,32.45,19.68,0
2001-02-27,32.14,19.38,0
2001-02-28,31.76,17.99,0
2001-03-01,30.88,16.81,0
2001-03-02,30.44,16.39,0
2001-03-03,29.87,16.44,0
2001-03-04,30.76,18.33,0
2001-03-05,30.66,18.44,0
2001-03-06,30.32,20.48,0
2001-03-07,30.32,20.13,0.07
2001-03-08,30.84,19.58,0
2001-03-09,29.8,19.43,0.29
2001-03-10,28.63,20.27,0.39
2001-03-11,30.1,19.93,0.4
2001-03-12,29.21,19.79,0.66
2001-03-13,29.02,19.99,0.37
2001-03-14,29.66,20.41,0.08
2001-03-15,30.84,20.58,0.01
2001-03-16,31.47,20.6,0
2001-03-17,32.2,20.65,0
2001-03-18,32.54,19.73,0
2001-03-19,32.65,19.45,0
2001-03-20,32.34,20.96,0
2001-03-21,31.25,21.34,0.25
2001-03-22,31.01,22.78,0.38
2001-03-23,33.5,22.34,0.02
2001-03-24,33.63,21.9,0
2001-03-25,33.72,21.05,0
2001-03-26,33.35,20.28,0
2001-03-27,33.38,20.14,0
2001-03-28,33.86,21.45,0
2001-03-29,32.17,22.85,0.16
2001-03-30,30.29,21.07,7.7
2001-03-31,32.82,21.39,0.06
2001-04-01,30.94,22.29,1.6199999999999999
2001-04-02,30.77,21.83,0.13
2001-04-03,31.72,19.98,0.02
2001-04-04,32.27,19.85,0
2001-04-05,32.26,21.15,0
2001-04-06,33.85,19.49,0
2001-04-07,33.37,19.57,0
2001-04-08,30.97,21.34,0.01
2001-04-09,33.11,22.1,0
2001-04-10,34.67,21.82,0.01
2001-04-11,30.77,21.19,0.32
2001-04-12,27.76,19.99,11.47
2001-04-13,25.34,19.31,18.09
2001-04-14,30.31,19.92,2.4
2001-04-15,29.8,20.09,5.71
2001-04-16,28.08,20.03,27.35
2001-04-17,29.3,20.3,6.69
2001-04-18,30.45,20.68,9.95
2001-04-19,29.4,21.04,0.29
2001-04-20,29.97,21.51,3.93
2001-04-21,30.94,21.69,1.04
2001-04-22,31.06,22.14,0.33
2001-04-23,30.66,20.3,0.03
2001-04-24,31.14,19.98,0
2001-04-25,31.61,19.83,0
2001-04-26,31.61,20.33,0
2001-04-27,32.71,20.75,0
2001-04-28,32.59,21.81,0
2001-04-29,32.37,22.35,0
2001-04-30,32.55,22.03,0
2001-05-01,33.71,21.97,0
2001-05-02,32.85,21.73,0.02
2001-05-03,32.9,22.17,0.07
2001-05-04,32.57,22.37,3.52
2001-05-05,32.17,21.52,9.370000000000001
2001-05-06,32.15,21.09,2.64
2001-05-07,31.2,21.36,5.32
2001-05-08,32.68,21.65,0.02
2001-05-09,33.07,21.49,0
2001-05-10,33.2,21.31,0
2001-05-11,33.94,21.62,0.02
2001-05-12,34.01,21.61,0.01
2001-05-13,33.59,21.48,0.01
2001-05-14,32.76,21.44,0
2001-05-15,33.53,21.67,0
2001-05-16,33.27,21.44,0.32
2001-05-17,32.53,21.87,0
2001-05-18,32.37,21.72,0
2001-05-19,31.86,21.52,0
2001-05-20,32.55,21.35,0.11
2001-05-21,32.38,20.79,0.01
2001-05-22,31.65,20.76,0.25
2001-05-23,29.9,21.23,0.49
2001-05-24,30.52,20.48,0.25
2001-05-25,29.65,20.45,0.06
2001-05-26,31.07,20.42,0.31
2001-05-27,31.86,20.64,0.44
2001-05-28,31.01,20.9,0.38
2001-05-29,31.03,20.68,0.92
2001-05-30,31.52,20.66,0.51
2001-05-31,30.91,21.64,0.03
2001-06-01,32.29,21.51,0.03
2001-06-02,31.71,22.04,0.71
2001-06-03,29.13,21.53,0.32
2001-06-04,26.95,20.64,2.22
2001-06-05,27.31,20.56,0.6900000000000001
2001-06-06,31.01,20.75,6.2299999999999995
2001-06-07,28.99,20.76,1.98
2001-06-08,27.66,20.36,0.98
2001-06-09,29.63,20.14,0.51
2001-06-10,27.93,21.09,0.62
2001-06-11,24.31,19.61,22.91
2001-06-12,25.29,19.65,2.22
2001-06-13,25.02,20.15,2.77
2001-06-14,27.09,20.06,5.25
2001-06-15,25.6,19.9,5.0200000000000005
2001-06-16,28.15,20.47,0.24
2001-06-17,29.14,20.65,0.04
2001-06-18,29.14,20.41,0.32
2001-06-19,28.13,20.89,0.54
2001-06-20,28.54,20.35,1.33
2001-06-21,28.09,20.7,0.98
2001-06-22,28.45,21.26,1.18
2001-06-23,29.3,21.38,0.47
2001-06-24,28.96,21.45,0.24
2001-06-25,29.45,20.84,0.3
2001-06-26,29.05,20.39,0.5700000000000001
2001-06-27,28.68,20.73,0.61
2001-06-28,27.68,20.77,0.75
2001-06-29,27.7,21.17,4.34
2001-06-30,26.29,20.76,5.49
2001-07-01,28.37,20.78,4.29
2001-07-02,27.83,21.32,3.33
2001-07-03,27.68,21.17,0.75
2001-07-04,27.74,20.82,2.0300000000000002
2001-07-05,24.92,20.64,8.9
2001-07-06,26.54,21.64,0.8
2001-07-07,28.21,21.83,2.24
2001-07-08,26.77,21.71,1.1300000000000001
2001-07-09,27.61,21.05,0.52
2001-07-10,28.46,20.9,2.0300000000000002
2001-07-11,26.55,20.09,1.61
2001-07-12,26.77,20.04,0.42
2001-07-13,28.07,19.82,2.23
2001-07-14,27.51,19.8,1.48
2001-07-15,26.34,19.39,11.83
2001-07-16,25.53,18.86,5.13
2001-07-17,25.33,18.79,0.34
2001-07-18,27.26,20.13,0.63
2001-07-19,26.57,20.39,0.35
2001-07-20,27.41,19.6,0.01
2001-07-21,28.15,19.17,0.05
2001-07-22,27.71,19.31,0.66
2001-07-23,27.78,19.54,0.68
2001-07-24,28.21,20.26,2.3
2001-07-25,28.05,20.54,6.1899999999999995
2001-07-26,25.98,19.77,3.61
2001-07-27,27.16,20.05,2.5
2001-07-28,27.56,20.25,7.5600000000000005
2001-07-29,26.53,19.81,1.6
2001-07-30,28.35,20.04,11.6
2001-07-31,27.07,19.96,10.530000000000001
2001-08-01,23.87,19.96,11.37
2001-08-02,24.78,20.22,11.61
2001-08-03,23.26,19.58,8.33
2001-08-04,25.35,19.59,12.51
2001-08-05,26.79,19.86,2.5900000000000003
2001-08-06,26.3,20.07,1.78
2001-08-07,26.97,19.65,0.56
2001-08-08,27.49,19.77,4.57
2001-08-09,26.57,20.78,0.51
2001-08-10,27.17,20.68,1.1400000000000001
2001-08-11,26.64,19.44,0.43
2001-08-12,26.15,19.48,0.57
2001-08-13,27.31,20.16,1.6300000000000001
2001-08-14,25.6,19.69,0.24000000000000002
2001-08-15,26.87,19.99,1.26
2001-08-16,25.86,20.57,1.79
2001-08-17,27.62,20.42,2.63
2001-08-18,26.42,19.81,7.49
2001-08-19,25.11,20.19,6.859999999999999
2001-08-20,27.25,20.03,0.66
2001-08-21,27.6,20.08,1.1
2001-08-22,26.98,20.57,1.3900000000000001
2001-08-23,27.6,20.43,1.35
2001-08-24,27.04,20.67,1.48
2001-08-25,27.15,20.69,0.5700000000000001
2001-08-26,27.07,19.45,3.39
2001-08-27,27.05,19.48,2.29
2001-08-28,26.37,20.05,0.77
2001-08-29,26.76,19.53,0.67
2001-08-30,27.86,19.8,0.38
2001-08-31,27.74,18.93,0.49
2001-09-01,27.75,19.12,0.43
2001-09-02,27.26,19.38,0.78
2001-09-03,28.52,19.47,0.31
2001-09-04,28.35,19.14,0.17
2001-09-05,28.62,18.99,0
2001-09-06,28.27,19.11,0.05
2001-09-07,28.97,19.21,0.06999999999999999
2001-09-08,28.13,19.6,3.78
2001-09-09,27.5,20.02,10.92
2001-09-10,29.38,19.8,3.13
2001-09-11,28.26,20.3,0.76
2001-09-12,28.3,20.21,0.27
2001-09-13,29.56,20.17,6
2001-09-14,28.13,19.31,3.15
2001-09-15,28.4,19.51,7.73
2001-09-16,28.92,19.96,10
2001-09-17,29.62,19.81,3.95
2001-09-18,28.85,20.46,3.14
2001-09-19,27.89,20.4,17.580000000000002
2001-09-20,26.82,20.09,7.2700000000000005
2001-09-21,27.99,19.95,2.23
2001-09-22,28.33,19.88,2.99
2001-09-23,28.32,19.83,12.23
2001-09-24,28.33,19.66,5.89
2001-09-25,25.88,19.88,12.129999999999999
2001-09-26,25.93,19.79,2.4899999999999998
2001-09-27,25.61,19.57,6.6
2001-09-28,26.65,19.68,12.98
2001-09-29,26.42,20.2,11.78
2001-09-30,26.71,20.34,7.5
2001-10-01,27.25,19.88,0.51
2001-10-02,27.64,19.43,0.01
2001-10-03,26.67,19.53,0.03
2001-10-04,25.57,19.9,3.18
2001-10-05,24.89,19.92,10.45
2001-10-06,21.64,19.67,10.290000000000001
2001-10-07,26.41,20.2,3.36
2001-10-08,26.5,20.23,2.2
2001-10-09,27.59,20.21,0.4
2001-10-10,27.39,20.43,10.43
2001-10-11,27.31,20.42,17.54
2001-10-12,26.9,20.35,13.84
2001-10-13,24.85,20.34,13.28
2001-10-14,25.66,20.34,11.54
2001-10-15,25.98,20.45,8.15
2001-10-16,21.56,17.78,57.53
2001-10-17,21.05,18.05,3
2001-10-18,26.4,19.26,5.04
2001-10-19,27.24,20.25,9.41
2001-10-20,28.39,20.36,2.68
2001-10-21,27.7,19.61,2.0100000000000002
2001-10-22,28.02,18.65,0
2001-10-23,26.31,19.01,0.09
2001-10-24,26.5,20.15,6.5
2001-10-25,27.6,19.81,8.32
2001-10-26,26.2,19.96,6.35
2001-10-27,26.42,19.82,2.13
2001-10-28,26.98,18.47,0.89
2001-10-29,27.63,16.18,0
2001-10-30,28.27,16.24,0
2001-10-31,27.72,17.61,0
2001-11-01,27.88,17.54,0
2001-11-02,25.77,18.61,6.74
2001-11-03,25.63,17.54,0
2001-11-04,27.7,17.65,0.39
2001-11-05,27.56,19.32,7.5600000000000005
2001-11-06,25.51,20,12.28
2001-11-07,25.64,20.06,7.23
2001-11-08,26.09,19.27,2.12
2001-11-09,25.73,18.87,0.31
2001-11-10,26.13,17.32,0
2001-11-11,26.51,17.24,0.02
2001-11-12,26.66,17.5,0.08
2001-11-13,26.43,17.53,0.08
2001-11-14,26.4,19.5,0.46
2001-11-15,28.25,19.91,7.33
2001-11-16,26.85,18.26,4.05
2001-11-17,26.63,18.2,0.62
2001-11-18,25.22,18.1,4.56
2001-11-19,26.15,17.87,0.24000000000000002
2001-11-20,27.3,17.71,0
2001-11-21,24.68,17.89,1.17
2001-11-22,24.79,18.46,3.96
2001-11-23,25.63,18.41,0.27
2001-11-24,25.97,17.88,0.08
2001-11-25,25.8,17.27,0
2001-11-26,25.99,16.76,0
2001-11-27,26.75,16.52,0
2001-11-28,26.24,16.72,0.09
2001-11-29,25.85,16.17,0.1
2001-11-30,24.53,16.05,0
2001-12-01,24.75,18.6,0.2
2001-12-02,26.53,16.32,0
2001-12-03,26.02,15.93,0
2001-12-04,27.08,14.45,0
2001-12-05,27.12,12.99,0
2001-12-06,26.21,12.84,0
2001-12-07,26.12,13.83,0
2001-12-08,25.67,12.88,0
2001-12-09,25.65,12.13,0
2001-12-10,25.75,12.02,0
2001-12-11,25.41,12.57,0
2001-12-12,25.68,12.82,0
2001-12-13,26.06,12.86,0
2001-12-14,25.89,13.53,0
2001-12-15,25.39,14.72,0
2001-12-16,25.36,14.16,0
2001-12-17,26.32,14.19,0.02
2001-12-18,24.92,17.29,0.25
2001-12-19,25.57,15.15,0
2001-12-20,24.52,15.52,0.12000000000000001
2001-12-21,22.32,18.13,1.5
2001-12-22,22.07,18.21,0.75
2001-12-23,23.05,18.28,1.04
2001-12-24,24.71,18.22,6.65
2001-12-25,24.68,18.29,0.8
2001-12-26,26.06,18.22,0.36000000000000004
2001-12-27,27.2,16.79,0
2001-12-28,26.82,16.64,0
2001-12-29,26.71,16.42,0
2001-12-30,25.49,16.64,0
2001-12-31,26.16,16.26,0
2002-01-01,25.72,15.69,0
2002-01-02,24.82,15.64,0
2002-01-03,25.03,14.58,0
2002-01-04,25.88,14.89,0.07
2002-01-05,26.01,17.65,1.22
2002-01-06,26.63,18.65,0.76
2002-01-07,26.04,18.58,1.22
2002-01-08,25.93,18.49,1.3
2002-01-09,25.59,18.26,0.77
2002-01-10,24.92,15.93,0.77
2002-01-11,26.47,16.33,0
2002-01-12,26.84,12.24,0
2002-01-13,26.28,12.39,0
2002-01-14,27.13,13.36,0
2002-01-15,27.59,13.52,0
2002-01-16,27.6,13.07,0
2002-01-17,27.5,14.74,0
2002-01-18,27.77,15.24,0
2002-01-19,27.45,17,0
2002-01-20,28.6,17.52,0.06
2002-01-21,28.58,20.01,0.41000000000000003
2002-01-22,28.09,19.5,0.24000000000000002
2002-01-23,30.49,18.35,0
2002-01-24,29.97,18.12,0
2002-01-25,29.87,18.19,0
2002-01-26,29.59,18.14,0
2002-01-27,29.68,19.06,0
2002-01-28,28.82,18.5,0.04
2002-01-29,27.62,17.66,0.1
2002-01-30,27.81,16.14,0
2002-01-31,28.04,15.56,0
2002-02-01,26.6,18.65,0.38
2002-02-02,24.24,18.23,4.8500000000000005
2002-02-03,25.01,17,0.04
2002-02-04,27.8,16.76,0
2002-02-05,28.29,16.99,0
2002-02-06,29.62,16.98,0
2002-02-07,29.15,19.68,0.21000000000000002
2002-02-08,27.38,19.68,0.99
2002-02-09,26.84,16.49,0.06
2002-02-10,28.06,16.78,0
2002-02-11,29.3,16.88,0
2002-02-12,29,17.04,0
2002-02-13,28.55,16.19,0
2002-02-14,28.19,16.45,0
2002-02-15,29.48,16.68,0
2002-02-16,30.38,16.67,0
2002-02-17,30.11,16.88,0
2002-02-18,29.74,16.46,0
2002-02-19,30.41,16.78,0
2002-02-20,31.02,16.91,0
2002-02-21,31.06,16.63,0
2002-02-22,30.04,16.47,0
2002-02-23,30,15.16,0
2002-02-24,30.58,14.93,0
2002-02-25,30.73,14.56,0
2002-02-26,30.91,14.13,0
2002-02-27,31.52,18.58,0
2002-02-28,31.44,17.34,0
2002-03-01,31.97,16.98,0
2002-03-02,31.99,16.6,0
2002-03-03,32.73,17.91,0
2002-03-04,32.14,18.43,0
2002-03-05,32.61,18.23,0
2002-03-06,32.95,18.77,0
2002-03-07,32.9,19.35,0
2002-03-08,31.64,19.61,0
2002-03-09,31.66,18.67,0
2002-03-10,32.16,18.35,0
2002-03-11,33.64,19.21,0
2002-03-12,33.27,19.83,0
2002-03-13,32.46,17.92,0
2002-03-14,32.04,17.65,0
2002-03-15,31.97,19.23,0
2002-03-16,32.87,19.17,0
2002-03-17,33.48,18.71,0
2002-03-18,32.12,18.87,0
2002-03-19,31.98,17.8,0
2002-03-20,32.38,17.53,0
2002-03-21,32.43,18.34,0
2002-03-22,33.13,20.25,0
2002-03-23,31.01,21.36,0.08
2002-03-24,33.08,21.41,0.02
2002-03-25,34.02,22.41,0
2002-03-26,34.24,21.59,0
2002-03-27,33.69,21.54,0
2002-03-28,32.87,22.5,1.12
2002-03-29,32.06,22.24,1.7
2002-03-30,32.27,22.39,0.23
2002-03-31,31.62,22.4,0.54
2002-04-01,31.76,21.96,1.3800000000000001
2002-04-02,32.94,21.23,0
2002-04-03,34.24,20.97,0
2002-04-04,32.64,21.14,0.95
2002-04-05,31.93,21.09,3.91
2002-04-06,31.18,20.27,0.09
2002-04-07,32.19,19.73,0
2002-04-08,32.27,20.15,0.01
2002-04-09,32.53,21.83,0.2
2002-04-10,33.77,22.25,0.09
2002-04-11,33.4,22,0
2002-04-12,33.47,22.25,2.2199999999999998
2002-04-13,32.87,22.16,0.06
2002-04-14,33.78,21.98,0.03
2002-04-15,33.28,21.46,0
2002-04-16,34.09,21.31,0
2002-04-17,34.43,21.5,0
2002-04-18,34.81,21.13,0
2002-04-19,34.6,21.1,0
2002-04-20,34.15,22.08,0
2002-04-21,33.84,23.07,0.02
2002-04-22,34.54,22.19,0
2002-04-23,35.33,22.09,0
2002-04-24,35.51,23.47,0
2002-04-25,35.16,22.68,0
2002-04-26,35,23.65,0
2002-04-27,35.18,23.42,0
2002-04-28,36.25,22.92,0
2002-04-29,35.27,23.08,0
2002-04-30,35.34,23.63,0
2002-05-01,35.52,22.3,0
2002-05-02,34.04,22.06,0
2002-05-03,32.5,22.8,0.1
2002-05-04,32.04,22,0.37
2002-05-05,34.04,21.85,0.18
2002-05-06,34.04,23.2,0
2002-05-07,34.36,22.47,5.82
2002-05-08,34.63,22.27,16.44
2002-05-09,32.87,22.07,9.55
2002-05-10,32.33,22.02,0.31
2002-05-11,32.35,22.59,0.95
2002-05-12,32.91,22.66,0.3
2002-05-13,32.81,21.8,0.65
2002-05-14,32.21,21.8,1.56
2002-05-15,31.53,22.48,4.26
2002-05-16,33.27,21.95,3.46
2002-05-17,29.8,21.71,3.88
2002-05-18,30.05,20.96,6.84
2002-05-19,29.17,21.44,3.13
2002-05-20,30.69,21.11,0.96
2002-05-21,31.75,21.05,0.49
2002-05-22,30.95,21.62,0.32
2002-05-23,31.27,21.89,3.97
2002-05-24,32.68,22.02,0.4
2002-05-25,31.72,20.37,18.71
2002-05-26,29.28,20.78,0.7000000000000001
2002-05-27,31.33,21.47,1.15
2002-05-28,31.47,21.53,2.41
2002-05-29,29.21,21.11,5.58
2002-05-30,30.95,21.13,4.28
2002-05-31,30.19,21.14,2.12
2002-06-01,30.8,21.15,13
2002-06-02,28.67,20.42,4.1899999999999995
2002-06-03,27.98,20.51,0.71
2002-06-04,26.71,20.62,1.24
2002-06-05,29.6,20.91,3.35
2002-06-06,30,21.53,2.01
2002-06-07,29.93,21.22,0.86
2002-06-08,31.27,21.27,0.5
2002-06-09,30.37,20.72,1.22
2002-06-10,28.58,20.76,5.13
2002-06-11,29.76,21.07,4.97
2002-06-12,28.99,20.96,2.54
2002-06-13,28.22,20.68,4.53
2002-06-14,27.93,20.71,1.19
2002-06-15,26.57,20.53,1.75
2002-06-16,27.55,20.97,2.49
2002-06-17,26.39,20.56,0.29
2002-06-18,27.72,20.45,4.890000000000001
2002-06-19,26.74,20.68,5.91
2002-06-20,25.58,21.07,6.12
2002-06-21,27.5,21.2,2.34
2002-06-22,28,21.36,4.0600000000000005
2002-06-23,27.6,21.47,5.2
2002-06-24,27.26,21.67,2.47
2002-06-25,29.17,21.45,0.64
2002-06-26,28.89,21.31,0.37
2002-06-27,29.23,20.51,0.05
2002-06-28,29.19,20.54,0.69
2002-06-29,29.15,20.72,0.26
2002-06-30,30.06,20.88,0.02
2002-07-01,29.29,21.23,1.04
2002-07-02,28.61,21.17,0.58
2002-07-03,29.46,21.3,0.9400000000000001
2002-07-04,29.63,20.95,0.66
2002-07-05,29.55,20.95,0.45
2002-07-06,29.82,21.02,0.47000000000000003
2002-07-07,29.53,20.45,0.42
2002-07-08,29.39,19.06,0.54
2002-07-09,28.88,19.07,0.28
2002-07-10,29.26,20.22,0.36
2002-07-11,27.75,20.76,7.71
2002-07-12,26.94,21.22,0.94
2002-07-13,29.14,21.21,0.9
2002-07-14,28.99,20.8,1.28
2002-07-15,28.61,21.27,0.9600000000000001
2002-07-16,25.11,20.07,2.71
2002-07-17,27.46,20.37,1.97
2002-07-18,26.33,20.45,2.55
2002-07-19,27.53,20.46,0.56
2002-07-20,28.51,20.19,0.5
2002-07-21,28.08,20.26,1.21
2002-07-22,26.91,19.99,10.889999999999999
2002-07-23,27.78,20.02,1.49
2002-07-24,28.58,20.31,0.2
2002-07-25,27.36,19.03,0.72
2002-07-26,28.38,19.03,0
2002-07-27,27.92,20.47,0.65
2002-07-28,28.03,20.21,1.47
2002-07-29,28.6,20.48,1.73
2002-07-30,26.95,20.8,2.29
2002-07-31,26.69,20.46,9.51
2002-08-01,28.61,20.33,6.2
2002-08-02,29.05,20.49,7.82
2002-08-03,27.88,20.44,6.22
2002-08-04,26.87,20.35,4.76
2002-08-05,24.8,20.47,7.88
2002-08-06,25.73,20.35,1.65
2002-08-07,26.37,20.22,1.2
2002-08-08,24.38,19.38,8.85
2002-08-09,23.1,19.36,8.38
2002-08-10,24.06,19.87,6.71
2002-08-11,25.94,19.67,3.54
2002-08-12,26.12,19.83,1.67
2002-08-13,26.67,20.38,0.75
2002-08-14,26.32,20.25,0.44
2002-08-15,27.03,20.63,0.99
2002-08-16,26.06,21.01,7.03
2002-08-17,26.94,20.25,2.66
2002-08-18,27.39,20.18,0.31
2002-08-19,27.32,20.27,0.8
2002-08-20,27.34,20.27,0.86
2002-08-21,27.5,20.26,0.84
2002-08-22,27.97,20.32,1.65
2002-08-23,26.69,20.13,0.8
2002-08-24,27.51,19.38,0.64
2002-08-25,28.23,18.79,0.26
2002-08-26,28.74,18.79,0.12
2002-08-27,28.6,19.62,0.92
2002-08-28,27.78,20.18,1.04
2002-08-29,28.15,19.49,0.47000000000000003
2002-08-30,29.8,19.59,0
2002-08-31,28.67,19.97,0.34
2002-09-01,28.17,19.76,0.07
2002-09-02,29.22,19.72,0.2
2002-09-03,28.02,20.35,1.71
2002-09-04,28.47,20.19,2.38
2002-09-05,28.1,19.9,0.67
2002-09-06,28.48,20.33,2.59
2002-09-07,28.77,20.39,1.61
2002-09-08,27.97,20.18,0.63
2002-09-09,25.9,18.41,14.86
2002-09-10,27.4,18.05,0.01
2002-09-11,27.61,18.18,0.13
2002-09-12,27.89,18.18,0.1
2002-09-13,28.64,18.89,0.03
2002-09-14,29.67,19.68,1.13
2002-09-15,28.4,20.15,33.01
2002-09-16,25.62,19.84,16.85
2002-09-17,26.84,19.74,3.96
2002-09-18,27.8,19.58,0.86
2002-09-19,26.49,19.82,2.9
2002-09-20,28.88,20.17,0.92
2002-09-21,28.88,19.1,0.03
2002-09-22,28.76,18.93,0
2002-09-23,28.43,18.68,0
2002-09-24,29.34,18.81,0
2002-09-25,28.48,19.52,0.09
2002-09-26,28.94,19.48,0.25
2002-09-27,28.61,19.95,0.87
2002-09-28,29.67,19.86,3.34
2002-09-29,29.65,20.25,0.43
2002-09-30,29.47,20.25,1.51
2002-10-01,29.58,19.47,0.04
2002-10-02,29.39,20.9,0.4
2002-10-03,29.87,20.97,2.17
2002-10-04,29.32,19.97,0
2002-10-05,30.58,19.98,0
2002-10-06,28.8,20.62,0.31
2002-10-07,29.22,20.79,0.61
2002-10-08,28.42,19.98,0.43
2002-10-09,26.51,20.22,17.63
2002-10-10,25.58,20.27,24.86
2002-10-11,26.18,19.91,1.6
2002-10-12,25.49,19.88,13.18
2002-10-13,24.42,19.93,15.07
2002-10-14,25.05,20.48,11.22
2002-10-15,28.93,20.63,3.46
2002-10-16,28.5,20.15,5.35
2002-10-17,27.82,20.03,1.07
2002-10-18,28.42,19.98,0.17
2002-10-19,26.27,19.31,11.040000000000001
2002-10-20,27.52,19.08,0.07
2002-10-21,26.88,18.95,1.12
2002-10-22,26.57,18.77,0.16
2002-10-23,27.87,18.63,0.02
2002-10-24,27.32,19.1,2.0700000000000003
2002-10-25,23.96,19.38,16.37
2002-10-26,23.72,20.34,14.17
2002-10-27,26.49,20.07,20.720000000000002
2002-10-28,24.4,20.17,10.81
2002-10-29,26.84,20.32,14.08
2002-10-30,25.21,18.46,7.82
2002-10-31,25.37,18.48,0.95
2002-11-01,21.32,18.48,4.66
2002-11-02,25.38,19.12,2.44
2002-11-03,27,18.42,0.18
2002-11-04,26.84,18.25,0
2002-11-05,26.14,18.88,1.92
2002-11-06,25.5,19.39,1.99
2002-11-07,25.64,19.64,3.58
2002-11-08,25.34,19.28,3.21
2002-11-09,23.47,19.44,6.8
2002-11-10,25.97,19.01,0.73
2002-11-11,27.04,18.74,0.46
2002-11-12,27.38,17.99,0.45
2002-11-13,26.93,17.95,0.18
2002-11-14,26.89,18.85,0.06
2002-11-15,26.67,18.89,0.12
2002-11-16,26.57,18.46,0.01
2002-11-17,25.57,17.75,0
2002-11-18,26.06,17.69,0.08
2002-11-19,25.58,18.14,0.12
2002-11-20,25.62,17.73,0.33
2002-11-21,27.22,16.32,0
2002-11-22,26.21,15.16,0
2002-11-23,25.71,14.97,0
2002-11-24,27.03,15.53,0
2002-11-25,28.36,16.2,0
2002-11-26,28.89,15.77,0
2002-11-27,28.9,15.02,0
2002-11-28,28.99,15.13,0
2002-11-29,27.45,12.68,0
2002-11-30,26.83,12.5,0
2002-12-01,27.62,12.88,0
2002-12-02,27.34,14.23,0
2002-12-03,27.88,14.34,0
2002-12-04,27.49,14.98,0
2002-12-05,26.78,15.11,0
2002-12-06,24.15,16.28,1.06
2002-12-07,24.75,19.56,5.58
2002-12-08,25.99,16.23,0.09
2002-12-09,26.4,16.3,0
2002-12-10,25.24,16.06,0
2002-12-11,26.76,15.28,0
2002-12-12,26.79,14.27,0
2002-12-13,26.5,13.5,0
2002-12-14,26.66,13.23,0
2002-12-15,27.31,13.53,0
2002-12-16,27.56,12.97,0
2002-12-17,26.39,13.08,0
2002-12-18,27.14,12.21,0
2002-12-19,27.58,12.13,0
2002-12-20,28.19,12.06,0
2002-12-21,28.61,12.32,0
2002-12-22,27.61,13.97,0
2002-12-23,26.78,13.86,0
2002-12-24,26.75,13.39,0
2002-12-25,27.94,13.93,0
2002-12-26,28.13,15.72,0
2002-12-27,27.47,16.44,0
2002-12-28,26.63,16.88,0.01
2002-12-29,25.79,15.97,0.1
2002-12-30,25.77,16.39,0.16
2002-12-31,27.11,16.64,0
2003-01-01,26.71,17.38,0
2003-01-02,26.6,16.45,0
2003-01-03,26.3,16.51,0
2003-01-04,27.6,16.29,0.01
2003-01-05,28.36,16.46,0
2003-01-06,28.2,16.19,0
2003-01-07,27.02,16.55,0
2003-01-08,28.16,16.8,0
2003-01-09,27.69,16.67,0.18
2003-01-10,26.98,16.82,0.06
2003-01-11,26.63,16.42,0
2003-01-12,27.06,15.87,0
2003-01-13,25.29,15.67,0
2003-01-14,26.75,14.56,0
2003-01-15,25.64,14.46,0
2003-01-16,26.04,14.58,0
2003-01-17,26.16,14.42,0
2003-01-18,27.41,14.41,0
2003-01-19,27.96,16.92,0
2003-01-20,27.07,18.44,0.04
2003-01-21,28.26,17.18,0.04
2003-01-22,29.53,16.43,0
2003-01-23,29.11,16.06,0
2003-01-24,29.79,15.92,0
2003-01-25,29.87,16.51,0
2003-01-26,28.47,16.1,0
2003-01-27,28.92,16.16,0
2003-01-28,28.88,15.23,0
2003-01-29,29.29,15.2,0
2003-01-30,29.85,14.9,0
2003-01-31,29.86,15.02,0
2003-02-01,29.86,17.8,0.04
2003-02-02,29.34,19.41,0.01
2003-02-03,29.05,18.17,0
2003-02-04,29.71,18.03,0.13
2003-02-05,29.46,17.98,0.1
2003-02-06,29.71,17.39,0
2003-02-07,29.91,17.59,0
2003-02-08,29.67,17.32,0
2003-02-09,29.94,17.1,0
2003-02-10,29.39,17.29,0
2003-02-11,30.31,17.94,0
2003-02-12,30.9,18.51,0.01
2003-02-13,30.99,19.52,0.01
2003-02-14,31.8,19.84,0.02
2003-02-15,31.38,19.79,0
2003-02-16,30.72,19.92,0
2003-02-17,31.31,19.06,0
2003-02-18,31.12,18.93,0
2003-02-19,30.54,18.95,0
2003-02-20,31.84,19.56,0
2003-02-21,31.74,19.1,0
2003-02-22,31.78,18.76,0.02
2003-02-23,32.07,19.06,0
2003-02-24,30.97,19.03,0
2003-02-25,31.02,20.11,0.15
2003-02-26,30.04,20.07,0.26
2003-02-27,30.5,18.98,0.32
2003-02-28,30.71,18.64,0
2003-03-01,32.3,18.53,0
2003-03-02,32.83,18.61,0
2003-03-03,32.72,18.45,0
2003-03-04,33.01,18.7,0
2003-03-05,33.5,19.7,0
2003-03-06,33.1,19.42,0
2003-03-07,33.16,18.82,0
2003-03-08,31.94,19.47,0
2003-03-09,32.05,19.38,0
2003-03-10,31.54,18.82,0
2003-03-11,32.88,18.51,0
2003-03-12,32.42,20.4,0
2003-03-13,32.06,20.75,0
2003-03-14,31.95,21.57,0.06
2003-03-15,32.24,21.54,3.29
2003-03-16,30.27,21.16,11.69
2003-03-17,30.96,19.97,10.93
2003-03-18,29.45,20.62,7.8999999999999995
2003-03-19,29.88,21.3,0.2
2003-03-20,30.76,20.44,0.77
2003-03-21,30.83,19.88,1.28
2003-03-22,31.08,19.17,0
2003-03-23,32.21,18.71,0
2003-03-24,32.6,19.01,0
2003-03-25,32.9,20.19,0
2003-03-26,32.82,19.92,0
2003-03-27,33.21,19.55,0
2003-03-28,33.31,20.5,0
2003-03-29,31.43,21.27,0.02
2003-03-30,32.6,22.61,0.02
2003-03-31,32.83,22.4,0.26
2003-04-01,32.72,22.63,0.16
2003-04-02,32.21,22.56,1.4300000000000002
2003-04-03,31.88,21.53,0.11
2003-04-04,32.14,21.27,0.01
2003-04-05,32.14,20.49,3.95
2003-04-06,31.48,20.42,0.33
2003-04-07,31.58,20.15,0
2003-04-08,32.58,20.37,0
2003-04-09,31.92,21.62,0.01
2003-04-10,30.73,22.3,1.3
2003-04-11,33.01,22.35,0.77
2003-04-12,31.3,22.22,0.55
2003-04-13,32.7,22.14,0.15
2003-04-14,35.33,21.37,0
2003-04-15,34.84,21.36,0
2003-04-16,34.72,22.47,0
2003-04-17,34.71,23.56,0
2003-04-18,35.02,23.47,0
2003-04-19,35.16,22.28,0.56
2003-04-20,33.47,22.39,1
2003-04-21,33.97,22.93,0
2003-04-22,34.68,22.62,0
2003-04-23,35.21,22.57,0.04
2003-04-24,34.53,22.26,0.14
2003-04-25,34.95,21.4,0
2003-04-26,34.52,21.2,0
2003-04-27,33.77,22.09,0.04
2003-04-28,33.37,21.59,1.09
2003-04-29,32.35,21.56,0.28
2003-04-30,30.47,21.07,0.72
2003-05-01,32.37,21.25,0.01
2003-05-02,33.57,23.36,0
2003-05-03,35.02,23.29,0
2003-05-04,34.38,23.78,1.13
2003-05-05,34.91,23.87,0
2003-05-06,34.33,22.21,0.91
2003-05-07,34.32,22.19,0
2003-05-08,34.74,22.27,0
2003-05-09,35.23,23.38,0.01
2003-05-10,34.34,22.66,0
2003-05-11,34.68,22.89,0
2003-05-12,32.21,23.57,0
2003-05-13,32.5,22.14,1.6500000000000001
2003-05-14,31.94,22.23,0.23
2003-05-15,33.39,22.99,1.39
2003-05-16,33.48,22.68,0.47
2003-05-17,34.04,22.18,0.16
2003-05-18,34.07,21.79,0.32
2003-05-19,33.93,21.92,0
2003-05-20,34.49,22.3,0
2003-05-21,35.53,22.35,0
2003-05-22,34.61,22.43,0.02
2003-05-23,34.71,22.74,0.03
2003-05-24,34.19,23.02,0.01
2003-05-25,35.26,23.3,0.52
2003-05-26,35.15,23.07,0.02
2003-05-27,36.01,22.91,0
2003-05-28,34.68,23.23,0.060000000000000005
2003-05-29,34.46,23.18,0
2003-05-30,35.3,22.62,0
2003-05-31,34.68,22.55,0.03
2003-06-01,36.14,22.14,2.41
2003-06-02,33.22,21.97,1.36
2003-06-03,33.29,22.65,2.15
2003-06-04,34.06,22.72,1.79
2003-06-05,33.58,22.35,1.25
2003-06-06,33.5,22.78,1.18
2003-06-07,33.91,22.46,1.03
2003-06-08,31.69,21.21,2.28
2003-06-09,32.04,21.34,0.18
2003-06-10,31.4,21.47,0.06
2003-06-11,33.09,21.77,0.06
2003-06-12,33.13,22.11,1.24
2003-06-13,31.52,22.22,2.27
2003-06-14,30.38,21.43,0.8200000000000001
2003-06-15,27.83,20.79,0.33999999999999997
2003-06-16,28.22,20.7,4.42
2003-06-17,31.02,21,0.8
2003-06-18,30.5,21.34,6.83
2003-06-19,29.5,21.31,3.96
2003-06-20,29.99,21.64,3.23
2003-06-21,26.82,20.43,8.5
2003-06-22,27.67,20.35,7.03
2003-06-23,27.38,21.18,3.63
2003-06-24,28.53,21.04,2.81
2003-06-25,29.74,21.21,0.47000000000000003
2003-06-26,29.23,20.21,0.79
2003-06-27,28.71,20.49,3.59
2003-06-28,30.23,20.59,1.21
2003-06-29,29.41,20.44,0.5800000000000001
2003-06-30,29.86,20.7,0.9500000000000001
2003-07-01,27.74,19.81,2.84
2003-07-02,28.03,19.98,1.96
2003-07-03,26.26,20,5.4799999999999995
2003-07-04,24.52,20.44,7.56
2003-07-05,25.51,20.49,3.46
2003-07-06,26.41,20.19,1.34
2003-07-07,27.34,20.18,0.5
2003-07-08,28.05,19.73,0.54
2003-07-09,27.58,20.06,3.97
2003-07-10,25.78,20.46,3.8
2003-07-11,27.46,20.48,3.7199999999999998
2003-07-12,28.61,20.67,0.6900000000000001
2003-07-13,30.19,20.66,11.32
2003-07-14,28.41,20.46,4.59
2003-07-15,23.72,20.57,15.92
2003-07-16,25.01,20.39,14.95
2003-07-17,29.27,20.19,3.94
2003-07-18,29.16,20.64,1.14
2003-07-19,28.16,20.77,1.28
2003-07-20,28.06,20.87,0.74
2003-07-21,28.97,20.63,2.88
2003-07-22,28.58,20.78,3.3000000000000003
2003-07-23,26.84,21.22,1.3599999999999999
2003-07-24,25.74,20.18,2.96
2003-07-25,26.03,20.84,0.15
2003-07-26,25.8,21.86,0.33
2003-07-27,27.44,20.86,1.2
2003-07-28,28.12,20.1,1.59
2003-07-29,29.17,20.09,3.46
2003-07-30,28.74,21.02,4.54
2003-07-31,27.62,20.93,1.28
2003-08-01,28.9,19.82,1.71
2003-08-02,27.93,19.85,3.09
2003-08-03,28.67,20.25,4.59
2003-08-04,28.54,20.44,1.83
2003-08-05,27.53,20.8,4.36
2003-08-06,27.58,21.18,1.33
2003-08-07,27.38,21.31,1.76
2003-08-08,27.45,20.27,3.99
2003-08-09,28.6,20.46,1.06
2003-08-10,28.84,20.47,0.37
2003-08-11,29.14,20.66,0.27
2003-08-12,29.03,20.22,0.06
2003-08-13,28.67,20.12,1.09
2003-08-14,27.34,20.64,1.02
2003-08-15,28.65,19.77,3.0100000000000002
2003-08-16,28.05,19.87,5.59
2003-08-17,28.12,20.07,4.98
2003-08-18,27.71,20.14,2.4699999999999998
2003-08-19,25.18,20.05,3.79
2003-08-20,27.17,19.72,4.41
2003-08-21,26.25,19.9,11.88
2003-08-22,23.03,20.07,27.34
2003-08-23,27.17,20.12,2.05
2003-08-24,27.41,20.21,1.19
2003-08-25,27.51,20.38,1.94
2003-08-26,27.08,19.88,5.7299999999999995
2003-08-27,27.98,19.71,1.96
2003-08-28,27.68,19.72,0.31
2003-08-29,27.95,19.84,0.14
2003-08-30,27.64,20.22,1.06
2003-08-31,27.47,19.8,7.25
2003-09-01,27.24,19.51,2.8400000000000003
2003-09-02,28.61,19.96,2.4699999999999998
2003-09-03,28.04,19.93,0.73
2003-09-04,28.18,19.07,0.38
2003-09-05,26.86,19.14,0.2
2003-09-06,27.34,20,3.92
2003-09-07,25.97,19.32,0.67
2003-09-08,27.36,19.68,0.3
2003-09-09,28.03,19.37,1.51
2003-09-10,28.06,19.17,0.01
2003-09-11,27.94,18.88,0.02
2003-09-12,27.78,18.68,0.01
2003-09-13,27.81,19.22,0
2003-09-14,28.11,18.97,0.04
2003-09-15,28.67,19.14,0.49
2003-09-16,28.49,19.81,0.8200000000000001
2003-09-17,28.23,20.15,5.21
2003-09-18,27.61,20.34,0.13
2003-09-19,27.48,19.55,0.18
2003-09-20,29.18,19.68,0
2003-09-21,29.7,19.62,0
2003-09-22,30.59,20,0
2003-09-23,28.91,19.97,0
2003-09-24,27.86,20.22,0.24000000000000002
2003-09-25,29.41,20.54,6.76
2003-09-26,26.9,20.47,0.93
2003-09-27,29.95,20.2,0.05
2003-09-28,30.35,20.03,0.4
2003-09-29,29.43,20.96,2.57
2003-09-30,30.19,21.3,3.67
2003-10-01,30.06,20.98,4.96
2003-10-02,29.43,20.95,3
2003-10-03,28.49,20.48,10.24
2003-10-04,27.3,20.4,20.38
2003-10-05,27.61,20.6,11.51
2003-10-06,26.53,20.48,11.07
2003-10-07,27.75,20.6,2
2003-10-08,28.29,19.57,1.08
2003-10-09,28.3,19.45,0.27
2003-10-10,26.64,19.54,0.7000000000000001
2003-10-11,28.06,20.07,3.02
2003-10-12,28.24,19.45,8.76
2003-10-13,27.29,19.77,6.47
2003-10-14,29.01,19.84,1.31
2003-10-15,28.93,19.51,0.11
2003-10-16,27.92,19.33,1.49
2003-10-17,28.72,19.77,0.7
2003-10-18,27.31,20.31,16.31
2003-10-19,26.4,20.18,16.38
2003-10-20,24.16,19.3,19.47
2003-10-21,23.64,19.41,18.79
2003-10-22,24.46,19.64,24.11
2003-10-23,26.21,20.03,7.37
2003-10-24,27.62,18.73,0.45999999999999996
2003-10-25,27.65,17.53,0
2003-10-26,28.39,17.41,0
2003-10-27,28.1,16.94,0
2003-10-28,27.76,16.91,0
2003-10-29,27.87,19.36,0.28
2003-10-30,27.33,19.94,1.33
2003-10-31,27.72,19.4,0.03
2003-11-01,27.95,19.4,0.07
2003-11-02,27.8,20.46,0.25
2003-11-03,27.39,19.98,0.67
2003-11-04,26.66,18.7,0.16
2003-11-05,27.96,18.14,0
2003-11-06,27.68,19.63,0
2003-11-07,26.37,19.8,2.06
2003-11-08,25.66,19.38,9.31
2003-11-09,26.62,19.39,0.13999999999999999
2003-11-10,26.67,16.17,0
2003-11-11,26.49,16.13,0
2003-11-12,26.21,17.96,0.1
2003-11-13,26.37,18.09,0.14
2003-11-14,26.16,19.04,0.32
2003-11-15,26.81,18.53,0.15
2003-11-16,27.67,18.3,0
2003-11-17,27.92,18.13,0
2003-11-18,27.73,16.22,0
2003-11-19,26.11,15.75,0
2003-11-20,27.51,15.85,0
2003-11-21,26.48,16.08,11.16
2003-11-22,21.45,16.96,8.09
2003-11-23,25.85,15.6,0
2003-11-24,25.07,14.99,0.08
2003-11-25,26.14,14.89,0
2003-11-26,27.41,15.08,0
2003-11-27,26.77,15.83,0
2003-11-28,26.6,15.93,1.21
2003-11-29,24.55,17.92,1.69
2003-11-30,26.25,17.44,0
2003-12-01,27.19,15.71,0
2003-12-02,27.02,15.79,0
2003-12-03,26.47,15.23,0
2003-12-04,26.59,14.66,0
2003-12-05,27.04,14.47,0
2003-12-06,26.43,12.86,0
2003-12-07,27.2,12.8,0
2003-12-08,27.13,13.34,0
2003-12-09,26.97,13.71,0
2003-12-10,27.32,13.39,0
2003-12-11,26.32,14.16,0.01
2003-12-12,26.67,16.83,0
2003-12-13,27.24,13.96,0
2003-12-14,25.85,13.72,0
2003-12-15,26.59,16.7,0
2003-12-16,29.55,15.6,0
2003-12-17,28.87,15.65,0.43
2003-12-18,25.96,17.75,1.45
2003-12-19,28.57,15.63,0
2003-12-20,27.6,15.87,0
2003-12-21,27.53,14.1,0
2003-12-22,26.68,14.21,0
2003-12-23,27.23,15.34,0
2003-12-24,24.29,18.01,1.76
2003-12-25,26.7,19.06,1.9300000000000002
2003-12-26,27.66,18.38,0.51
2003-12-27,25.2,18.2,1.51
2003-12-28,28.44,18.73,0
2003-12-29,28.08,17.61,0
2003-12-30,27.42,17.3,0
2003-12-31,26.31,18.25,0.21
2004-01-01,27.2,17.66,0.02
2004-01-02,27.23,15.94,0
2004-01-03,27.12,15.18,0
2004-01-04,27.27,16.03,0
2004-01-05,26.74,16.8,0.03
2004-01-06,25.89,17.63,0.07
2004-01-07,25.45,16.07,0.16
2004-01-08,27.1,14.29,0
2004-01-09,25.71,13.61,0
2004-01-10,26.77,13.53,0
2004-01-11,26.93,13.91,0
2004-01-12,27.22,14.67,0
2004-01-13,28.29,14.49,0
2004-01-14,28.99,14.37,0
2004-01-15,29.44,14.8,0
2004-01-16,28.62,13.85,0
2004-01-17,28.6,14.05,0
2004-01-18,28.82,15.21,0
2004-01-19,29.52,15.31,0
2004-01-20,28.68,15.72,0
2004-01-21,28.26,15.71,0
2004-01-22,28.23,15.87,0
2004-01-23,28.62,18.15,0.01
2004-01-24,28.87,18.98,0.13
2004-01-25,29.82,19,0.44
2004-01-26,28.81,18.28,0.11
2004-01-27,30.14,18.13,0.1
2004-01-28,28.42,19.39,0.58
2004-01-29,28.47,19.14,0.43
2004-01-30,28.2,19.4,0.41000000000000003
2004-01-31,27.92,19.67,1.08
2004-02-01,27.31,18.03,0.76
2004-02-02,29.24,16.51,0
2004-02-03,29.74,16.88,0.01
2004-02-04,30.08,17.65,0
2004-02-05,29.23,18.56,0
2004-02-06,29.34,19.09,0.29
2004-02-07,27.05,18.55,3.38
2004-02-08,29.27,17.27,0.04
2004-02-09,28.99,16.99,0
2004-02-10,28.34,16.24,0
2004-02-11,29.13,16.07,0
2004-02-12,29.86,15.64,0
2004-02-13,29.38,15.23,0
2004-02-14,28.93,15.2,0
2004-02-15,27.91,15.24,0
2004-02-16,29.18,15.58,0
2004-02-17,29.3,16.09,0
2004-02-18,29.74,15.96,0
2004-02-19,30.74,16.74,0
2004-02-20,30.95,17.53,0
2004-02-21,31.09,17.85,0
2004-02-22,30.87,16.64,0
2004-02-23,31.69,16.2,0
2004-02-24,31.86,17.3,0
2004-02-25,32.34,16.3,0
2004-02-26,32.06,17.37,0
2004-02-27,32.26,16.95,0
2004-02-28,32.38,18.21,0
2004-02-29,33.02,18.27,0
2004-03-01,33.29,17.62,0
2004-03-02,33.48,18.86,0
2004-03-03,33.55,18.86,0
2004-03-04,32.48,17.45,0
2004-03-05,33.2,16.22,0
2004-03-06,33.85,16.52,0
2004-03-07,35.18,17.49,0
2004-03-08,32.23,18.94,0
2004-03-09,31.47,17.73,0
2004-03-10,31.18,17.82,0
2004-03-11,32.34,19.39,0
2004-03-12,32.87,19.05,0
2004-03-13,33.52,18.45,0
2004-03-14,33.31,18.94,0
2004-03-15,33.93,18.89,0
2004-03-16,34.74,19.76,0
2004-03-17,34.99,19.72,0
2004-03-18,35.7,19.48,0
2004-03-19,35.78,20.79,0
2004-03-20,34.82,20.28,0
2004-03-21,34.57,20.94,0
2004-03-22,35.14,21.48,0
2004-03-23,34.95,22.4,0
2004-03-24,34.14,23.32,0.01
2004-03-25,33.2,22.48,0.25
2004-03-26,33.64,22.02,0.02
2004-03-27,33.66,21.69,0
2004-03-28,32.4,22.14,0.19
2004-03-29,31.86,22.23,5.17
2004-03-30,32.43,22.01,8.5
2004-03-31,31.35,21.92,15.73
2004-04-01,29.46,21.87,8.049999999999999
2004-04-02,31.6,21.06,11.540000000000001
2004-04-03,30.82,21.28,7.59
2004-04-04,30.54,20.96,0.75
2004-04-05,30.9,20.66,1.44
2004-04-06,27.73,18.99,1.93
2004-04-07,30.59,18.55,10.52
2004-04-08,31.22,20.21,0.01
2004-04-09,32.21,21.38,0
2004-04-10,31.53,22.37,0.07
2004-04-11,33.74,21.58,0
2004-04-12,33.37,21.57,0.01
2004-04-13,34.3,22.4,0
2004-04-14,33.48,22.21,0.1
2004-04-15,32.85,23.47,0.42000000000000004
2004-04-16,34.21,23.11,0.08
2004-04-17,34.41,22.99,0
2004-04-18,33.73,23.26,0.16
2004-04-19,34.95,23.35,0
2004-04-20,34.5,23.88,1.51
2004-04-21,33.41,21.74,0.66
2004-04-22,34.27,21.77,0.1
2004-04-23,32.94,22.19,2.56
2004-04-24,30.22,22.21,2.4
2004-04-25,31.51,21.97,3.65
2004-04-26,31.53,22.01,0.23
2004-04-27,32.15,21.71,3.96
2004-04-28,32.61,21.88,0.11
2004-04-29,31.25,21.55,2.36
2004-04-30,31.73,21.48,1.3
2004-05-01,33.75,22.13,0
2004-05-02,33.58,21.94,1.43
2004-05-03,25.58,20.47,22.23
2004-05-04,27.06,20.47,15.2
2004-05-05,26.69,21.1,5.63
2004-05-06,25.94,21.15,14.520000000000001
2004-05-07,28.35,20.87,7.85
2004-05-08,28.47,21.55,2.54
2004-05-09,29.78,20.95,3.7600000000000002
2004-05-10,31.34,20.81,2.2199999999999998
2004-05-11,30.9,21.6,0.34
2004-05-12,31.93,21.45,0.08
2004-05-13,32.06,21.88,2.35
2004-05-14,30.04,21.72,3.33
2004-05-15,30.64,21.21,5.67
2004-05-16,28.85,20.31,12.14
2004-05-17,25.99,20.59,11.6
2004-05-18,27.61,20.94,2.08
2004-05-19,28.26,21.44,0.81
2004-05-20,29.17,20.02,0.9400000000000001
2004-05-21,29.09,19.67,0.35000000000000003
2004-05-22,29.2,20.27,4.2
2004-05-23,28.11,20.34,8.43
2004-05-24,27.89,20.02,11.530000000000001
2004-05-25,27.18,19.82,20.3
2004-05-26,30.04,19.23,4.89
2004-05-27,27.85,19.44,8.14
2004-05-28,28.75,19.53,8.97
2004-05-29,29.43,19.65,27.669999999999998
2004-05-30,27.84,19.96,17.939999999999998
2004-05-31,29.22,20.69,16.02
2004-06-01,28.48,20.26,5.95
2004-06-02,28.83,20.27,3.85
2004-06-03,30.43,20.43,1.07
2004-06-04,29.26,20.8,1.59
2004-06-05,28.24,20.81,11.120000000000001
2004-06-06,28.27,19.8,2.07
2004-06-07,28.14,19.99,0.8300000000000001
2004-06-08,27.36,20.17,2.6
2004-06-09,25.61,19.99,9.55
2004-06-10,25.49,19.98,9.870000000000001
2004-06-11,26.18,20.62,0.49
2004-06-12,25.92,21.21,1.82
2004-06-13,26.22,21.59,1.99
2004-06-14,26.46,21,1.1300000000000001
2004-06-15,26.77,20.99,1.23
2004-06-16,26.39,20.31,1.67
2004-06-17,27.8,20.26,0.24
2004-06-18,28.46,20.68,0.54
2004-06-19,28.28,20.58,0.12
2004-06-20,28.6,19.74,0
2004-06-21,28.47,19.54,0.06999999999999999
2004-06-22,28.64,19.45,0.03
2004-06-23,28.67,19.62,0.02
2004-06-24,28.47,19.16,0.2
2004-06-25,28.81,19.59,0.81
2004-06-26,27.6,20.37,7.37
2004-06-27,27.11,20.03,4.43
2004-06-28,27.82,20.25,1.48
2004-06-29,28.28,20.44,0.76
2004-06-30,28.62,20.31,0.92
2004-07-01,28.41,20.54,0.6
2004-07-02,26.67,20.29,8.64
2004-07-03,28.48,20.21,7.94
2004-07-04,27,20.49,1.17
2004-07-05,27.83,19.86,0.24
2004-07-06,28.55,19.67,0.19
2004-07-07,29.84,20.37,6.87
2004-07-08,28.43,20.25,19.38
2004-07-09,28.14,19.42,10.73
2004-07-10,27.25,19.15,8.19
2004-07-11,25.83,19.8,12.36
2004-07-12,25.03,18.84,20.61
2004-07-13,23.93,18.89,2.5
2004-07-14,26.57,20.52,1.03
2004-07-15,26.71,20.43,12.59
2004-07-16,28.53,20.23,1.23
2004-07-17,28.22,20.44,0.52
2004-07-18,29.2,19.49,2.05
2004-07-19,28.41,19.8,0.69
2004-07-20,28.22,20.12,1.56
2004-07-21,27.41,20.16,1.26
2004-07-22,25.84,20.39,1.02
2004-07-23,25.11,19.56,4.95
2004-07-24,27.14,19.63,1.24
2004-07-25,25.44,20.33,3.5
2004-07-26,25.66,20.47,2.16
2004-07-27,26.63,19.17,3.31
2004-07-28,27.06,19.33,2.06
2004-07-29,25.46,20.1,2.02
2004-07-30,27.2,19.96,0.48
2004-07-31,24.95,19.55,3.28
2004-08-01,25.7,20.07,0.56
2004-08-02,27.56,20.05,9.45
2004-08-03,24.96,19.94,9.94
2004-08-04,23.07,20.15,19.56
2004-08-05,26.33,20.37,2.73
2004-08-06,26.55,19.93,1.1800000000000002
2004-08-07,25.11,19.94,1.11
2004-08-08,26.34,19.28,1.1500000000000001
2004-08-09,26.68,19.52,0.12
2004-08-10,26.6,19.31,0.43
2004-08-11,26.72,19.65,0.03
2004-08-12,25.54,19.91,4.57
2004-08-13,25.4,19.87,13.93
2004-08-14,26.41,20.08,0.63
2004-08-15,26.79,19.44,2.47
2004-08-16,25.88,19.26,4.56
2004-08-17,27.23,19.03,0.61
2004-08-18,26.24,19.23,0.26
2004-08-19,26.35,20.09,0.81
2004-08-20,26.91,20.04,0.52
2004-08-21,25.87,19.79,0.06
2004-08-22,26.82,19.85,0.22000000000000003
2004-08-23,26.59,19.46,0.79
2004-08-24,26.93,19.08,0.55
2004-08-25,27.99,19,0.1
2004-08-26,26.26,19.55,0.62
2004-08-27,26.24,19.5,0.09
2004-08-28,27.31,19.17,0.34
2004-08-29,27.67,19.2,0.01
2004-08-30,27.85,19.15,0.19
2004-08-31,27.76,19.3,0.18
2004-09-01,27.23,18.99,0.42000000000000004
2004-09-02,28.67,18.77,0.52
2004-09-03,28.84,19.98,10.18
2004-09-04,25.71,19.71,11.110000000000001
2004-09-05,25.6,19.12,15.57
2004-09-06,23.9,18.96,11.76
2004-09-07,26.38,19.44,0.16
2004-09-08,27.05,19.38,1.58
2004-09-09,27.11,19.68,5.97
2004-09-10,24.08,19.35,21.14
2004-09-11,25.18,18.96,5.12
2004-09-12,26.16,19.09,0.63
2004-09-13,26.99,19.6,0.25
2004-09-14,27.87,19.58,1.35
2004-09-15,27.44,20.08,1.69
2004-09-16,28.48,19.8,0.56
2004-09-17,28.37,19.82,1.14
2004-09-18,28.71,20.03,1.04
2004-09-19,27.45,19.97,1.84
2004-09-20,27.04,19.64,0.02
2004-09-21,28.2,19.51,0.19
2004-09-22,28.29,19.59,0.1
2004-09-23,26.7,19.98,3.31
2004-09-24,24.63,20.22,8.13
2004-09-25,27.95,20.2,5.2700000000000005
2004-09-26,27.77,20.82,5.07
2004-09-27,27.03,20.23,2.64
2004-09-28,24.09,20.46,11.6
2004-09-29,27.8,19.93,0.7000000000000001
2004-09-30,28.39,20.12,2.68
2004-10-01,27.82,19.89,8.969999999999999
2004-10-02,25.86,19.8,19.33
2004-10-03,25.32,19.97,2.91
2004-10-04,26.23,20.31,5.75
2004-10-05,26.96,18.35,2.13
2004-10-06,27.1,17.82,0
2004-10-07,27.28,17.63,0
2004-10-08,28.1,17.65,0
2004-10-09,29.16,17.44,0
2004-10-10,28.5,19.18,0.04
2004-10-11,29.71,19.18,0.41
2004-10-12,28.32,20.15,5.43
2004-10-13,28.48,20.04,1.18
2004-10-14,27.58,20.17,11.58
2004-10-15,26.88,19.76,5.65
2004-10-16,25.51,19.66,8.299999999999999
2004-10-17,26.91,19.85,6.67
2004-10-18,26.31,19.67,13.379999999999999
2004-10-19,26.65,19.65,4.21
2004-10-20,26.13,19.64,3.33
2004-10-21,27.07,19.56,3.42
2004-10-22,26.2,20.15,1.02
2004-10-23,25.46,19.92,2.07
2004-10-24,27.22,18.39,0.72
2004-10-25,26.23,18.04,0.54
2004-10-26,26.98,19.49,0.41000000000000003
2004-10-27,25.31,18.19,1.31
2004-10-28,26.39,18.62,2.85
2004-10-29,22.81,18.98,1.57
2004-10-30,24.02,19.61,7.82
2004-10-31,23.47,19.23,5.82
2004-11-01,25.73,19.4,3.61
2004-11-02,27.15,18.88,0.34
2004-11-03,26.96,18.72,0
2004-11-04,25.75,16.65,0.02
2004-11-05,22.13,16.78,11.2
2004-11-06,23.48,17.55,2.63
2004-11-07,25.91,19.09,7.44
2004-11-08,23.38,19.15,4.58
2004-11-09,26.66,19.99,1.32
2004-11-10,27.43,19.77,2.69
2004-11-11,26.1,18.86,1.3
2004-11-12,25.4,18.77,6.15
2004-11-13,26.69,18.85,0.04
2004-11-14,26.88,18.73,0
2004-11-15,26.65,16.82,0
2004-11-16,26.32,17.16,0
2004-11-17,27.87,17.72,0.12
2004-11-18,27.94,16.08,0.01
2004-11-19,26.25,14.2,0
2004-11-20,26.56,13.95,0
2004-11-21,27.17,15.23,0
2004-11-22,26.94,15.52,0
2004-11-23,26.63,16.68,0
2004-11-24,26.91,15.93,0
2004-11-25,26.92,15.92,0.02
2004-11-26,24.78,17.97,1.24
2004-11-27,24.58,16.11,0.47
2004-11-28,26.35,15.38,0
2004-11-29,25.99,14.83,0
2004-11-30,25.95,14.62,0
2004-12-01,26.92,14.42,0
2004-12-02,27.47,15.31,0
2004-12-03,27.43,16.45,0
2004-12-04,25.96,13.84,0
2004-12-05,27.51,13.48,0
2004-12-06,26.38,13.14,0
2004-12-07,26.41,13.01,0
2004-12-08,26.9,14.56,0
2004-12-09,27.51,15.27,0
2004-12-10,27.05,15.51,0
2004-12-11,27.27,15.29,0.01
2004-12-12,27.44,15.26,0
2004-12-13,26.34,16.26,0
2004-12-14,27.69,16.59,0
2004-12-15,27.17,14.65,0
2004-12-16,27.03,14.81,0
2004-12-17,27.23,14.53,0
2004-12-18,27.02,13.89,0
2004-12-19,27.88,13.47,0
2004-12-20,27.82,14.27,0
2004-12-21,27.28,13.99,0
2004-12-22,27.63,15.04,0
2004-12-23,27.93,15.52,0
2004-12-24,27.68,16.8,0
2004-12-25,27.22,14.02,0.02
2004-12-26,26.97,13.84,0
2004-12-27,27.38,14.54,0
2004-12-28,26.81,15.92,0
2004-12-29,27.02,16.8,0.02
2004-12-30,27.37,15.43,0.01
2004-12-31,28.99,15.3,0.16999999999999998
2005-01-01,26.82,18.11,4.19
2005-01-02,27.38,17.96,2.34
2005-01-03,26.93,17.77,0.02
2005-01-04,28.6,15.3,0
2005-01-05,28.17,14.99,0
2005-01-06,27.58,14.76,0
2005-01-07,27.99,15.12,0
2005-01-08,26.5,15.77,0
2005-01-09,26.89,13.82,0
2005-01-10,28.11,13.84,0
2005-01-11,29.15,14.91,0
2005-01-12,28.93,15.13,0
2005-01-13,28.02,14.91,0
2005-01-14,27.65,14.8,0
2005-01-15,27.49,14.35,0
2005-01-16,27.92,13.99,0
2005-01-17,28.38,16.62,0
2005-01-18,27.93,17.61,0
2005-01-19,28.12,18.31,0
2005-01-20,28.62,16.5,0
2005-01-21,28.18,16.88,0
2005-01-22,28.58,18.97,0.08
2005-01-23,27.71,18.49,0.18
2005-01-24,29.59,18.38,0
2005-01-25,29.59,17.86,0
2005-01-26,29.25,18.01,0.01
2005-01-27,27.91,18.22,0.51
2005-01-28,27.25,17.7,0.28
2005-01-29,28.56,18.02,0.06999999999999999
2005-01-30,27.48,17.83,0.04
2005-01-31,24.65,18.49,4.11
2005-02-01,26.46,18.75,4.34
2005-02-02,27.21,19.25,1.55
2005-02-03,28.11,19,0.51
2005-02-04,28.18,19.08,0.41000000000000003
2005-02-05,28.98,18.56,0
2005-02-06,29.5,17.64,0
2005-02-07,29.94,15.17,0
2005-02-08,29.24,15.35,0
2005-02-09,29.67,15.74,0
2005-02-10,29.99,15.51,0
2005-02-11,30.32,15.45,0
2005-02-12,30.71,15.84,0
2005-02-13,31.2,15.78,0
2005-02-14,32.75,16.1,0
2005-02-15,34.1,16.94,0
2005-02-16,34.12,18.79,0
2005-02-17,33.48,19.26,0
2005-02-18,33.31,19.43,0
2005-02-19,32.79,17.79,0
2005-02-20,31.77,17.55,0
2005-02-21,31.26,17.94,0
2005-02-22,29.68,19.73,0.13
2005-02-23,30.8,20.45,0.28
2005-02-24,32.1,19.53,0.01
2005-02-25,32.14,19.16,0
2005-02-26,32.36,19.25,0
2005-02-27,32.39,18.12,0
2005-02-28,32.01,17.81,0
2005-03-01,32.05,17.68,0
2005-03-02,32.04,17.15,0
2005-03-03,32.48,17.83,0
2005-03-04,32.59,17.9,0
2005-03-05,32.81,19.32,0
2005-03-06,32.02,21.07,0.34
2005-03-07,32.29,20.32,0.01
2005-03-08,31.51,20.21,0.04
2005-03-09,31.63,20.85,0.22
2005-03-10,30.92,20.92,3.93
2005-03-11,32.54,20.31,0.29000000000000004
2005-03-12,31.93,21.77,0.27
2005-03-13,33.12,20.39,0.48000000000000004
2005-03-14,33.01,20.52,0
2005-03-15,33.58,20.32,0
2005-03-16,32.95,19.82,0
2005-03-17,32.86,19.16,0
2005-03-18,33.07,18.79,0
2005-03-19,33.29,19.02,0
2005-03-20,32.79,18.96,0
2005-03-21,34.14,19.43,0
2005-03-22,34.59,20.71,0
2005-03-23,32.6,22.66,0.01
2005-03-24,33.74,22.85,0
2005-03-25,34.43,22.3,0
2005-03-26,33.84,21.97,0
2005-03-27,32.73,22.87,0.01
2005-03-28,34.2,23.04,0.02
2005-03-29,33.2,22.4,0
2005-03-30,33.55,22.06,0.04
2005-03-31,32.45,23.15,0.22
2005-04-01,32.39,22.25,1.26
2005-04-02,33.41,21.18,0
2005-04-03,33.16,20.79,0.23
2005-04-04,28.74,20.85,0.64
2005-04-05,28.56,20.56,11.43
2005-04-06,28.78,20.62,9.77
2005-04-07,28.52,21.03,7.720000000000001
2005-04-08,31,20.92,0.11
2005-04-09,31.16,21.19,0.97
2005-04-10,31.41,21.59,0.83
2005-04-11,31.44,22.01,15.92
2005-04-12,31.15,21.7,2.27
2005-04-13,30.8,21.06,0.4
2005-04-14,31.16,21.12,0.36
2005-04-15,32.34,20.02,0.09
2005-04-16,32.44,19.78,0
2005-04-17,33.42,20.85,0
2005-04-18,34.23,20.38,0.01
2005-04-19,33.16,20.33,0
2005-04-20,31.26,20.76,0.31
2005-04-21,31.69,20.77,0.02
2005-04-22,33.67,21.56,0.06
2005-04-23,33.79,22.27,0.05
2005-04-24,32.51,22.7,0.12
2005-04-25,32.52,21.97,0.95
2005-04-26,33.35,21.54,1.42
2005-04-27,32.23,21,17.76
2005-04-28,33.35,21.17,1.08
2005-04-29,32.91,21.59,0
2005-04-30,33.78,22.34,0
2005-05-01,32.94,22.09,0.01
2005-05-02,32.45,21.72,0.28
2005-05-03,31.7,21.26,0.27
2005-05-04,32.65,20.85,2.96
2005-05-05,30.01,21.16,2.33
2005-05-06,32.26,21.5,0.04
2005-05-07,31.98,21.81,0.13
2005-05-08,32.3,22.15,0.01
2005-05-09,33.18,22.75,2.59
2005-05-10,33.27,22.29,5.8
2005-05-11,32.29,21.87,0.5700000000000001
2005-05-12,33.58,22.2,2.73
2005-05-13,33.42,22.11,4.63
2005-05-14,34.7,22.39,0
2005-05-15,34.65,22.16,0
2005-05-16,34.63,22.06,0
2005-05-17,34.79,22.2,0
2005-05-18,34.26,22.65,0
2005-05-19,35.16,23.1,0
2005-05-20,34,23.26,0
2005-05-21,34.6,22.13,0.04
2005-05-22,32.97,22.06,1.12
2005-05-23,33.87,22.46,4.58
2005-05-24,32.37,22.36,6.390000000000001
2005-05-25,33.19,20.93,11.23
2005-05-26,32.46,21.07,8.58
2005-05-27,28.46,20.76,18.45
2005-05-28,28.37,20.5,12.37
2005-05-29,30.46,20.31,6.180000000000001
2005-05-30,27.1,20.24,15.28
2005-05-31,28.99,20.63,4.29
2005-06-01,29.87,21.44,4.6
2005-06-02,29.73,21.34,5.72
2005-06-03,31.02,21.54,5.88
2005-06-04,31.56,21.11,8.85
2005-06-05,29.04,21.12,11.27
2005-06-06,29.94,21.03,3.45
2005-06-07,28.74,21.12,1.1199999999999999
2005-06-08,28.7,20.8,9.76
2005-06-09,28.74,21.18,12.73
2005-06-10,27.77,21.08,8.58
2005-06-11,29.77,20.99,0.6
2005-06-12,29.52,21.02,0.02
2005-06-13,30.6,20.86,5.94
2005-06-14,29.56,21.04,0.28
2005-06-15,29.88,20.75,0.03
2005-06-16,29.7,20.87,0.09
2005-06-17,28.63,21.6,0.64
2005-06-18,26.65,20.79,2.94
2005-06-19,28.32,21.28,0.13
2005-06-20,27.69,19.94,1.6400000000000001
2005-06-21,25.68,20.27,15.67
2005-06-22,25.86,20.4,5.9
2005-06-23,28.84,21.07,0.16
2005-06-24,28.72,21.33,0.73
2005-06-25,26.66,21.41,0.26
2005-06-26,26.94,21.56,0.21
2005-06-27,28.47,21.33,0.45
2005-06-28,27.08,21.21,0.37
2005-06-29,27.95,21.12,0.23
2005-06-30,27.57,21.29,5.89
2005-07-01,26.15,20.86,1.02
2005-07-02,27.71,20.92,0.77
2005-07-03,28.08,20.4,0.8
2005-07-04,28.21,20.6,0.91
2005-07-05,27.92,20.87,1.71
2005-07-06,27.48,21.75,1.28
2005-07-07,27.77,21.07,0.9
2005-07-08,27.66,20.88,0.57
2005-07-09,27.81,21.21,1.23
2005-07-10,28.22,20.41,1.48
2005-07-11,28.65,20.67,1.76
2005-07-12,27.45,20.3,2.19
2005-07-13,28.14,20.15,8.08
2005-07-14,28.82,20.05,12.440000000000001
2005-07-15,27.82,20.19,26.169999999999998
2005-07-16,27.97,20.16,17.2
2005-07-17,27.48,20.14,7.71
2005-07-18,28.72,20.58,2.25
2005-07-19,28.78,20.74,6.5600000000000005
2005-07-20,27.54,20.64,4.84
2005-07-21,27.99,20.8,6.6499999999999995
2005-07-22,25.94,20.71,12.33
2005-07-23,26.7,20.65,2.98
2005-07-24,24.61,20.52,6.04
2005-07-25,23.59,20.35,4.8
2005-07-26,24.7,20.9,7.43
2005-07-27,25.57,20.44,3.08
2005-07-28,26.04,20.31,1.69
2005-07-29,25.58,19.56,14.24
2005-07-30,27.3,19.96,3.19
2005-07-31,26.62,20.8,1.74
2005-08-01,26.09,20.96,2.33
2005-08-02,25.24,21.04,0.5
2005-08-03,25.38,19.72,1.52
2005-08-04,25.82,19.9,1.35
2005-08-05,25.61,20.08,0.5
2005-08-06,26.79,19.54,0.14
2005-08-07,27.16,19.5,0.41000000000000003
2005-08-08,26.59,19.49,2.74
2005-08-09,25.83,19.64,4.03
2005-08-10,25.95,20.24,5.8
2005-08-11,26.82,20.52,1.6600000000000001
2005-08-12,26.99,19.97,1.06
2005-08-13,27,20.06,0.77
2005-08-14,26.27,20.62,1.98
2005-08-15,26.33,20.12,5.14
2005-08-16,23.62,20.04,4.15
2005-08-17,25.24,19.88,1.6
2005-08-18,26.73,19.82,0
2005-08-19,26.61,18.83,0.75
2005-08-20,26.59,18.69,0
2005-08-21,26.92,18.61,0.14
2005-08-22,27.94,19.52,0.5700000000000001
2005-08-23,27.55,20.25,4.7700000000000005
2005-08-24,26.39,20.17,0.77
2005-08-25,27.84,19.73,3.4
2005-08-26,27.03,19.74,1.1400000000000001
2005-08-27,27.71,19.91,6.19
2005-08-28,28.47,19.9,10.16
2005-08-29,28.9,20.32,4
2005-08-30,28.78,20.23,2.74
2005-08-31,27.28,20.5,7.04
2005-09-01,28.47,20.85,19.14
2005-09-02,28.48,20.87,13.02
2005-09-03,27.91,20.73,9.13
2005-09-04,29.6,20.41,9.84
2005-09-05,27.77,20.13,12.040000000000001
2005-09-06,26.98,20.31,2.4
2005-09-07,25.05,20.46,1.85
2005-09-08,27.82,20.3,1.3699999999999999
2005-09-09,27.77,20.51,3.92
2005-09-10,26.13,20.63,3.22
2005-09-11,25.89,20.42,3.21
2005-09-12,26.26,20.93,0.9400000000000001
2005-09-13,26.77,20.65,0.5700000000000001
2005-09-14,26.71,20.65,1.09
2005-09-15,27.54,19.34,0.72
2005-09-16,27.87,18.73,0.26
2005-09-17,27.65,18.63,0.05
2005-09-18,27.38,18.8,0.42000000000000004
2005-09-19,24.47,20.14,0.9500000000000001
2005-09-20,23.39,20.34,1.34
2005-09-21,26.64,19.24,0.16
2005-09-22,27.5,18.95,0
2005-09-23,27.62,18.69,0.01
2005-09-24,28.95,19,0.27999999999999997
2005-09-25,27.83,18.75,0.08
2005-09-26,28.8,18.41,0
2005-09-27,27.07,19.38,0.9600000000000001
2005-09-28,28.63,20.3,4.92
2005-09-29,26.2,20.34,0.79
2005-09-30,26.79,19.39,0.68
2005-10-01,27.36,19.52,3.9
2005-10-02,27.28,19.86,13.69
2005-10-03,27.06,19.51,13.94
2005-10-04,27,19.33,19.86
2005-10-05,26.31,19.49,19.259999999999998
2005-10-06,27.55,19.37,3.96
2005-10-07,28.71,19.44,7.3
2005-10-08,28.02,19.67,9.43
2005-10-09,27.92,19.58,9.76
2005-10-10,24.41,19.53,11.79
2005-10-11,25.31,19.81,14.66
2005-10-12,24.53,19.89,13.42
2005-10-13,23.58,20.25,31.13
2005-10-14,25.52,19.98,22.98
2005-10-15,27.77,20.08,0.97
2005-10-16,27.95,20.08,5.75
2005-10-17,28,20.04,11.72
2005-10-18,25.65,19.39,9.98
2005-10-19,26.46,19.34,9.93
2005-10-20,27.11,19.96,2.0100000000000002
2005-10-21,27.26,19.77,0.48000000000000004
2005-10-22,27.85,19.87,18.05
2005-10-23,25.64,19.33,8.05
2005-10-24,26.01,19.39,18.71
2005-10-25,25.17,19.15,20.94
2005-10-26,25.73,19.17,13.85
2005-10-27,21.73,19.1,34.95
2005-10-28,21.21,18.84,9.040000000000001
2005-10-29,23.94,19.99,0.35000000000000003
2005-10-30,25.41,20.24,1.15
2005-10-31,27,20.24,3.39
2005-11-01,27.79,20.8,5.44
2005-11-02,25.72,20.23,21.56
2005-11-03,26.67,19.14,5.54
2005-11-04,25.71,19.32,0.8200000000000001
2005-11-05,26.47,19.32,2.88
2005-11-06,23.48,18.14,2.36
2005-11-07,25.1,17.98,0.56
2005-11-08,24.87,18.89,5.97
2005-11-09,23.25,18.64,6.76
2005-11-10,26,18.76,1.03
2005-11-11,25.66,18.83,1.23
2005-11-12,26.24,15.73,0.02
2005-11-13,25.92,14.29,0
2005-11-14,26.16,13.95,0
2005-11-15,27.46,14.08,0
2005-11-16,26.62,13.25,0
2005-11-17,25.82,12.9,0
2005-11-18,26.02,12.5,0
2005-11-19,26.1,12.47,0
2005-11-20,25.75,14.19,0
2005-11-21,22.99,16.94,11.11
2005-11-22,22.8,19.48,17.65
2005-11-23,22.15,18.53,15.68
2005-11-24,20.37,18.36,9.83
2005-11-25,24.06,19.11,3.17
2005-11-26,24.59,18.37,1.3800000000000001
2005-11-27,24.85,16.75,0.75
2005-11-28,25.57,15.51,0
2005-11-29,25.18,13.98,0
2005-11-30,27.06,13.24,0
2005-12-01,27.11,14.44,0
2005-12-02,25.91,17.25,5.44
2005-12-03,22.44,19.21,31.48
2005-12-04,22.09,18.65,31.37
2005-12-05,25.06,16.09,0.76
2005-12-06,26.3,15.86,0
2005-12-07,26.83,14.31,0
2005-12-08,26.32,12.99,0
2005-12-09,25.19,13.32,0.05
2005-12-10,23.79,17.12,0.62
2005-12-11,23.62,18.16,4.67
2005-12-12,25.08,18.29,0.13
2005-12-13,23.44,17.14,0.89
2005-12-14,25.23,17.1,0.33
2005-12-15,25.46,15.5,0.02
2005-12-16,25.49,13.57,0
2005-12-17,24.69,13.49,0.4
2005-12-18,23.42,16.81,0.45
2005-12-19,25.4,16.82,0.13
2005-12-20,26.64,17.12,0.06
2005-12-21,25.83,17.3,1.37
2005-12-22,26.86,17.69,0.16999999999999998
2005-12-23,26.64,18.46,0.03
2005-12-24,26.03,18.46,0
2005-12-25,25.52,16.95,0.01
2005-12-26,24.58,13.7,0
2005-12-27,24.55,13.51,0
2005-12-28,24.81,13.98,0.01
2005-12-29,24.86,13.43,0
2005-12-30,24.07,13.36,0
2005-12-31,23.75,14.41,0
2006-01-01,24.25,13.98,0
2006-01-02,24.3,14.26,0
2006-01-03,24.81,13.95,0
2006-01-04,25.36,15.55,0
2006-01-05,25.83,15.75,0
2006-01-06,25.4,15.5,0
2006-01-07,25.3,16.17,0.01
2006-01-08,25.06,19.64,1.62
2006-01-09,26.83,17.92,0.33
2006-01-10,27.16,15.98,0
2006-01-11,26.01,15.16,0
2006-01-12,27.45,15.58,0
2006-01-13,27.56,14.95,0
2006-01-14,28.8,15.2,0
2006-01-15,28.05,17.63,0.03
2006-01-16,28.72,17.46,0.05
2006-01-17,29.33,17.11,0
2006-01-18,29.28,15.14,0
2006-01-19,28.54,14.73,0
2006-01-20,28.81,14.19,0
2006-01-21,29.3,14.77,0
2006-01-22,29.57,15.24,0
2006-01-23,29.62,15.32,0
2006-01-24,28.93,15.7,0
2006-01-25,26.95,15.98,0
2006-01-26,26.86,15.8,0
2006-01-27,25.8,15.84,0.04
2006-01-28,26.78,14.38,0
2006-01-29,26.8,13.97,0
2006-01-30,26.92,13.65,0
2006-01-31,27.61,13.09,0
2006-02-01,26.93,12.77,0
2006-02-02,27.2,13.73,0
2006-02-03,26.46,13.91,0
2006-02-04,28.62,17.26,0
2006-02-05,29.21,15,0
2006-02-06,28.73,14.06,0
2006-02-07,27.43,13.94,0
2006-02-08,26.73,13.95,0
2006-02-09,26.54,14.02,0
2006-02-10,27.58,14.12,0
2006-02-11,27.26,13.83,0
2006-02-12,27.13,13.08,0
2006-02-13,27.66,12.72,0
2006-02-14,29.07,12.29,0
2006-02-15,29.93,14.82,0
2006-02-16,31.21,16.24,0
2006-02-17,31.9,16.89,0
2006-02-18,31.61,16.53,0
2006-02-19,31.11,16.14,0
2006-02-20,31.73,17.16,0
2006-02-21,31.02,16.27,0
2006-02-22,30.81,15.71,0
2006-02-23,30.82,16.06,0
2006-02-24,31.21,15.61,0
2006-02-25,31.44,15.89,0
2006-02-26,30.57,16.13,0
2006-02-27,30.78,17.9,0
2006-02-28,30.94,19.15,0
2006-03-01,31.31,20.09,0.01
2006-03-02,31.68,20.09,0.04
2006-03-03,30.62,20.29,5.86
2006-03-04,29.87,20.64,0.87
2006-03-05,30.35,19.82,7.9799999999999995
2006-03-06,30.78,19.84,1.07
2006-03-07,30.94,19.58,0.03
2006-03-08,31.05,18.98,0
2006-03-09,29.26,18.98,9.19
2006-03-10,28.26,19.4,16.12
2006-03-11,28.87,19.39,1.17
2006-03-12,29.94,19.7,0.02
2006-03-13,30.9,19.64,0.01
2006-03-14,29.83,20.32,0.42
2006-03-15,29.17,21.03,0.55
2006-03-16,30.23,20.8,0.22
2006-03-17,30.53,19.74,0.09
2006-03-18,31.26,19.52,0
2006-03-19,30.53,19.24,0
2006-03-20,30.76,18.99,0
2006-03-21,32.26,18.88,0
2006-03-22,32.72,18.94,0
2006-03-23,33.74,20.76,0
2006-03-24,32.92,20.7,0
2006-03-25,33.07,20.69,0
2006-03-26,33.63,21.33,0
2006-03-27,32.58,21.65,0
2006-03-28,33.22,19.61,0
2006-03-29,33.48,18.76,0
2006-03-30,33.66,20.73,0
2006-03-31,33.66,20.93,0
2006-04-01,33.14,20.89,0
2006-04-02,33.49,21.43,0
2006-04-03,31.81,22.2,0.9500000000000001
2006-04-04,31.79,23.03,0.85
2006-04-05,32.03,22.45,0.05
2006-04-06,34.18,21.93,0.02
2006-04-07,33.72,22.73,0
2006-04-08,32.06,22.54,0.14
2006-04-09,32.57,22.3,0.02
2006-04-10,32.63,21.96,0.05
2006-04-11,33.43,21.64,0
2006-04-12,33.97,22.35,0
2006-04-13,34.09,22.4,0
2006-04-14,33.76,22.2,0.02
2006-04-15,32.22,20.75,6.07
2006-04-16,30.44,20.73,22.24
2006-04-17,29.74,20.89,8.48
2006-04-18,30.76,20.9,1.02
2006-04-19,31.31,20.99,0.06
2006-04-20,32.49,21.49,0.02
2006-04-21,32.1,19.77,0.02
2006-04-22,32.9,20.07,0
2006-04-23,33.42,20.47,0
2006-04-24,34.06,21.6,0
2006-04-25,32.12,22.42,0.16
2006-04-26,32.45,22.56,0.04
2006-04-27,33.84,22.67,0
2006-04-28,34.31,22.42,0
2006-04-29,34.17,21.93,0
2006-04-30,35.31,21.69,0
2006-05-01,34.32,22.61,0
2006-05-02,33.72,22.07,0.15
2006-05-03,33.49,22.01,0.03
2006-05-04,33.19,22.46,0
2006-05-05,33.6,22.31,0.02
2006-05-06,33.1,22.79,2.28
2006-05-07,32.95,21.93,1.49
2006-05-08,33.9,22.09,0.12
2006-05-09,33.36,22.17,0.08
2006-05-10,33.93,22.11,7.23
2006-05-11,31.64,22.32,11.13
2006-05-12,32.4,22.26,2.79
2006-05-13,32.3,22.48,0.12
2006-05-14,32.97,22.19,0
2006-05-15,32.68,22.16,0.12
2006-05-16,33.53,21.68,0.8400000000000001
2006-05-17,32.2,21.78,0.9199999999999999
2006-05-18,30.84,21.12,7.87
2006-05-19,29.74,21.18,0.08
2006-05-20,29.75,20.64,0.05
2006-05-21,31.39,20.5,0.02
2006-05-22,31.45,20.64,0
2006-05-23,31.78,20.97,0.04
2006-05-24,29.56,20.9,2.98
2006-05-25,29.29,20.8,1.35
2006-05-26,28.06,21.17,6.57
2006-05-27,28.23,20.97,2.66
2006-05-28,24.6,19.62,17.9
2006-05-29,27.09,19.98,3.64
2006-05-30,27.28,20.14,1.89
2006-05-31,26.82,20.22,2.93
2006-06-01,27.21,20.45,1.63
2006-06-02,28.11,20.42,0.71
2006-06-03,28.16,20.65,0.99
2006-06-04,29.36,20.83,0.38
2006-06-05,27.35,20.79,0.24
2006-06-06,28.37,20.1,0.21
2006-06-07,29.38,19.87,1.47
2006-06-08,29.48,19.89,0.11
2006-06-09,30.16,19.72,0.19
2006-06-10,30.19,19.39,0.05
2006-06-11,29.29,19.61,0.43
2006-06-12,30.42,20.5,0.28
2006-06-13,31.5,20.69,0
2006-06-14,31.54,21.19,0.37
2006-06-15,30.98,21.35,11.57
2006-06-16,29.74,20.8,16.45
2006-06-17,28.67,20.48,4.6
2006-06-18,30.21,20.94,3.13
2006-06-19,31.82,20.32,28.86
2006-06-20,28.6,20.2,2.9699999999999998
2006-06-21,30.16,21.19,12.68
2006-06-22,29.34,21.23,5.63
2006-06-23,27.25,21.22,5.8999999999999995
2006-06-24,27.08,21.15,1.11
2006-06-25,26.19,20.56,1.42
2006-06-26,25.17,20.54,9.75
2006-06-27,28.21,20.79,2.8000000000000003
2006-06-28,26.53,21.06,10.42
2006-06-29,27.54,21.53,2.9899999999999998
2006-06-30,26.93,21.39,1.68
2006-07-01,27.87,21.64,0.4
2006-07-02,26.85,21.92,0.66
2006-07-03,27.18,21.72,1.08
2006-07-04,26.6,21.76,0.59
2006-07-05,27.88,20.81,0.2
2006-07-06,28.49,20.99,0.3
2006-07-07,27.86,21.18,0.54
2006-07-08,27.74,20.94,2.7600000000000002
2006-07-09,27.97,20.28,0.3
2006-07-10,27.72,20.61,0.31
2006-07-11,28.03,20.83,0.6900000000000001
2006-07-12,26.92,20.15,8.39
2006-07-13,26.7,20.3,10.15
2006-07-14,27.08,20.49,3.95
2006-07-15,26.36,21.8,1.55
2006-07-16,27.54,21.23,1.01
2006-07-17,27.88,20.82,0.61
2006-07-18,28.02,20.8,0.38
2006-07-19,26.93,20.67,0.63
2006-07-20,28.05,20.54,0.39
2006-07-21,27.75,20.44,0.29
2006-07-22,27.58,20.08,0.05
2006-07-23,29.09,19.94,0.11
2006-07-24,29.72,20.05,0.24
2006-07-25,28.33,20.69,8.85
2006-07-26,25.26,19.91,8
2006-07-27,23.98,19.96,4.93
2006-07-28,26.89,19.75,0.86
2006-07-29,27.3,20.01,0.05
2006-07-30,27.88,20.34,0.04
2006-07-31,28.14,19.89,0.46
2006-08-01,26.66,19.95,0.4
2006-08-02,27.61,20.39,0.21
2006-08-03,26,20.6,0.15
2006-08-04,26.73,20.33,1.22
2006-08-05,27.71,19.72,0.5
2006-08-06,28.45,19.67,0.64
2006-08-07,29.25,19.51,0.13999999999999999
2006-08-08,28.03,19.49,0.39
2006-08-09,28.3,19.52,1.54
2006-08-10,28.2,20.22,0.77
2006-08-11,25.94,19.6,12
2006-08-12,26.05,20.43,4.87
2006-08-13,27.62,20.96,2.7800000000000002
2006-08-14,28.02,21.07,0.77
2006-08-15,28.53,21.24,5.02
2006-08-16,26.87,20.02,1.1400000000000001
2006-08-17,26.95,20,0.9500000000000001
2006-08-18,28.54,20.31,2.92
2006-08-19,29.07,20.34,6.28
2006-08-20,28.45,21.02,3.9
2006-08-21,27.32,20.55,5.2
2006-08-22,26.81,20.06,0.18
2006-08-23,28.15,19.86,0.11
2006-08-24,29.13,19.87,0
2006-08-25,29.39,19.62,0.34
2006-08-26,29.41,19.52,0.02
2006-08-27,29.17,18.94,0
2006-08-28,27.58,19.74,0.65
2006-08-29,26.71,19.16,1.86
2006-08-30,27.82,19.4,0.97
2006-08-31,28.16,19.54,0.71
2006-09-01,29.35,19.48,1.05
2006-09-02,28.97,20.34,3.71
2006-09-03,28.42,20.46,3.2399999999999998
2006-09-04,28.43,20.43,2.17
2006-09-05,29.02,20.16,0
2006-09-06,30.31,20.67,4.98
2006-09-07,27.97,20.43,1.45
2006-09-08,29.77,21.11,1.05
2006-09-09,30.07,20.42,11.72
2006-09-10,28.5,20.34,2.5700000000000003
2006-09-11,28.1,20.77,1.78
2006-09-12,28.47,20.79,2.18
2006-09-13,28.51,20.61,1.81
2006-09-14,26.59,20.29,8.75
2006-09-15,27.41,20.31,5.53
2006-09-16,25.97,20.25,7.6499999999999995
2006-09-17,26.49,20.24,0.72
2006-09-18,27.56,20.31,0.59
2006-09-19,27.46,20.45,1.8800000000000001
2006-09-20,26.74,20.35,3.77
2006-09-21,26.95,20.38,1.18
2006-09-22,28.47,19.29,0.25
2006-09-23,28.47,19.28,0.62
2006-09-24,27.3,20.24,1.35
2006-09-25,27.66,19.96,5.52
2006-09-26,27.29,19.42,5.140000000000001
2006-09-27,27.47,19.14,4.43
2006-09-28,29.11,19.73,2.43
2006-09-29,27.75,20.18,4.99
2006-09-30,27.88,19.95,1.95
2006-10-01,27.72,19.41,0.51
2006-10-02,26.42,18.91,0.8700000000000001
2006-10-03,28.46,18.85,0.06999999999999999
2006-10-04,28.59,19.33,0.9
2006-10-05,28.48,19.3,0.38
2006-10-06,28.65,20.04,1.55
2006-10-07,28.34,20.29,8.15
2006-10-08,26.5,20.1,16.17
2006-10-09,27.28,19.57,2.24
2006-10-10,28.58,19.56,0.38
2006-10-11,28.42,20.04,1.86
2006-10-12,29.01,20.27,0.06
2006-10-13,28.67,19.67,0
2006-10-14,28.93,19.76,0.02
2006-10-15,28.52,20.09,0
2006-10-16,28.02,20.42,0.47000000000000003
2006-10-17,27.09,20.62,1.7
2006-10-18,28.96,19.9,4.2700000000000005
2006-10-19,27.45,20.03,1.61
2006-10-20,29.32,20.49,1.5
2006-10-21,28.38,19.8,1.33
2006-10-22,28.51,18.46,0
2006-10-23,27.43,18.6,0.44
2006-10-24,27.16,18.64,0.26
2006-10-25,27.25,19.77,0.79
2006-10-26,26.36,19.65,3.1
2006-10-27,26.18,19.61,8.08
2006-10-28,24.01,19.8,13.22
2006-10-29,24.63,19.81,6.95
2006-10-30,27.51,19.84,1.19
2006-10-31,26.89,19.9,4.260000000000001
2006-11-01,27.91,19.83,8.96
2006-11-02,27.95,19.86,2.97
2006-11-03,25.42,18.93,9.36
2006-11-04,26.45,18.91,4.38
2006-11-05,27.19,19.64,2.19
2006-11-06,27.79,19.64,9.18
2006-11-07,24.48,18.42,4.5200000000000005
2006-11-08,26.12,18.65,5.36
2006-11-09,25.98,18.93,3.48
2006-11-10,26.11,19.12,0.67
2006-11-11,26.74,18.82,0.61
2006-11-12,27,18.72,0.49
2006-11-13,27.5,19.15,2.12
2006-11-14,27.1,19.21,1.5
2006-11-15,25.97,19.73,3.36
2006-11-16,25.73,19.27,1.63
2006-11-17,24.98,19.35,1.23
2006-11-18,25.2,20.1,11.71
2006-11-19,25.75,20.26,10.41
2006-11-20,25.19,18.11,12.67
2006-11-21,25.95,17.8,0.01
2006-11-22,26.37,18.58,0.05
2006-11-23,28.15,18.61,0.05
2006-11-24,28.26,16.55,0
2006-11-25,27.2,16.7,0
2006-11-26,28.04,19.73,0.24
2006-11-27,27.16,20.25,1.75
2006-11-28,27.38,19.3,0.61
2006-11-29,27.1,18.46,0.06
2006-11-30,26.2,16.05,0
2006-12-01,26.25,14.36,0
2006-12-02,26.44,14.47,0
2006-12-03,25.66,16.57,0.42
2006-12-04,25.51,16.48,0
2006-12-05,26.96,16.15,0
2006-12-06,25.83,14.74,0
2006-12-07,26.73,14.49,0
2006-12-08,27.16,14.72,0
2006-12-09,25.98,14.2,0
2006-12-10,23.92,16.42,0.36
2006-12-11,26.99,19.52,1.54
2006-12-12,26.94,18.6,0.64
2006-12-13,27.91,17.18,0
2006-12-14,26.56,16.32,0.02
2006-12-15,26.93,15.77,0
2006-12-16,27.05,14.93,0
2006-12-17,25.64,13.97,0
2006-12-18,27.81,15.2,0
2006-12-19,26.73,15.09,0
2006-12-20,26.09,15.93,0.01
2006-12-21,26.77,15.63,0.05
2006-12-22,25.03,16.21,0.55
2006-12-23,27.14,16.28,0
2006-12-24,25.26,15.34,0
2006-12-25,27.14,15.32,0
2006-12-26,26.09,16.84,0
2006-12-27,27.19,15.05,0
2006-12-28,27.87,14.69,0
2006-12-29,27.32,14.44,0
2006-12-30,27.06,14.43,0
2006-12-31,26.56,13.72,0
2007-01-01,27.09,14.05,0
2007-01-02,27.39,14.42,0
2007-01-03,27.69,14.32,0
2007-01-04,28.31,14.1,0
2007-01-05,28.35,15.36,0
2007-01-06,27.97,15.54,0.02
2007-01-07,26.97,14.1,0
2007-01-08,27.08,14.1,0
2007-01-09,27.92,16.3,0
2007-01-10,27.13,16.08,0
2007-01-11,26.86,16.32,0
2007-01-12,27.96,15.74,0
2007-01-13,28.15,13.85,0
2007-01-14,28.97,13.62,0
2007-01-15,28.4,15.47,0
2007-01-16,29.27,16.71,0
2007-01-17,29.51,16.23,0
2007-01-18,28.56,14.4,0
2007-01-19,27.67,14.28,0
2007-01-20,28.4,15.51,0
2007-01-21,29.63,15.22,0
2007-01-22,30.28,14.92,0
2007-01-23,30.21,15.12,0
2007-01-24,28.76,16.25,0
2007-01-25,27.21,16.83,0
2007-01-26,29.38,17.14,0
2007-01-27,29.46,17.21,0
2007-01-28,27.64,18.65,0.07
2007-01-29,28.22,18.22,0
2007-01-30,28.94,16.6,0
2007-01-31,29.59,15.72,0
2007-02-01,30.13,15.72,0
2007-02-02,29.2,15.83,0
2007-02-03,28.64,15.76,0
2007-02-04,28.89,16.76,0
2007-02-05,29.83,17.05,0
2007-02-06,29.96,16.45,0
2007-02-07,29.93,16.45,0
2007-02-08,29.88,16.64,0
2007-02-09,28.87,16.65,0
2007-02-10,28.41,17.2,0
2007-02-11,28.78,17.36,0.02
2007-02-12,29.66,19.26,0
2007-02-13,29.69,18.37,0.08
2007-02-14,30.27,17.62,0
2007-02-15,30.81,17.96,0
2007-02-16,30.71,18.94,0
2007-02-17,30.19,20.44,0.38
2007-02-18,27.99,19.64,1.9200000000000002
2007-02-19,27.54,18.06,0.42000000000000004
2007-02-20,28.88,16.74,0
2007-02-21,27.81,16.27,0
2007-02-22,29,14.55,0
2007-02-23,28.36,13.81,0
2007-02-24,29.57,13.86,0
2007-02-25,31.49,17.64,0
2007-02-26,32.3,18.83,0
2007-02-27,31.97,19.38,0
2007-02-28,31.41,18.94,0
2007-03-01,31.39,18.63,0
2007-03-02,31.32,21.1,0
2007-03-03,30.72,20.82,0.13
2007-03-04,30.83,20.14,0
2007-03-05,31.71,19.57,0
2007-03-06,32.9,19.45,0
2007-03-07,31.79,19.91,0
2007-03-08,31.62,19.69,0
2007-03-09,31.99,20.4,0
2007-03-10,31.64,19.7,0
2007-03-11,32.23,19,0
2007-03-12,31.25,18.75,0
2007-03-13,32.08,18.39,0
2007-03-14,32.17,19.87,0
2007-03-15,32.94,19.39,0
2007-03-16,32.62,19.84,0
2007-03-17,33.12,19.93,0
2007-03-18,33.58,19.58,0
2007-03-19,33.44,20.38,0
2007-03-20,34.07,20.3,0
2007-03-21,33.43,21.05,0
2007-03-22,33.64,21.52,0
2007-03-23,34.04,20.95,0
2007-03-24,34.74,21.21,0
2007-03-25,34.87,23.75,0
2007-03-26,33.67,23.46,0
2007-03-27,34.32,21.77,0
2007-03-28,34.58,21.29,0
2007-03-29,34.15,20.98,0
2007-03-30,34.06,17.97,0
2007-03-31,33.27,17.78,0
2007-04-01,34.29,21.18,0
2007-04-02,34.87,21.38,0
2007-04-03,35.36,21.3,0
2007-04-04,35.26,21.45,0
2007-04-05,34.19,19.96,0
2007-04-06,34.72,20.15,0
2007-04-07,34.26,20.31,0
2007-04-08,33.83,20.23,0
2007-04-09,33.59,21.66,0
2007-04-10,34.69,21.69,0
2007-04-11,34.68,22.58,0.02
2007-04-12,33.35,21.26,1.39
2007-04-13,33.2,21.15,0.71
2007-04-14,32.95,20.79,0.86
2007-04-15,32.9,21,0.32
2007-04-16,32.42,21.6,0
2007-04-17,32.98,20.98,5.34
2007-04-18,32.01,21.14,6.2700000000000005
2007-04-19,31.22,20.27,7.51
2007-04-20,31.09,20.46,14.91
2007-04-21,30.23,20.44,9.06
2007-04-22,30.41,20.66,7.57
2007-04-23,31.21,20.69,0.4
2007-04-24,32.19,21.83,0.34
2007-04-25,32.36,22.32,0
2007-04-26,32.8,21.66,0
2007-04-27,32.27,21.7,0
2007-04-28,32.78,22.31,0
2007-04-29,32.12,22.81,0.14
2007-04-30,33.28,22.98,0
2007-05-01,33.81,22.63,0.24
2007-05-02,32.91,22.32,8.9
2007-05-03,29.29,19.9,11.74
2007-05-04,30.63,20.27,3.68
2007-05-05,31.69,20.9,7.86
2007-05-06,31.96,21.06,22.39
2007-05-07,29.14,21.52,0.34
2007-05-08,30.86,21.89,1.86
2007-05-09,31.95,21.64,0.63
2007-05-10,31.81,21.35,0
2007-05-11,32.22,21.33,0.36
2007-05-12,30.91,22.1,0.41000000000000003
2007-05-13,33.06,22.14,0.26
2007-05-14,33.23,21.87,0
2007-05-15,32.29,21.32,0
2007-05-16,33,21.23,0
2007-05-17,33.1,21.48,0
2007-05-18,33.25,22.13,1.2
2007-05-19,33.19,22.9,0.51
2007-05-20,32.82,22.99,1.84
2007-05-21,32.97,22.58,1.23
2007-05-22,32.91,22.61,0.62
2007-05-23,33.76,21.64,3.04
2007-05-24,30.95,21.49,5.56
2007-05-25,30.67,21.68,4.57
2007-05-26,30.61,21.22,5.22
2007-05-27,31.71,21.27,10.89
2007-05-28,28.99,20.87,12.79
2007-05-29,27.35,20.09,0.53
2007-05-30,28.92,20.16,3.23
2007-05-31,30.83,20.44,0.21
2007-06-01,31.2,20.95,0.09
2007-06-02,32.5,21.11,0.13999999999999999
2007-06-03,32.18,21.48,1.23
2007-06-04,32.14,22.1,1.31
2007-06-05,31.9,21.57,13.36
2007-06-06,30.5,21.32,10.82
2007-06-07,28.14,20.87,1.19
2007-06-08,30.67,20.81,13.3
2007-06-09,30.2,21,2.04
2007-06-10,30.73,21.59,4.32
2007-06-11,31.3,21.58,2.3
2007-06-12,30.93,21.67,4.8100000000000005
2007-06-13,30.1,21.23,1.87
2007-06-14,29.56,20.94,0.77
2007-06-15,30.29,20.69,1.06
2007-06-16,28.49,20.27,3.12
2007-06-17,29.44,20.42,8.57
2007-06-18,29.05,20.63,13.84
2007-06-19,27.49,20.52,10.02
2007-06-20,26.04,19.97,12.790000000000001
2007-06-21,25.19,19.94,15
2007-06-22,23.31,20.52,13.78
2007-06-23,23.92,20.5,15.64
2007-06-24,26.44,21,2.18
2007-06-25,26.15,20.06,4.7700000000000005
2007-06-26,27.4,20.39,3.64
2007-06-27,25.03,21.16,3.65
2007-06-28,28.1,21.44,3.62
2007-06-29,26.52,21.75,5.16
2007-06-30,26.74,21.47,2.11
2007-07-01,27.73,21.13,2.2
2007-07-02,27.76,22.04,2.28
2007-07-03,28.5,21.29,1.81
2007-07-04,27,21.37,1.35
2007-07-05,28.47,21.32,0.44
2007-07-06,27.36,21.65,1.77
2007-07-07,27.59,21.25,0.65
2007-07-08,27.92,20.75,0.25
2007-07-09,28.56,20.96,0.79
2007-07-10,27.58,21.63,1.6500000000000001
2007-07-11,29.21,21.11,3.36
2007-07-12,28.38,21.61,5.21
2007-07-13,26.94,21.29,4.13
2007-07-14,27.88,21.41,3.95
2007-07-15,27.25,21.39,1.75
2007-07-16,26.81,21.32,6.61
2007-07-17,26.19,21.31,2.09
2007-07-18,28.57,20.92,2.47
2007-07-19,29.02,20.38,6.42
2007-07-20,28.33,20.25,4.78
2007-07-21,26.28,19.81,0.84
2007-07-22,25.85,19.84,2.96
2007-07-23,28.16,20.21,10.83
2007-07-24,27.32,20.49,9.78
2007-07-25,27.87,19.8,5.41
2007-07-26,28.12,20.21,3.41
2007-07-27,27.6,20.23,8.33
2007-07-28,26.04,20.25,2.6
2007-07-29,25.79,20.04,15.28
2007-07-30,25.64,20.2,4.83
2007-07-31,24.7,19.76,11.86
2007-08-01,24.93,19.83,13.96
2007-08-02,24.56,19.79,13.53
2007-08-03,26.07,20.15,2.9299999999999997
2007-08-04,26.86,20.31,8.469999999999999
2007-08-05,24.31,20.53,33.93
2007-08-06,24.43,20.11,12.17
2007-08-07,24.58,20.31,2.18
2007-08-08,27.47,20.85,1.02
2007-08-09,27.38,21.03,1.68
2007-08-10,27.27,20.04,2.48
2007-08-11,27.21,20.12,0.67
2007-08-12,26.33,20.16,0.3
2007-08-13,27.51,19.46,0.67
2007-08-14,28.47,19.04,0
2007-08-15,28.16,18.83,0
2007-08-16,29.23,19.82,0.29
2007-08-17,27.88,20.4,0.59
2007-08-18,27.59,19.56,1.22
2007-08-19,28.81,19.03,0.1
2007-08-20,28.44,20.48,12.44
2007-08-21,26.76,19.85,19.21
2007-08-22,26.5,19.69,6.44
2007-08-23,27.96,19.84,5.09
2007-08-24,26.61,20.46,13.42
2007-08-25,27.1,20.11,10.45
2007-08-26,27.77,20.1,1.73
2007-08-27,25.95,20.28,0.6
2007-08-28,28.3,20.45,2.71
2007-08-29,25.9,20.27,6.3
2007-08-30,25.41,19.82,8.85
2007-08-31,25.85,19.71,4.49
2007-09-01,26.28,19.98,0.91
2007-09-02,26.01,19.33,5.43
2007-09-03,26.6,19.52,0.55
2007-09-04,28.11,20.84,1.6300000000000001
2007-09-05,26.12,20.55,3.2800000000000002
2007-09-06,25.74,20.51,0.6
2007-09-07,27.34,20.28,0.74
2007-09-08,29.11,20.55,1.66
2007-09-09,27.58,19.8,14.72
2007-09-10,29.17,19.79,1.77
2007-09-11,29.43,20.98,3.07
2007-09-12,30.09,20.81,8.540000000000001
2007-09-13,28.52,20.85,14.18
2007-09-14,26.35,20.07,5.38
2007-09-15,25.6,20.26,2.21
2007-09-16,25.76,20.19,1.17
2007-09-17,25.37,19.9,7.53
2007-09-18,23.1,19.88,7.52
2007-09-19,24.84,19.55,0.6900000000000001
2007-09-20,27.09,19.79,0.1
2007-09-21,27.31,20.19,0.01
2007-09-22,27.42,20.39,0.74
2007-09-23,27.79,20.39,0.5
2007-09-24,26.6,20.71,2
2007-09-25,25.78,19.51,2.8
2007-09-26,26.92,19.36,0.28
2007-09-27,28.93,19.3,2.83
2007-09-28,28.48,19.36,0.24
2007-09-29,29.62,20.08,4.28
2007-09-30,27.1,20.82,5.09
2007-10-01,26.41,19.57,10.43
2007-10-02,26.77,19.63,0.9600000000000001
2007-10-03,27.66,19.47,0.31
2007-10-04,27.62,19.9,0.9400000000000001
2007-10-05,27.53,19.36,1.24
2007-10-06,27.51,18.93,0.72
2007-10-07,27.02,18.84,0.75
2007-10-08,27.84,19.6,0.88
2007-10-09,28.23,19.64,0.35
2007-10-10,29,19.55,0.27
2007-10-11,29.29,19.97,0.27
2007-10-12,31.48,19.61,0
2007-10-13,30.58,18.95,0.01
2007-10-14,30.6,18.81,0.02
2007-10-15,30.04,18.89,0
2007-10-16,28.83,19.71,0.65
2007-10-17,28.37,19.67,3.4
2007-10-18,28.85,19.65,6.32
2007-10-19,27.68,19.75,10.95
2007-10-20,27.91,19.91,15.86
2007-10-21,27.7,19.74,20.830000000000002
2007-10-22,24.99,19.8,22.08
2007-10-23,23.43,20.11,5.32
2007-10-24,24.49,19.75,3.58
2007-10-25,25.72,19.72,1.27
2007-10-26,23.1,19.91,10.32
2007-10-27,25.93,19.97,9.98
2007-10-28,21.59,18.15,10.03
2007-10-29,23.13,18.65,10.04
2007-10-30,25.91,19.1,1.31
2007-10-31,27.05,20.58,0.03
2007-11-01,26.06,19.71,8.14
2007-11-02,28.1,19.48,4.86
2007-11-03,27.49,20.71,2.9899999999999998
2007-11-04,24.12,20.58,5.57
2007-11-05,28.55,21.25,4.12
2007-11-06,29.63,20.12,2.79
2007-11-07,28.86,17.3,0.43
2007-11-08,28.44,16.89,0.16
2007-11-09,28.09,18.3,0
2007-11-10,27.85,16.61,0
2007-11-11,27.84,16.2,0
2007-11-12,27.74,16.2,0
2007-11-13,27.57,13.44,0
2007-11-14,26.87,13.2,0
2007-11-15,27.12,13.57,0
2007-11-16,27.03,13.29,0
2007-11-17,26.09,13.12,0
2007-11-18,25.6,14.02,0
2007-11-19,25.88,18.74,3.0700000000000003
2007-11-20,25.53,18.2,3.17
2007-11-21,26.74,18.23,0.68
2007-11-22,27.05,17.01,0.06
2007-11-23,26.73,13.53,0
2007-11-24,26.56,11.51,0
2007-11-25,25.96,11.53,0
2007-11-26,27.69,12.39,0.24
2007-11-27,27.65,17.92,0.02
2007-11-28,26.84,18.31,0.48
2007-11-29,26.48,18.32,0.04
2007-11-30,26.73,17.04,0
2007-12-01,26.05,15.89,0
2007-12-02,25.53,16.56,0.09
2007-12-03,24.58,17.56,0.35
2007-12-04,25.26,16.64,0
2007-12-05,22.24,16.98,0.54
2007-12-06,23.55,17.38,0.96
2007-12-07,23.34,17.32,0.8300000000000001
2007-12-08,27.3,17.06,0
2007-12-09,27.35,17.93,0.18
2007-12-10,26.75,16.54,0.01
2007-12-11,26.62,16.54,0
2007-12-12,26.68,17.64,0
2007-12-13,25.6,17.72,0.19999999999999998
2007-12-14,22.62,17.86,0.75
2007-12-15,25.24,17.54,0
2007-12-16,26.96,16.84,0
2007-12-17,27.09,17.39,0
2007-12-18,20.69,17.55,14.38
2007-12-19,20.4,17.82,17.85
2007-12-20,24.02,19.34,2.99
2007-12-21,26.88,17.5,0.43
2007-12-22,27.28,15.54,0
2007-12-23,27.36,13.33,0
2007-12-24,28.15,11.83,0
2007-12-25,28.2,11.9,0
2007-12-26,28.06,13.86,0
2007-12-27,28.16,14.76,0
2007-12-28,28.22,15.89,0
2007-12-29,28.93,15.98,0
2007-12-30,28.67,16.82,0
2007-12-31,27.62,16.79,0
2008-01-01,28.09,15.08,0.01
2008-01-02,27.61,13.69,0
2008-01-03,27.22,13.81,0
2008-01-04,27.29,14.33,0.3
2008-01-05,26.36,14.11,0.32
2008-01-06,26.75,14.09,0
2008-01-07,26.55,14.19,0
2008-01-08,26.89,14.35,0
2008-01-09,28.04,14.56,0
2008-01-10,29.1,14.21,0
2008-01-11,29.1,14.11,0
2008-01-12,28.92,14.09,0
2008-01-13,28.9,15.05,0
2008-01-14,28.59,14.99,0
2008-01-15,28.77,14.86,0
2008-01-16,28.95,14.79,0
2008-01-17,28.34,14.57,0
2008-01-18,28.12,14.03,0
2008-01-19,28.45,13.75,0
2008-01-20,29.25,14.23,0
2008-01-21,30.13,14.61,0
2008-01-22,29.39,17.33,0
2008-01-23,29.37,17.08,0
2008-01-24,29.65,18,0
2008-01-25,28.87,18.2,0.11
2008-01-26,28.57,18.16,0.04
2008-01-27,29.13,18.14,0.91
2008-01-28,27.33,18.48,0.24
2008-01-29,28.8,18.76,0.06
2008-01-30,28.81,18.25,0
2008-01-31,29.2,18.46,0
2008-02-01,29.12,18.9,0.2
2008-02-02,29.11,19.66,0.33
2008-02-03,28.18,19.71,0.92
2008-02-04,27.97,19.11,1
2008-02-05,28.25,18.46,0.01
2008-02-06,29.45,17.68,0
2008-02-07,28.77,17.56,0.01
2008-02-08,27.9,20.26,2.14
2008-02-09,28.04,19.84,9.88
2008-02-10,27.76,19.88,16.24
2008-02-11,27.13,20.08,1.48
2008-02-12,26.07,19.98,0.42
2008-02-13,28.03,19.96,0.16
2008-02-14,27.62,19.34,0.45
2008-02-15,26.89,19.51,1.82
2008-02-16,28.81,18.81,0
2008-02-17,29.12,17.08,0
2008-02-18,29.62,16.77,0
2008-02-19,29.53,16.37,0
2008-02-20,30.4,19.45,0
2008-02-21,30.21,18.61,0
2008-02-22,30.19,17.83,0
2008-02-23,30.44,17.16,0
2008-02-24,30.68,16.68,0
2008-02-25,31.49,16.88,0
2008-02-26,30.76,16.9,0
2008-02-27,30.42,16.49,0
2008-02-28,29.59,16.41,0
2008-02-29,30.27,16.92,0
2008-03-01,31.38,17.67,0
2008-03-02,31.53,18.23,0
2008-03-03,30.9,17.48,0
2008-03-04,31.01,17.11,0
2008-03-05,31.6,17.04,0
2008-03-06,31.33,15.9,0
2008-03-07,30.35,15.86,0
2008-03-08,30.76,16.07,0
2008-03-09,31.04,16.11,0
2008-03-10,30.74,17.39,0
2008-03-11,30.14,18.89,0
2008-03-12,27.36,19.14,2.96
2008-03-13,29.27,19.71,6.99
2008-03-14,25.68,20.84,29.72
2008-03-15,28.88,20.06,3.99
2008-03-16,29.89,19.72,0.8
2008-03-17,30.16,19.63,0.43
2008-03-18,30.93,19.7,0
2008-03-19,30.9,19.74,0.01
2008-03-20,29.4,20.45,18.18
2008-03-21,23.66,20.21,13.96
2008-03-22,24.79,20.25,11.39
2008-03-23,25.81,19.99,9.19
2008-03-24,27.91,19.77,5.72
2008-03-25,28.82,19.63,0.44
2008-03-26,29.2,19.65,11.93
2008-03-27,29.71,19.62,1.96
2008-03-28,29.97,20.46,15.58
2008-03-29,30.48,20.01,10.93
2008-03-30,30.85,19.95,16.12
2008-03-31,29.11,20.23,9.18
2008-04-01,29.9,21.41,3.07
2008-04-02,28.97,21.21,1.9000000000000001
2008-04-03,30.29,20.65,3.73
2008-04-04,28.96,20.06,3.78
2008-04-05,29.83,20.53,0.36000000000000004
2008-04-06,29.81,20.05,0
2008-04-07,30.26,20.09,0
2008-04-08,31.16,20.19,0
2008-04-09,31.38,19.07,0
2008-04-10,31.41,19.01,0
2008-04-11,32.08,19.07,0
2008-04-12,32.64,19.2,0
2008-04-13,33.37,20.14,0
2008-04-14,33.76,20.01,0
2008-04-15,34.09,21.62,0
2008-04-16,33.75,22.4,0.04
2008-04-17,34.4,21.86,0
2008-04-18,33.86,21.77,0
2008-04-19,34.17,21.54,0
2008-04-20,34.66,22.45,0
2008-04-21,35.97,21.58,0
2008-04-22,34.6,22.56,0
2008-04-23,33.22,22.45,0
2008-04-24,33.83,21.49,0
2008-04-25,33.91,21.09,0
2008-04-26,34.37,22.23,0
2008-04-27,34.04,22.13,0
2008-04-28,32.2,22.16,10.86
2008-04-29,32.51,21.81,2.62
2008-04-30,33.97,21.83,0.08
2008-05-01,33.18,22.23,1.9000000000000001
2008-05-02,33.86,22,0.31
2008-05-03,33.94,21.33,0.01
2008-05-04,34.15,20.84,0
2008-05-05,34.15,20.51,0
2008-05-06,32.3,21.36,0
2008-05-07,33.8,21.54,2.27
2008-05-08,32.13,21.36,2.98
2008-05-09,32.76,21.25,2.39
2008-05-10,34.02,21.7,1.79
2008-05-11,32.72,21.27,1.17
2008-05-12,32.96,21.05,0.01
2008-05-13,34.33,20.77,0
2008-05-14,33.48,21.12,0
2008-05-15,33.84,21.42,0.16
2008-05-16,33.92,21.65,0.11
2008-05-17,33.15,21.69,0.17
2008-05-18,33.21,22.35,0.87
2008-05-19,33.65,22.44,1.98
2008-05-20,32.37,22.44,0.42000000000000004
2008-05-21,32.65,20.68,10.77
2008-05-22,31.63,20.87,14.11
2008-05-23,31.9,21.11,20.63
2008-05-24,30.83,21.11,7.06
2008-05-25,30.6,20.38,9.57
2008-05-26,29.77,20.38,11.08
2008-05-27,30.75,20.72,6.01
2008-05-28,29.14,21.12,8.629999999999999
2008-05-29,30.09,21.42,3.11
2008-05-30,29.77,21.07,8.68
2008-05-31,28.49,20.26,11.09
2008-06-01,28.75,20.45,11.28
2008-06-02,29.49,20.78,10.79
2008-06-03,30.3,20.55,2.05
2008-06-04,30.24,20.45,1.53
2008-06-05,30.33,20.53,0.8
2008-06-06,27.48,20.52,2.78
2008-06-07,28.74,20.85,12.31
2008-06-08,26.47,20.6,7.8100000000000005
2008-06-09,25.37,20.77,10.72
2008-06-10,25.65,20.87,2.59
2008-06-11,27.17,21.16,0.86
2008-06-12,24.98,21.05,7.85
2008-06-13,27.05,21.01,1.3800000000000001
2008-06-14,27.37,21.08,0.97
2008-06-15,27.38,20.7,1.29
2008-06-16,28.11,20.85,0.21
2008-06-17,25.83,20.23,0.9400000000000001
2008-06-18,28.36,20.37,0.9400000000000001
2008-06-19,28.11,20.66,9.950000000000001
2008-06-20,29.01,20.88,1.9
2008-06-21,28.63,20.37,0.28
2008-06-22,28.58,19.44,1.8599999999999999
2008-06-23,28.36,19.74,0.18
2008-06-24,27.98,19.98,0.28
2008-06-25,28.44,20.37,1.32
2008-06-26,27.62,20.68,0.56
2008-06-27,28.03,20.7,1.98
2008-06-28,26.35,19.78,6.01
2008-06-29,26.97,19.92,0.77
2008-06-30,27.39,20.72,1.37
2008-07-01,24.9,19.31,2.27
2008-07-02,28.35,19.42,0.11
2008-07-03,28.11,20.38,0.34
2008-07-04,28.87,20.18,0.22
2008-07-05,28.61,20.11,0.3
2008-07-06,27.92,20.37,5.1499999999999995
2008-07-07,28.5,20.58,0.76
2008-07-08,27.34,20.75,0.53
2008-07-09,26.48,20.72,1.09
2008-07-10,27.38,20.35,0.21
2008-07-11,28.96,19.76,0.37
2008-07-12,29.23,19.87,0.29000000000000004
2008-07-13,30.48,19.62,0.26
2008-07-14,30.71,20.4,8.21
2008-07-15,29.24,20.51,8.99
2008-07-16,29.02,20.71,3.35
2008-07-17,28.4,20.71,2.41
2008-07-18,29.09,20.71,2.8400000000000003
2008-07-19,27.56,20.52,9.53
2008-07-20,28.49,20.21,6.17
2008-07-21,28.64,19.83,5.41
2008-07-22,28.77,19.86,8.21
2008-07-23,29.56,20.95,3.95
2008-07-24,27.55,20.08,9.89
2008-07-25,24.66,19.93,8.19
2008-07-26,26.91,20.18,1.2
2008-07-27,23.29,19.61,17.16
2008-07-28,25.94,19.72,12.82
2008-07-29,24.54,20.43,7.62
2008-07-30,26.2,20.83,2.4
2008-07-31,27.5,21.07,0.66
2008-08-01,28.47,20.82,3.92
2008-08-02,26.73,21.12,0.8300000000000001
2008-08-03,26.41,20.64,3.76
2008-08-04,26.07,20.65,0.54
2008-08-05,26.9,20.68,0.23
2008-08-06,28.03,20.6,1.07
2008-08-07,28.4,20.63,1.04
2008-08-08,25.5,20.84,6.82
2008-08-09,25.06,20.01,2.1
2008-08-10,23.08,19.52,13.49
2008-08-11,23.47,20.07,12.95
2008-08-12,26.5,20.19,14.2
2008-08-13,25.49,20.44,6.15
2008-08-14,25.33,19.21,6.24
2008-08-15,23.65,19.22,1.36
2008-08-16,26.48,19.36,1.4000000000000001
2008-08-17,25.89,19.84,9.86
2008-08-18,27.02,19.65,1.66
2008-08-19,26.25,19.87,0.73
2008-08-20,26.63,19.83,1.19
2008-08-21,27.14,19.17,0.65
2008-08-22,27.49,19.27,0.39999999999999997
2008-08-23,27.54,19.47,0.11
2008-08-24,27.97,19.54,0.39
2008-08-25,29.01,19.79,5.74
2008-08-26,27.67,19.89,16.66
2008-08-27,28.96,20.27,13.63
2008-08-28,28.12,20.91,3.5100000000000002
2008-08-29,28.69,20.41,10.73
2008-08-30,29.52,21.29,12.92
2008-08-31,28.05,20.4,18.849999999999998
2008-09-01,27.79,20.47,9.09
2008-09-02,28.44,20.61,5.95
2008-09-03,28.04,20.82,6.16
2008-09-04,29.52,20.99,8.43
2008-09-05,29.23,20.94,5.64
2008-09-06,27.67,20.94,1.15
2008-09-07,25.82,20.1,5.609999999999999
2008-09-08,25.43,19.54,10.33
2008-09-09,25.79,19.39,9.83
2008-09-10,26.27,19.8,3.18
2008-09-11,26.31,19.13,0.14
2008-09-12,26.06,19.65,0.15
2008-09-13,27.54,19.41,0.28
2008-09-14,27.3,18.77,6.77
2008-09-15,26.52,18.78,0.08
2008-09-16,26.4,19.77,0.64
2008-09-17,27.48,19.63,0.28
2008-09-18,27.29,18.58,0.1
2008-09-19,26.53,18.57,1.9
2008-09-20,25.99,19.48,6.55
2008-09-21,27.59,19.51,0.1
2008-09-22,28.33,19.05,0.06
2008-09-23,27.79,18.76,0.34
2008-09-24,27.06,19.68,1
2008-09-25,28.7,19.4,0.06999999999999999
2008-09-26,27.69,18.35,0.06
2008-09-27,28.72,18.12,0
2008-09-28,27.79,18.2,0
2008-09-29,28.01,18.88,0
2008-09-30,28.01,19.64,0.61
2008-10-01,28.05,19.77,0.85
2008-10-02,28.35,19.76,1.6300000000000001
2008-10-03,28.22,20.58,3.07
2008-10-04,27.56,20.17,4.29
2008-10-05,27.47,20.06,10.43
2008-10-06,28.05,19.79,6.12
2008-10-07,27.79,19.76,9.52
2008-10-08,27.73,19.93,4.73
2008-10-09,28.82,19.98,8.6
2008-10-10,28.74,20.17,0.77
2008-10-11,28.62,19.6,4.13
2008-10-12,26.05,19.36,3.8600000000000003
2008-10-13,25.74,19.66,1.8
2008-10-14,26.04,20.31,7.92
2008-10-15,26.25,19.86,4.5
2008-10-16,25.78,20.44,2.41
2008-10-17,26.76,20.75,5
2008-10-18,26.96,20.7,4.93
2008-10-19,27.05,19.79,6.2700000000000005
2008-10-20,26.9,19.68,4.93
2008-10-21,24.56,20.83,6.82
2008-10-22,24.62,20.43,16.62
2008-10-23,26.34,20.48,11.77
2008-10-24,25.83,20.11,6.86
2008-10-25,25.22,19.85,5.72
2008-10-26,24.23,15.8,1.8
2008-10-27,27.72,15.38,0
2008-10-28,27.4,14.77,0
2008-10-29,27.01,14.96,0
2008-10-30,27.52,15.37,0
2008-10-31,27.75,14.61,0
2008-11-01,27.34,14.43,0
2008-11-02,27.34,14.22,0
2008-11-03,27.46,14.4,0
2008-11-04,27.22,14.39,0
2008-11-05,27.13,14.78,0
2008-11-06,26.88,15.18,0
2008-11-07,26.83,16.09,0
2008-11-08,27,16.21,0
2008-11-09,27.41,16.26,0
2008-11-10,26.74,18.22,0.78
2008-11-11,26.98,17.15,0
2008-11-12,26.23,15.48,0
2008-11-13,25.98,15.95,0
2008-11-14,25.45,15.96,0
2008-11-15,26.4,17.03,0.11
2008-11-16,24.71,19.26,6.68
2008-11-17,27.04,19.58,0.52
2008-11-18,27.72,19.93,1.24
2008-11-19,27.43,19.51,0.05
2008-11-20,27.24,19.29,1.06
2008-11-21,27.74,18.82,0.02
2008-11-22,24.06,19,19.64
2008-11-23,24.53,19.49,4.46
2008-11-24,25.76,18.83,1.3800000000000001
2008-11-25,25.08,18.36,0.14
2008-11-26,22.21,18.3,5.3
2008-11-27,19.28,17.6,29.23
2008-11-28,21.71,18.9,16.06
2008-11-29,25.17,20.15,12.17
2008-11-30,25.92,19.95,1.55
2008-12-01,27.02,19.85,1.23
2008-12-02,26.59,19.33,0.97
2008-12-03,26.81,16.21,0
2008-12-04,26.76,16.05,0
2008-12-05,25.87,16.88,0
2008-12-06,25.49,16.55,0
2008-12-07,26.02,16.78,0
2008-12-08,25.13,16.75,0.33
2008-12-09,24.69,19.46,0.24000000000000002
2008-12-10,26.28,19.05,0.9700000000000001
2008-12-11,27.49,16.71,0
2008-12-12,26.84,17.24,0
2008-12-13,26.37,16.79,0
2008-12-14,25.6,15.19,0
2008-12-15,25.39,15.23,0.02
2008-12-16,25.44,16.08,0
2008-12-17,25.44,16.23,0
2008-12-18,24.99,16.5,0.02
2008-12-19,26.07,15.53,0
2008-12-20,25.97,15.56,0
2008-12-21,26.99,14.08,0
2008-12-22,27.06,14.13,0
2008-12-23,26.16,14.37,0
2008-12-24,26.82,15.12,0
2008-12-25,27.07,16.88,0
2008-12-26,26.29,14.9,0.01
2008-12-27,27.46,13.33,0
2008-12-28,26.88,13.29,0
2008-12-29,26.54,13.28,0
2008-12-30,25.94,13.09,0
2008-12-31,26.31,13.59,0
2009-01-01,27.15,13.52,0
2009-01-02,26.55,16.1,0
2009-01-03,26.29,15.04,0
2009-01-04,26.08,14.87,0
2009-01-05,25.87,14.31,0
2009-01-06,26.4,14.38,0
2009-01-07,26.73,15.24,0.01
2009-01-08,25.54,17.5,1.28
2009-01-09,26.87,16.66,0
2009-01-10,26.73,16.3,0
2009-01-11,26.36,16.61,0
2009-01-12,26.73,14.32,0
2009-01-13,25.03,14.63,0
2009-01-14,24.87,14.94,0.03
2009-01-15,26.49,15.84,0
2009-01-16,26.74,13.5,0.02
2009-01-17,26.75,12.88,0
2009-01-18,25.8,12.68,0
2009-01-19,27.04,12.98,0
2009-01-20,26.91,12.85,0
2009-01-21,27.55,12.64,0
2009-01-22,28.26,14.07,0
2009-01-23,28.67,13.71,0
2009-01-24,29.92,13.67,0
2009-01-25,29.1,13.54,0
2009-01-26,29.53,14.38,0
2009-01-27,29.96,17.19,0
2009-01-28,30.63,18.01,0
2009-01-29,30.92,16.14,0
2009-01-30,30.43,15.97,0
2009-01-31,29.67,15.82,0
2009-02-01,30.42,15.7,0
2009-02-02,30.62,16.22,0
2009-02-03,30.29,16.96,0
2009-02-04,30.36,17.71,0
2009-02-05,30.11,17.65,0
2009-02-06,30.11,17.23,0
2009-02-07,29.44,16.94,0
2009-02-08,28.65,16.24,0
2009-02-09,28.54,16,0
2009-02-10,28.76,15.75,0
2009-02-11,29.83,15.67,0
2009-02-12,29.7,16.98,0
2009-02-13,29.74,17.63,0
2009-02-14,30.29,17.35,0
2009-02-15,30.29,17.09,0
2009-02-16,30.2,15.26,0
2009-02-17,29.01,14.76,0
2009-02-18,29.68,14.82,0
2009-02-19,30.1,15.5,0
2009-02-20,29.3,15.29,0
2009-02-21,30.73,17.27,0
2009-02-22,31.59,18.34,0
2009-02-23,32.5,18.22,0
2009-02-24,32.73,18.89,0
2009-02-25,33.47,20.34,0
2009-02-26,33.72,20.36,0
2009-02-27,33.68,18.7,0
2009-02-28,34.12,18.84,0
2009-03-01,34.08,19.72,0
2009-03-02,33.66,19.21,0
2009-03-03,33.11,18.58,0
2009-03-04,33.53,18.74,0
2009-03-05,33.37,18.74,0
2009-03-06,34.15,19.98,0
2009-03-07,34.36,19.61,0
2009-03-08,32.6,17.08,0
2009-03-09,29.65,16.77,0.11000000000000001
2009-03-10,25.72,18.93,1.31
2009-03-11,29.39,20.02,0.9
2009-03-12,31.14,20.2,8.66
2009-03-13,31.92,19.33,0
2009-03-14,31.67,19.24,0.03
2009-03-15,31.23,19.29,0.02
2009-03-16,32.22,19.09,0
2009-03-17,32.78,19.22,0
2009-03-18,33.25,20.72,0
2009-03-19,34,20.13,0
2009-03-20,33.48,20.09,0
2009-03-21,31.89,21.99,0.92
2009-03-22,31.28,21.31,0.41000000000000003
2009-03-23,32.08,21.23,0.04
2009-03-24,30.98,21,0.88
2009-03-25,30.16,20.18,0.02
2009-03-26,31.48,19.77,0.12
2009-03-27,32.52,20.8,0.09
2009-03-28,33.3,20.56,0
2009-03-29,33.07,19.81,0
2009-03-30,33.74,19,0
2009-03-31,34.34,19.99,0
2009-04-01,34.92,20.65,0
2009-04-02,34.57,19.94,0
2009-04-03,34.76,19.62,0
2009-04-04,35.04,19.53,0
2009-04-05,34.8,19.21,0
2009-04-06,35.3,20.47,0
2009-04-07,34.78,22.08,0
2009-04-08,34.04,21.39,0
2009-04-09,33.62,20.84,0
2009-04-10,32.82,20.64,0
2009-04-11,34.13,21.21,0.03
2009-04-12,33.29,21.59,0
2009-04-13,35.61,21.51,0
2009-04-14,33.25,22.61,0
2009-04-15,33.84,22.43,0
2009-04-16,34.65,23.08,0
2009-04-17,34.1,22.84,0.04
2009-04-18,35.34,23.83,0.08
2009-04-19,34.03,22.32,4.97
2009-04-20,31.29,21.44,18.51
2009-04-21,32.47,21.83,2.08
2009-04-22,33.07,21.19,2.46
2009-04-23,32.49,21.26,1.6500000000000001
2009-04-24,33.71,22.71,1.4000000000000001
2009-04-25,30.2,22.05,4.76
2009-04-26,32.11,21.83,1.07
2009-04-27,32.92,21.66,0
2009-04-28,33.1,21.8,0.02
2009-04-29,33.93,21.89,0
2009-04-30,34.24,22.25,0
2009-05-01,32.98,22.06,0.03
2009-05-02,34.4,21.84,0.13
2009-05-03,34.95,23.15,2.63
2009-05-04,33.6,20.7,5.93
2009-05-05,31.31,20.85,1.74
2009-05-06,32.18,20.86,1.62
2009-05-07,33.6,21.9,0.01
2009-05-08,33.81,22.41,0.91
2009-05-09,31.86,21.53,8.4
2009-05-10,33.56,21.66,1.12
2009-05-11,34.22,22.32,0
2009-05-12,35.02,22.68,0
2009-05-13,34.45,21.34,0
2009-05-14,33.77,21.11,0
2009-05-15,32.65,19.9,7.72
2009-05-16,31.19,20.07,3.87
2009-05-17,32.32,20.79,12.84
2009-05-18,30.23,20.98,18.56
2009-05-19,32,20.63,42.74
2009-05-20,29.12,20.72,12.73
2009-05-21,30.11,20.27,10.629999999999999
2009-05-22,29.12,20.77,12.68
2009-05-23,30.59,21.86,7.89
2009-05-24,28.66,22.3,14.17
2009-05-25,28.85,22.03,0.91
2009-05-26,30.49,21.8,0.02
2009-05-27,30.09,21.88,2.25
2009-05-28,30.89,20.52,0.6
2009-05-29,29.73,20.61,18.84
2009-05-30,29.47,21.03,8.620000000000001
2009-05-31,30.18,20.43,11.040000000000001
2009-06-01,29.48,20.15,2.04
2009-06-02,29.97,20.36,0.13999999999999999
2009-06-03,29.61,21.18,0.13
2009-06-04,29.7,21.18,0.02
2009-06-05,28.66,21.3,4.359999999999999
2009-06-06,25.51,19.71,4.52
2009-06-07,26.44,19.66,0.8
2009-06-08,30.3,20.61,1.28
2009-06-09,29.93,20.67,0.08
2009-06-10,30.7,20.92,0.4
2009-06-11,29.57,20.47,16.32
2009-06-12,29.38,20.49,8.04
2009-06-13,29.58,20.53,10.379999999999999
2009-06-14,29.47,20.91,2.47
2009-06-15,28.38,20.55,4.57
2009-06-16,29.22,20.5,0.74
2009-06-17,29.3,21.66,8.87
2009-06-18,30.04,20.93,11.23
2009-06-19,29.08,21.12,2.5700000000000003
2009-06-20,29.18,20.09,1.8699999999999999
2009-06-21,28.12,20.04,0.02
2009-06-22,28.53,20.25,6.83
2009-06-23,29.45,20.65,0.23
2009-06-24,29.1,20.85,1.5999999999999999
2009-06-25,27.8,20.64,7.2
2009-06-26,24.78,20.45,14.23
2009-06-27,28.3,20.29,4.05
2009-06-28,29.2,20.3,2.68
2009-06-29,29.01,21.03,5.72
2009-06-30,29.37,20.74,8.82
2009-07-01,27.78,20.46,2.12
2009-07-02,26.55,20.54,10.46
2009-07-03,27.24,20.6,12.209999999999999
2009-07-04,25.39,20.69,13.2
2009-07-05,26.15,20.67,6.65
2009-07-06,26.74,20.87,5.74
2009-07-07,24.56,20.64,11.34
2009-07-08,24.37,20.68,10.26
2009-07-09,25.28,20.44,4.82
2009-07-10,26.61,20.58,0.69
2009-07-11,27.51,20.81,3.9000000000000004
2009-07-12,27.43,20.72,0.29000000000000004
2009-07-13,25.75,21.1,1.4000000000000001
2009-07-14,26.09,21.52,1.48
2009-07-15,25.28,20.48,18.66
2009-07-16,26.81,21.11,6.02
2009-07-17,26.34,21.3,10.07
2009-07-18,23.88,20.82,5.71
2009-07-19,25.24,20.6,5.19
2009-07-20,26.41,20.9,0.48
2009-07-21,27.19,20.68,0.51
2009-07-22,27.03,20.45,0.37
2009-07-23,28.01,20.09,0.18
2009-07-24,27.5,20.05,0.08
2009-07-25,27.58,20.01,0.07
2009-07-26,28.44,19.8,0
2009-07-27,27.41,20.25,0.74
2009-07-28,27.48,20.52,0.23
2009-07-29,27.59,20.82,10.21
2009-07-30,27.04,20.56,2.1
2009-07-31,27.5,20.74,4.9399999999999995
2009-08-01,27.91,20.83,2.84
2009-08-02,28.2,20.06,0.42
2009-08-03,27.81,20.19,0.44
2009-08-04,27.55,20.13,1.11
2009-08-05,26.76,19.62,0.29000000000000004
2009-08-06,27.97,19.75,0.13
2009-08-07,28.45,19.75,0.34
2009-08-08,28.17,19.9,0.9800000000000001
2009-08-09,28.35,20.34,0.99
2009-08-10,27.67,20.5,1.08
2009-08-11,27.47,20.44,0.69
2009-08-12,28.22,20.67,0.9
2009-08-13,27.68,20.57,0.37
2009-08-14,28,20.64,0.62
2009-08-15,25.54,20.52,3.73
2009-08-16,26.9,20.39,12.14
2009-08-17,23.81,20.47,21.21
2009-08-18,28.23,20.47,1.34
2009-08-19,29.16,21.11,2.43
2009-08-20,28.5,21.22,0.64
2009-08-21,28.54,20.59,11.66
2009-08-22,27.74,20.82,2.62
2009-08-23,26.21,20.36,6.37
2009-08-24,26.51,20.1,2.08
2009-08-25,26.25,19.99,3.37
2009-08-26,26.77,20.1,0.56
2009-08-27,27.38,19.68,0.26
2009-08-28,27.63,19.73,0.49
2009-08-29,28.2,19.87,0.46
2009-08-30,28.14,20.06,0.71
2009-08-31,26.54,20.75,6.88
2009-09-01,24.18,20.74,23.76
2009-09-02,25.04,20.83,3.1
2009-09-03,27.03,20.63,2.95
2009-09-04,25.17,21.34,4.39
2009-09-05,25.85,21.61,5.48
2009-09-06,27.69,20.99,3.35
2009-09-07,27.64,19.88,0.88
2009-09-08,27.86,19.93,0.18
2009-09-09,28.17,19.33,0.06
2009-09-10,28.06,19.52,0.05
2009-09-11,28.53,20.56,0.22
2009-09-12,27.87,21.28,4.79
2009-09-13,29.85,21.52,14.65
2009-09-14,27.49,20.36,10.77
2009-09-15,28,20.77,1.85
2009-09-16,27.26,20.96,19.12
2009-09-17,28.4,20.15,12.81
2009-09-18,27.7,20.6,37.44
2009-09-19,28,20.05,19.65
2009-09-20,27.26,21.06,13.95
2009-09-21,26.96,20.81,8.61
2009-09-22,28.42,20.59,3.54
2009-09-23,28.74,20.33,1.57
2009-09-24,27.9,19.73,2.37
2009-09-25,27.93,20.22,1.8199999999999998
2009-09-26,27.82,20.24,0.44
2009-09-27,28.14,20.77,0.69
2009-09-28,26.26,20.63,4.04
2009-09-29,24.96,19.61,7.57
2009-09-30,24.28,19.99,2.97
2009-10-01,22.22,19.57,7.31
2009-10-02,25.54,20.2,3.5999999999999996
2009-10-03,25.83,19.92,1.02
2009-10-04,26.93,20.18,0.81
2009-10-05,27.66,20.13,0.32
2009-10-06,27.9,19.08,0.55
2009-10-07,27.3,19.56,0.08
2009-10-08,27.68,19.4,0.46
2009-10-09,27.53,19.64,0.52
2009-10-10,27.47,20.43,1.53
2009-10-11,27.61,20.39,17.66
2009-10-12,27.38,20.25,7.71
2009-10-13,28.59,19.89,0.56
2009-10-14,28.4,19.07,1.06
2009-10-15,28.11,18.11,0.19
2009-10-16,28.98,18.33,0
2009-10-17,29.09,18.73,0
2009-10-18,29.53,19.61,0.04
2009-10-19,29.59,18.81,0
2009-10-20,29.31,19.29,0
2009-10-21,29.3,18.58,0
2009-10-22,28.83,17.49,0
2009-10-23,28.13,16.78,0
2009-10-24,27.52,17.87,0
2009-10-25,27.8,18.14,0
2009-10-26,28.38,18.31,0
2009-10-27,28.8,18.91,0
2009-10-28,27.29,20.39,8.23
2009-10-29,25.78,20.27,1.93
2009-10-30,27.88,18.47,0.62
2009-10-31,28.58,17.93,0
2009-11-01,28.79,18.28,0
2009-11-02,28.59,17.87,0
2009-11-03,25.98,19.31,1.21
2009-11-04,26.18,19.79,1.74
2009-11-05,24.72,19.09,1.71
2009-11-06,23.96,20.25,5.58
2009-11-07,23.02,20.07,3.85
2009-11-08,22.56,20.12,15.05
2009-11-09,24.98,19.89,2.59
2009-11-10,22.68,19.7,15.08
2009-11-11,26.96,19.19,0.62
2009-11-12,28.82,20.24,2.67
2009-11-13,26.85,20.56,2.46
2009-11-14,25,20.61,7.03
2009-11-15,24.9,19.62,6.79
2009-11-16,27.27,20.27,0.46
2009-11-17,27.01,20.34,7.39
2009-11-18,26.81,19.08,11.29
2009-11-19,26.37,19.54,15.719999999999999
2009-11-20,27,20.97,4.79
2009-11-21,27.33,20.44,3.12
2009-11-22,27.27,20.21,0.79
2009-11-23,27.04,20.57,0.64
2009-11-24,27.04,19.92,2.45
2009-11-25,28.24,19.17,0.18
2009-11-26,27.93,18.3,0.02
2009-11-27,26.77,17.2,0
2009-11-28,26.12,16.36,0
2009-11-29,26.42,16.77,0
2009-11-30,27.4,18,0
2009-12-01,27.5,18.41,1.41
2009-12-02,26.22,19.34,3.6999999999999997
2009-12-03,26.35,20.23,4.09
2009-12-04,26.13,19.65,8.05
2009-12-05,26.83,16.43,0.02
2009-12-06,25.62,15.38,0
2009-12-07,26.05,15.56,0
2009-12-08,25.93,16.01,0
2009-12-09,26.9,15.29,0
2009-12-10,26.36,15.29,0
2009-12-11,25.76,16.32,0
2009-12-12,24.47,17.82,0.64
2009-12-13,25.82,17.3,0.98
2009-12-14,27.46,17.81,0.03
2009-12-15,25.35,18.48,2.0100000000000002
2009-12-16,24.56,18.51,6.94
2009-12-17,24.76,17.81,2
2009-12-18,26.44,18.83,0.7
2009-12-19,26.4,19.01,0.1
2009-12-20,26.26,18.91,0.04
2009-12-21,23.68,18.5,1.53
2009-12-22,24.99,18.04,1.53
2009-12-23,25.79,18.27,0.01
2009-12-24,26.23,18.33,0.01
2009-12-25,26.6,16.96,0.02
2009-12-26,27.07,17.52,0.21
2009-12-27,25.94,18.46,0.8200000000000001
2009-12-28,25.14,18.09,2.25
2009-12-29,25.39,17.97,0.43000000000000005
2009-12-30,26.77,18.35,0
2009-12-31,28.17,18,7.64
2010-01-01,26.88,16.69,0
2010-01-02,26.86,17.28,0
2010-01-03,25.85,15.08,0.01
2010-01-04,27.43,13.92,0
2010-01-05,27.85,14.95,0
2010-01-06,26.77,15.1,0
2010-01-07,25.86,15.66,0
2010-01-08,26.94,16.65,0
2010-01-09,25.96,19.24,0.73
2010-01-10,27.88,19.95,0.04
2010-01-11,28.05,19.97,0.15
2010-01-12,27.63,20.48,1.16
2010-01-13,27.48,20.17,1.98
2010-01-14,28.9,19.33,0.02
2010-01-15,26.66,15.38,0
2010-01-16,27.24,15.75,0
2010-01-17,27.93,17.78,0.01
2010-01-18,27.27,18.24,0.23
2010-01-19,27.37,18.46,0.33
2010-01-20,27.32,15.63,0
2010-01-21,27.38,14.49,0
2010-01-22,27.23,14.42,0
2010-01-23,26.94,13.83,0
2010-01-24,27.19,15.59,0
2010-01-25,26.92,17.95,0
2010-01-26,27.21,16.71,0
2010-01-27,27.32,16.94,0
2010-01-28,27.39,16.62,0
2010-01-29,28.07,16.64,0
2010-01-30,28.63,16.56,0
2010-01-31,28.36,16.11,0
2010-02-01,28.08,16.26,0
2010-02-02,28.37,15.36,0
2010-02-03,28.74,15.22,0
2010-02-04,28.65,15.69,0
2010-02-05,28.43,14.95,0
2010-02-06,28.09,15.06,0
2010-02-07,27.51,16.06,0
2010-02-08,28.65,16.51,0
2010-02-09,30.21,17.23,0
2010-02-10,30.12,18.01,0
2010-02-11,30.52,18.57,0
2010-02-12,30.86,18.8,0
2010-02-13,31.63,18.55,0
2010-02-14,32.57,18.9,0
2010-02-15,32.57,18.22,0
2010-02-16,31.95,17.16,0
2010-02-17,32.38,17.87,0
2010-02-18,32.92,18.87,0
2010-02-19,32.84,19.22,0
2010-02-20,33.13,19.73,0
2010-02-21,32.74,19.63,0
2010-02-22,32.86,19.87,0
2010-02-23,32.63,20.68,0.01
2010-02-24,30.5,21.67,0.5700000000000001
2010-02-25,31.12,22.06,0.19
2010-02-26,30.85,21.28,0.06
2010-02-27,33.12,20.12,0
2010-02-28,33.11,19.3,0
2010-03-01,32.33,18.37,0
2010-03-02,32.85,18.05,0
2010-03-03,33.25,17.48,0
2010-03-04,32.81,19.43,0
2010-03-05,33,20.84,0
2010-03-06,33.53,22.61,0
2010-03-07,33.63,22.71,0
2010-03-08,34.19,21.84,0
2010-03-09,34.42,20.21,0
2010-03-10,33.49,20.96,0
2010-03-11,32.81,18.91,0
2010-03-12,32.9,18.8,0
2010-03-13,32.53,18.63,0
2010-03-14,33.32,19.26,0
2010-03-15,34.58,21.45,0
2010-03-16,33.46,21.68,0
2010-03-17,33.67,20.07,0
2010-03-18,32.71,19.13,0
2010-03-19,32.78,19.14,0
2010-03-20,34.09,20.34,0
2010-03-21,34.71,20.09,0
2010-03-22,34.45,19.87,0
2010-03-23,34.66,20.67,0
2010-03-24,34.55,19.22,0
2010-03-25,34.8,20.1,0
2010-03-26,34.36,21.14,0
2010-03-27,34.18,22.93,0
2010-03-28,33.79,23.45,0.02
2010-03-29,34.21,23.12,0
2010-03-30,33.4,23.55,0.77
2010-03-31,31.34,21.66,1.07
2010-04-01,33.93,21.55,0
2010-04-02,35.07,22.57,0
2010-04-03,34.52,23.42,0
2010-04-04,34.74,21.63,0
2010-04-05,34.79,22.56,0
2010-04-06,35.3,22.16,0
2010-04-07,35.71,22.12,0
2010-04-08,32.4,22.84,0.22999999999999998
2010-04-09,35.01,23.76,0
2010-04-10,36.02,24.41,0
2010-04-11,36.27,24.96,0
2010-04-12,34.9,22.87,0.060000000000000005
2010-04-13,34.72,23.1,1.25
2010-04-14,34.27,22.91,2.35
2010-04-15,34.54,23.49,0.11
2010-04-16,34.1,23.18,0
2010-04-17,34.2,23.34,0.06999999999999999
2010-04-18,34.02,22.37,0.97
2010-04-19,31.93,22.48,10.25
2010-04-20,33,23.23,3.29
2010-04-21,33.37,21.93,3.89
2010-04-22,32.52,22.28,6.6000000000000005
2010-04-23,33.62,22.85,0.1
2010-04-24,32.01,21.18,3.91
2010-04-25,32.28,22.46,0.12
2010-04-26,33,22.27,3.21
2010-04-27,33.32,21.88,1.98
2010-04-28,33.3,22.7,1.02
2010-04-29,33.47,23.33,0.04
2010-04-30,30.41,20.64,8.3
2010-05-01,30.55,21.66,1.12
2010-05-02,31.34,21.3,4.76
2010-05-03,31.77,22.35,0.86
2010-05-04,32.18,21.61,1.09
2010-05-05,32.36,22.64,1.33
2010-05-06,33.92,23.28,0.03
2010-05-07,33.11,23.71,0.78
2010-05-08,33.12,22.61,26.7
2010-05-09,32.98,23,0.3
2010-05-10,32.87,23.84,0.16
2010-05-11,34.14,23.39,0.03
2010-05-12,33.81,24.25,0.19
2010-05-13,32.96,23.53,0.65
2010-05-14,32.45,23.13,3.86
2010-05-15,33.12,22.39,3.32
2010-05-16,32.59,21.97,10.84
2010-05-17,32.67,22.47,6.92
2010-05-18,32.8,21.31,23.79
2010-05-19,24.71,20.7,14.92
2010-05-20,25.51,21.25,5.6
2010-05-21,28.03,21.09,2.44
2010-05-22,30.33,21.17,0.2
2010-05-23,31,22.41,4.42
2010-05-24,31.85,22.6,3.4
2010-05-25,31.9,22.46,0
2010-05-26,31.5,22.01,0.36
2010-05-27,32.7,22.86,0
2010-05-28,32.68,22.42,0.01
2010-05-29,32.79,22.9,0
2010-05-30,32.39,21.27,7.8
2010-05-31,31.07,21.57,3.21
2010-06-01,31.75,22.42,1.8800000000000001
2010-06-02,31.84,22.56,10.33
2010-06-03,32.12,22.29,14.13
2010-06-04,31.1,21.9,10.32
2010-06-05,30.38,21.35,2.07
2010-06-06,29.73,21.88,0.36000000000000004
2010-06-07,28.49,20.53,11.42
2010-06-08,29.41,21.11,4.54
2010-06-09,28.1,21.68,1.98
2010-06-10,28.21,21.02,9.07
2010-06-11,25.81,21.41,2.61
2010-06-12,27.19,20.92,11.94
2010-06-13,26.49,21.2,4.46
2010-06-14,26.26,21.23,8.95
2010-06-15,27.14,21.31,1.04
2010-06-16,28.63,21.7,3.3
2010-06-17,27.48,21.13,4.38
2010-06-18,28.68,21.12,3.5500000000000003
2010-06-19,30.57,20.85,3.4
2010-06-20,29.32,21.5,0.04
2010-06-21,29.59,21.49,1.4
2010-06-22,29.87,21.15,1.49
2010-06-23,29.32,20.85,2.85
2010-06-24,26.8,20.67,2.12
2010-06-25,28.19,21.35,1.68
2010-06-26,28.58,21.46,3.5300000000000002
2010-06-27,29.37,21.45,1.53
2010-06-28,30.02,20.94,1.14
2010-06-29,30.11,21.43,3.56
2010-06-30,29.93,21.32,4.14
2010-07-01,26.89,20.63,48.63
2010-07-02,25.06,20.81,13.63
2010-07-03,26.3,21.02,20.74
2010-07-04,28.92,21.37,4.45
2010-07-05,26.82,21.11,7.68
2010-07-06,25.89,20.45,5.78
2010-07-07,26.96,20.82,5.96
2010-07-08,27.13,20.77,5.57
2010-07-09,28.95,20.85,7.779999999999999
2010-07-10,30.12,20.67,8.97
2010-07-11,28.48,21.39,0.63
2010-07-12,28.1,20.63,6.97
2010-07-13,26.76,20.22,3.96
2010-07-14,28.65,20.18,0.16
2010-07-15,28.36,21,1.59
2010-07-16,28,20.25,10.6
2010-07-17,26.75,20.88,5.17
2010-07-18,27.33,21.16,7.760000000000001
2010-07-19,26.71,20.79,13.32
2010-07-20,25.74,20.28,18.08
2010-07-21,25.49,20.52,11.57
2010-07-22,25.01,20.1,4.84
2010-07-23,26.64,20.28,0.51
2010-07-24,25.86,20.99,0.55
2010-07-25,26.03,20.43,6.68
2010-07-26,27.04,20.68,1.8
2010-07-27,26.59,21.34,0.8200000000000001
2010-07-28,24.2,20.12,12.280000000000001
2010-07-29,25.23,20.03,8.51
2010-07-30,23.72,20.34,10.33
2010-07-31,25.81,20.91,0.1
2010-08-01,27.55,20.52,0.36
2010-08-02,26.48,20.86,0.31
2010-08-03,25.75,21.06,7.15
2010-08-04,26.57,21.25,7.36
2010-08-05,27.75,20.09,0.86
2010-08-06,27.55,20.24,1.26
2010-08-07,27.72,20.43,3.53
2010-08-08,28.3,20.64,1.73
2010-08-09,28.2,20.31,0.87
2010-08-10,28.19,20.73,0.08
2010-08-11,27.85,20.74,0.9
2010-08-12,27.66,20.77,5.69
2010-08-13,28.73,21.08,3.78
2010-08-14,28.26,21.83,4.85
2010-08-15,27.59,20.86,4.6
2010-08-16,28.51,20.84,9.9
2010-08-17,27.87,20.37,1.78
2010-08-18,27.18,20.78,1.09
2010-08-19,28.18,21.7,0.59
2010-08-20,26.98,20.95,9.57
2010-08-21,25.14,20.47,16.06
2010-08-22,27.3,20.63,9.09
2010-08-23,26.55,20.36,5.430000000000001
2010-08-24,24.43,20.38,16.080000000000002
2010-08-25,23.04,20.07,26.77
2010-08-26,24.48,20.11,4.67
2010-08-27,26.62,20.36,1.97
2010-08-28,28.37,21.45,2.59
2010-08-29,27.23,20.48,4.28
2010-08-30,26.46,20.12,12.11
2010-08-31,25.1,19.19,3.62
2010-09-01,27.35,19.55,0.16999999999999998
2010-09-02,27.32,20.2,0.71
2010-09-03,25.62,20.88,0.84
2010-09-04,26.43,19.5,0.9
2010-09-05,26.97,19.44,3.49
2010-09-06,26.26,20.62,1.4100000000000001
2010-09-07,26.74,20.77,1.36
2010-09-08,26.72,20.24,5.08
2010-09-09,27.96,19.62,0.91
2010-09-10,28.08,19.83,5.65
2010-09-11,27.33,20.52,3.22
2010-09-12,27.29,20.38,0.37
2010-09-13,26.79,20.15,2.73
2010-09-14,26.13,20.3,1.52
2010-09-15,25.69,20.12,1.77
2010-09-16,26.82,19.97,3.7800000000000002
2010-09-17,27.25,19.34,4.5200000000000005
2010-09-18,25.75,19.07,0.08
2010-09-19,27.16,19.74,0.03
2010-09-20,27.79,20.51,0.66
2010-09-21,28.87,20.21,21.55
2010-09-22,29.47,21.18,6.4399999999999995
2010-09-23,29.46,21.3,10.93
2010-09-24,30.17,19.85,7.76
2010-09-25,28.73,21.11,1.39
2010-09-26,28.93,21.36,4.46
2010-09-27,27.69,21.15,8.27
2010-09-28,29.08,20.74,0.53
2010-09-29,28.81,20.27,7.12
2010-09-30,30.38,21.1,1.7
2010-10-01,29.44,21.03,5.13
2010-10-02,27.84,20.72,15.76
2010-10-03,28.28,20.58,2.92
2010-10-04,28.85,20.71,3.32
2010-10-05,28.27,21.43,5.140000000000001
2010-10-06,27.38,20.2,5.36
2010-10-07,27.52,20.06,2.86
2010-10-08,28.32,20.91,0.92
2010-10-09,27.66,20.39,0.8
2010-10-10,27.77,20.85,0.8
2010-10-11,28.5,19.59,0.04
2010-10-12,28.07,20.37,0.11
2010-10-13,28.34,19.94,3.62
2010-10-14,27.81,19.64,9
2010-10-15,26.51,19.16,1.28
2010-10-16,27,18.8,1.01
2010-10-17,26.08,18.91,0
2010-10-18,28.07,19.55,0.4
2010-10-19,27.97,20.3,0.58
2010-10-20,26.62,20.53,7.51
2010-10-21,26.82,20.71,6.28
2010-10-22,25.92,20.08,1.7
2010-10-23,24.69,19.92,8.27
2010-10-24,26.99,20.2,0.73
2010-10-25,27.83,20.28,1
2010-10-26,27.62,20.77,4.36
2010-10-27,26.69,19.71,1.9
2010-10-28,26.89,19.46,0.86
2010-10-29,25.75,20.3,1.12
2010-10-30,23.82,19.67,6.2
2010-10-31,25.69,19.85,1.8900000000000001
2010-11-01,24.42,19.8,23.44
2010-11-02,25.07,20.25,10.19
2010-11-03,26.35,20.47,4.24
2010-11-04,27.81,19.15,4.91
2010-11-05,27.04,19.36,3.85
2010-11-06,25.92,18.46,0.15
2010-11-07,20.22,17.87,25.77
2010-11-08,24.35,18.6,2.11
2010-11-09,27.57,20.6,3.72
2010-11-10,27.39,19.94,9.26
2010-11-11,26.68,19.27,21.91
2010-11-12,27.43,20.62,0.9
2010-11-13,28.48,19.6,1.35
2010-11-14,28.06,19.7,0.61
2010-11-15,26.88,19.33,5.6000000000000005
2010-11-16,25.18,20.11,7.37
2010-11-17,24.28,19.97,10.16
2010-11-18,25.79,19.95,2.87
2010-11-19,26.7,19.25,0.77
2010-11-20,27.28,20.36,1.14
2010-11-21,25.96,19.53,2.05
2010-11-22,27.35,19.66,0.15
2010-11-23,26.3,19.59,1.32
2010-11-24,25.5,19.28,0.19
2010-11-25,25.02,19.57,2.13
2010-11-26,23.27,19.79,1.72
2010-11-27,22.29,18.09,3.82
2010-11-28,24.83,17.95,0.25
2010-11-29,26.07,18.64,0.03
2010-11-30,26.47,18.17,0
2010-12-01,23.15,18.76,0.39
2010-12-02,24.3,18.34,1.99
2010-12-03,25.24,16.56,0
2010-12-04,24.66,17.26,0.1
2010-12-05,23.5,17.81,0.16999999999999998
2010-12-06,22.33,15.92,0.86
2010-12-07,25.37,17.67,0.5800000000000001
2010-12-08,26.62,19.07,2.08
2010-12-09,26.58,18.04,0.78
2010-12-10,26.52,17.74,0
2010-12-11,26.73,18.48,0.12
2010-12-12,26.3,17.79,0.14
2010-12-13,26.25,17.95,0.24
2010-12-14,26.62,18.99,1.72
2010-12-15,25.84,19.2,3.3400000000000003
2010-12-16,23.91,18.1,2.29
2010-12-17,24.87,18.53,1.26
2010-12-18,25.81,14.03,0.01
2010-12-19,24.68,15.02,0.1
2010-12-20,22.45,15.89,1.14
2010-12-21,26.77,12.94,0
2010-12-22,27.11,11.54,0
2010-12-23,26.98,12.3,0
2010-12-24,25.74,12.65,0
2010-12-25,25.85,13.84,0
2010-12-26,26.61,14.4,0
2010-12-27,26.31,14.3,0
2010-12-28,26.2,15.37,1.11
2010-12-29,24.02,16.91,0.65
2010-12-30,26.18,16.71,0.06
2010-12-31,27.22,16.66,0
2011-01-01,27.8,17.61,0
2011-01-02,27.7,18.15,0.12
2011-01-03,25.78,16.44,0.88
2011-01-04,26.22,17.94,0.02
2011-01-05,24.63,16.71,0.14
2011-01-06,26.9,15.41,0
2011-01-07,27.93,15.44,0
2011-01-08,29.04,15.93,0
2011-01-09,29.08,14.66,0
2011-01-10,28.63,13.47,0
2011-01-11,28.47,11.54,0
2011-01-12,28.16,10.86,0
2011-01-13,28.78,12.37,0
2011-01-14,28.28,12.76,0
2011-01-15,28.06,14.83,0
2011-01-16,29.45,16.7,0
2011-01-17,29.34,16.54,0
2011-01-18,29.25,14.82,0
2011-01-19,29.71,14.9,0
2011-01-20,30.54,15.07,0
2011-01-21,29.15,15.61,0
2011-01-22,27.39,16.14,0.01
2011-01-23,27.24,14.28,0
2011-01-24,27.34,13.53,0
2011-01-25,27,14.74,0
2011-01-26,27.59,15.89,0
2011-01-27,28.81,13.53,0
2011-01-28,28.82,15.02,0
2011-01-29,28.81,15.02,0
2011-01-30,28.95,15.07,0
2011-01-31,29.51,15.17,0
2011-02-01,28.87,15.02,0
2011-02-02,27.79,14.83,0
2011-02-03,28.17,14.55,0
2011-02-04,27.95,14.02,0
2011-02-05,28.68,13.99,0
2011-02-06,28.85,13.34,0
2011-02-07,28.6,14.8,0
2011-02-08,29.98,14.64,0
2011-02-09,29.7,13.61,0
2011-02-10,29.66,14.73,0
2011-02-11,28.9,14.37,0
2011-02-12,28.69,14.53,0
2011-02-13,28.95,14.01,0
2011-02-14,29.53,15.46,0
2011-02-15,29.51,16.29,0
2011-02-16,28.97,17.25,0
2011-02-17,30.26,18.07,0
2011-02-18,30.45,19.19,0
2011-02-19,30.28,19.6,0.08
2011-02-20,29.77,20.36,0.23
2011-02-21,29.32,18.95,1.3800000000000001
2011-02-22,27.79,19.36,2.46
2011-02-23,28.33,18.65,5.73
2011-02-24,28.64,19.44,1.02
2011-02-25,28.82,19.55,1.35
2011-02-26,28.14,18.69,0.73
2011-02-27,30.33,17.29,0
2011-02-28,30.3,16.55,0
2011-03-01,29.72,16.85,0
2011-03-02,30.43,16.01,0
2011-03-03,30.9,14.79,0
2011-03-04,32.07,15.49,0
2011-03-05,32.49,15.82,0
2011-03-06,33.14,16.29,0
2011-03-07,33.19,17.87,0
2011-03-08,33.62,19.67,0
2011-03-09,33.27,20.69,0
2011-03-10,33.13,20.08,0
2011-03-11,32.7,18.65,0
2011-03-12,32.94,19.19,0
2011-03-13,32.3,18.58,0
2011-03-14,32.6,18.93,0
2011-03-15,32.28,19.2,0
2011-03-16,31.72,18.39,0
2011-03-17,31.01,16.24,0
2011-03-18,30.88,15.65,0
2011-03-19,32.16,16.61,0
2011-03-20,33.28,18.53,0
2011-03-21,32.87,20.19,0
2011-03-22,33.16,20.88,0
2011-03-23,33.68,20.99,0
2011-03-24,33.32,21.59,0.01
2011-03-25,33.09,21.19,0
2011-03-26,31.01,21.7,1.38
2011-03-27,32.84,20.92,0
2011-03-28,33.05,21.46,0
2011-03-29,33.21,21.46,0.01
2011-03-30,33.67,21.31,0
2011-03-31,33.36,21.95,0
2011-04-01,32.17,23.08,0.02
2011-04-02,33.55,21.82,0.02
2011-04-03,32.24,21.06,0.11
2011-04-04,33.56,21.39,0
2011-04-05,32.66,22.3,0
2011-04-06,31.91,20.91,0.25
2011-04-07,32.28,20.43,0
2011-04-08,33.04,20.9,0
2011-04-09,33.6,21.54,0
2011-04-10,32.97,20.43,0
2011-04-11,33.65,21.46,0
2011-04-12,33.48,22.21,0
2011-04-13,33.77,22.58,0.01
2011-04-14,32.2,21.3,4.37
2011-04-15,31.83,19.37,8.32
2011-04-16,31.18,20.89,0.11
2011-04-17,32.49,21.87,0
2011-04-18,33.38,22.41,0.02
2011-04-19,32.57,20.76,4.76
2011-04-20,31.74,21.14,0.64
2011-04-21,30.09,20.74,34.43
2011-04-22,28.21,20.55,81.31
2011-04-23,28.72,20.86,19.07
2011-04-24,30.18,20.82,4.640000000000001
2011-04-25,30.37,21.19,0.23
2011-04-26,31.22,21.55,0.17
2011-04-27,32.03,21.78,0.02
2011-04-28,31.87,21.95,0
2011-04-29,30.97,22.23,0.07
2011-04-30,31.31,20.7,6.75
2011-05-01,31.77,21.64,1.42
2011-05-02,32.34,21.94,4.58
2011-05-03,32.1,21.57,5.08
2011-05-04,31.38,21.86,1.54
2011-05-05,32.87,21.33,0
2011-05-06,32.64,21.28,0
2011-05-07,31.46,19.88,0
2011-05-08,30.85,20.61,0
2011-05-09,32.77,21.23,0
2011-05-10,31.65,21.58,0.02
2011-05-11,31.62,21.97,0.22
2011-05-12,30.65,22.39,3.6199999999999997
2011-05-13,30.6,22.23,2.94
2011-05-14,31.38,21.59,15.35
2011-05-15,30.93,20.98,3.13
2011-05-16,32.15,21.42,1.2
2011-05-17,31.08,21.54,0.87
2011-05-18,30.44,22.37,1.28
2011-05-19,30.91,21.09,7.67
2011-05-20,29.26,21.37,0.63
2011-05-21,30.65,21.31,2.36
2011-05-22,30.83,21.92,0
2011-05-23,31.4,22.37,0.54
2011-05-24,31.73,21.52,2.21
2011-05-25,30.68,20.97,4.22
2011-05-26,30.38,21.67,1.19
2011-05-27,30.28,21.5,14.8
2011-05-28,30.63,21.62,5.72
2011-05-29,30.82,21.59,8.83
2011-05-30,31.27,21.27,10.26
2011-05-31,30.61,21.33,11.73
2011-06-01,29.99,20.72,9.76
2011-06-02,25.24,20.42,10.47
2011-06-03,26.41,21.76,4.5
2011-06-04,28.72,21.38,0.04
2011-06-05,27.89,21.76,2.6799999999999997
2011-06-06,27.48,20.84,5.26
2011-06-07,27.92,20.47,0.42
2011-06-08,28.56,20.62,1.26
2011-06-09,28.44,20.71,0.43
2011-06-10,28.09,20.83,1.06
2011-06-11,27.76,21.24,2.25
2011-06-12,28.33,21.47,0.93
2011-06-13,28.07,21.51,1.98
2011-06-14,28.15,20.42,6.17
2011-06-15,26.02,20.64,0.77
2011-06-16,27.97,20.78,0.77
2011-06-17,26.82,21.25,5.19
2011-06-18,28.18,20.2,0.38
2011-06-19,28.36,19.99,0.02
2011-06-20,28.85,20.08,0.08
2011-06-21,29.4,19.95,0
2011-06-22,28.23,20.71,0.2
2011-06-23,28,20.58,1.28
2011-06-24,28.09,21.47,0.99
2011-06-25,28.52,20.71,6.2700000000000005
2011-06-26,26.35,21.37,3.8
2011-06-27,26.44,20.41,5.87
2011-06-28,27.57,20.62,0.6
2011-06-29,27.65,19.93,0.02
2011-06-30,29.22,21.08,3.2
2011-07-01,28.76,20.21,9.37
2011-07-02,26.83,20.56,4.180000000000001
2011-07-03,27.66,20.61,5.9799999999999995
2011-07-04,27.47,20.35,10.29
2011-07-05,28.16,20.62,2.4
2011-07-06,26.66,19.61,5.99
2011-07-07,27.61,20.64,0.62
2011-07-08,28.28,20.84,0.43
2011-07-09,28.94,20.19,0.22
2011-07-10,28.92,20.31,0.01
2011-07-11,28.58,20.97,3.3200000000000003
2011-07-12,28.3,20.93,4.49
2011-07-13,26.34,20.83,0.93
2011-07-14,26.38,20.74,1.45
2011-07-15,27.16,21.2,3.35
2011-07-16,24.54,21.06,5.3
2011-07-17,26.95,20.82,9.19
2011-07-18,25.16,20.98,10.46
2011-07-19,27.31,20.81,10.01
2011-07-20,28.65,21.11,3.27
2011-07-21,27.46,20.84,3.65
2011-07-22,27.51,20.59,2.32
2011-07-23,26.94,20.97,1.22
2011-07-24,27.5,21.18,4.36
2011-07-25,28.38,20.2,7.7
2011-07-26,28.83,19.95,9.83
2011-07-27,27.74,20.47,6.74
2011-07-28,27.59,20.87,6.83
2011-07-29,27.26,20.58,19.15
2011-07-30,25.64,20.7,8.69
2011-07-31,26.35,20.73,9.33
2011-08-01,28.42,20.22,0.06
2011-08-02,26.34,20.16,10.54
2011-08-03,25.74,20.06,12.5
2011-08-04,27.88,20.23,7.21
2011-08-05,28.01,20.8,3.9
2011-08-06,26.72,21.06,3.0300000000000002
2011-08-07,26.37,21.05,5.05
2011-08-08,26.86,20.63,2.0100000000000002
2011-08-09,27.76,20.51,0.9500000000000001
2011-08-10,28.1,20.28,0.69
2011-08-11,27.61,20.67,3.1
2011-08-12,26.98,20.69,1.55
2011-08-13,27.06,19.64,0.06
2011-08-14,28.01,19.86,0.38
2011-08-15,28.91,20.32,7.06
2011-08-16,26.62,20.33,15.48
2011-08-17,25.2,20.64,22.81
2011-08-18,26.54,19.6,12.73
2011-08-19,25.88,19.94,3.92
2011-08-20,27.42,20.31,25.85
2011-08-21,25.6,20.28,9.36
2011-08-22,27.77,20.69,8.57
2011-08-23,28.77,21.03,8.4
2011-08-24,27.35,20.43,9.040000000000001
2011-08-25,27.28,20.59,5.22
2011-08-26,27.3,20.74,2.22
2011-08-27,25.93,20.9,2.79
2011-08-28,27.35,20.5,1.87
2011-08-29,25.6,20.65,2.24
2011-08-30,26.18,20.75,11.13
2011-08-31,25.85,20.75,5.41
2011-09-01,25.26,20.24,15.700000000000001
2011-09-02,27.2,20.13,3.54
2011-09-03,26.38,19.87,3.04
2011-09-04,27.24,20.18,1.32
2011-09-05,27.73,19.54,0.44
2011-09-06,26.55,20.06,4.05
2011-09-07,26.83,20.11,2.07
2011-09-08,27.15,20.27,1.8499999999999999
2011-09-09,28.17,19.92,4.74
2011-09-10,27.76,20.06,1.29
2011-09-11,28.36,20.22,1.81
2011-09-12,27.96,20.29,8.59
2011-09-13,27.88,20,6.86
2011-09-14,26.13,19.95,4.9399999999999995
2011-09-15,26.35,20.23,3.52
2011-09-16,27.61,20.27,2.98
2011-09-17,26.95,19.1,1.16
2011-09-18,27.42,20.13,1.66
2011-09-19,27.43,20.23,4.72
2011-09-20,26.11,19.18,3.9099999999999997
2011-09-21,27.1,18.55,0.59
2011-09-22,26.81,18.08,0.01
2011-09-23,27.2,18.36,0
2011-09-24,27.97,19.51,0
2011-09-25,28.6,19.09,0.07
2011-09-26,28.38,19.09,0.2
2011-09-27,27.61,19.27,0.48000000000000004
2011-09-28,28.25,19.44,0.21
2011-09-29,27.49,19.27,0.41
2011-09-30,28.78,19.45,0.38
2011-10-01,27.92,20.07,9.24
2011-10-02,27.03,20.52,0.91
2011-10-03,27.44,19.73,3
2011-10-04,28.07,18.18,0.15
2011-10-05,29.13,18.99,0
2011-10-06,28.12,19.36,0.32
2011-10-07,28.93,20.25,1.6500000000000001
2011-10-08,28.19,19.87,1.14
2011-10-09,28.33,19.82,12.969999999999999
2011-10-10,27.11,20.12,25.97
2011-10-11,27.63,20.26,14.870000000000001
2011-10-12,27.7,20.07,17.03
2011-10-13,27.93,20.02,7.45
2011-10-14,28.39,20.46,13.629999999999999
2011-10-15,28.67,20.53,7.23
2011-10-16,28.91,21.12,0.86
2011-10-17,29.1,19.77,0.89
2011-10-18,28.64,19.34,0.02
2011-10-19,28.81,19.84,0.18
2011-10-20,28.7,21.4,3.68
2011-10-21,29.32,20.52,0.84
2011-10-22,28.09,20.64,0.14
2011-10-23,28.45,20.05,15.700000000000001
2011-10-24,27.84,19.97,8.27
2011-10-25,25.28,19.65,16.02
2011-10-26,25.4,20.02,10.85
2011-10-27,25.14,19.67,4.54
2011-10-28,27.89,20.36,3.7600000000000002
2011-10-29,26.51,19.77,7.97
2011-10-30,26.31,20.33,6.91
2011-10-31,25.7,20.19,3.5300000000000002
2011-11-01,25.12,20.1,9.15
2011-11-02,25.28,19.97,8.39
2011-11-03,25.08,20.36,11.51
2011-11-04,24.72,20.41,5.6000000000000005
2011-11-05,25.89,19.58,6.33
2011-11-06,27.63,18.32,0.69
2011-11-07,27.74,16.01,0
2011-11-08,26.82,15.3,0
2011-11-09,26.72,16.39,0
2011-11-10,26.62,15.9,0
2011-11-11,27.07,17.18,0
2011-11-12,27.8,16.16,0
2011-11-13,27.45,17.08,0
2011-11-14,27.73,16.44,0
2011-11-15,27.32,16.16,0
2011-11-16,27.44,16.97,0
2011-11-17,25.55,18.56,0.45
2011-11-18,24.79,17.61,0.53
2011-11-19,27.1,13.48,0
2011-11-20,26.88,14.37,0
2011-11-21,26.6,15.95,0
2011-11-22,26.16,15.68,0
2011-11-23,26.71,16.09,0
2011-11-24,26.59,17.73,0.17
2011-11-25,24.7,20.1,4.35
2011-11-26,22.99,20.25,5.5200000000000005
2011-11-27,23.63,20.21,7.74
2011-11-28,23.52,19.9,1.52
2011-11-29,25.21,19.61,3
2011-11-30,26.11,19.67,0.28
2011-12-01,27.92,18.65,0.02
2011-12-02,27.98,18.53,0.01
2011-12-03,27.54,18.6,0.18
2011-12-04,27.67,18.24,0.21
2011-12-05,27.7,15.73,0
2011-12-06,26.89,17.37,0
2011-12-07,26.41,15.28,0
2011-12-08,25.72,17.18,0
2011-12-09,26.47,18.55,1.17
2011-12-10,28.01,20,0.3
2011-12-11,27.16,17.87,0.07
2011-12-12,27.69,17.3,0
2011-12-13,27,16.82,0
2011-12-14,27.29,16.51,0
2011-12-15,25.03,16.52,1.45
2011-12-16,26.19,14.51,0
2011-12-17,25.84,13.54,0
2011-12-18,25.83,14.13,0
2011-12-19,26.52,15.15,0
2011-12-20,24.73,14.74,0
2011-12-21,25.92,14.72,0
2011-12-22,25.33,13.39,0
2011-12-23,24.13,13.2,0
2011-12-24,27.9,12.43,0
2011-12-25,27.74,11.44,0
2011-12-26,27.95,11.48,0
2011-12-27,27.17,12.96,0
2011-12-28,27.93,14.71,0
2011-12-29,26.79,17.27,0.19999999999999998
2011-12-30,19.99,18.05,10.29
2011-12-31,23.46,16.95,0.2
2012-01-01,27.03,18.01,0.01
2012-01-02,27.86,18.06,0.04
2012-01-03,28.85,18.75,0.02
2012-01-04,29.02,19.65,0.01
2012-01-05,28.98,18.08,0
2012-01-06,28.75,15.85,0.01
2012-01-07,29.05,15.38,0
2012-01-08,29.51,16.21,0
2012-01-09,29.27,18.17,0
2012-01-10,28.56,18.73,0.07
2012-01-11,28.11,18.44,0.25
2012-01-12,27.3,17.98,0.23
2012-01-13,27.31,17.07,0
2012-01-14,25.99,12.3,0
2012-01-15,25.88,10.94,0
2012-01-16,27.45,11.64,0
2012-01-17,28.33,12.58,0
2012-01-18,28.88,14.29,0
2012-01-19,28.42,15.14,0
2012-01-20,28.16,15.53,0
2012-01-21,28.6,14.99,0
2012-01-22,27.98,14.53,0
2012-01-23,27.26,15.01,0
2012-01-24,27.33,13.64,0
2012-01-25,26.73,13.13,0
2012-01-26,27.5,14.83,0
2012-01-27,27.75,16.68,0
2012-01-28,27.25,16.91,0
2012-01-29,27.57,16.99,0
2012-01-30,27.33,16.81,0
2012-01-31,27.01,15.17,0
2012-02-01,27.72,14.21,0
2012-02-02,27.25,14.94,0
2012-02-03,27.43,16.19,0
2012-02-04,28.22,15.72,0
2012-02-05,29.24,16.44,0
2012-02-06,30.04,17.61,0
2012-02-07,29.62,17.9,0
2012-02-08,31.01,18.39,0
2012-02-09,30.99,19.19,0
2012-02-10,30.58,18.51,0
2012-02-11,29.68,19.37,0.01
2012-02-12,29.87,18.46,0
2012-02-13,30.23,17.5,0
2012-02-14,30.4,17.19,0
2012-02-15,29.89,17.56,0
2012-02-16,30.98,18.67,0
2012-02-17,30.53,18.84,0
2012-02-18,30.32,16.3,0
2012-02-19,31.09,16.58,0
2012-02-20,31.86,17.96,0
2012-02-21,31.94,18.19,0
2012-02-22,31.37,16.88,0
2012-02-23,31.64,16.4,0
2012-02-24,32.37,16.68,0
2012-02-25,31.82,16.21,0
2012-02-26,31.67,15.77,0
2012-02-27,32.35,15.74,0
2012-02-28,33.87,16.72,0
2012-02-29,32.56,18.76,0
2012-03-01,33.39,20.57,0
2012-03-02,33.59,19.76,0
2012-03-03,33.05,17.96,0
2012-03-04,33.89,18.29,0
2012-03-05,33.24,20.28,0
2012-03-06,32.27,20.86,0
2012-03-07,32.55,21.37,0
2012-03-08,32.06,19.68,0
2012-03-09,31.74,20.1,0
2012-03-10,32.2,20.44,0.01
2012-03-11,31.98,20.24,0
2012-03-12,31.77,21.34,0.01
2012-03-13,31.27,20.97,0.11
2012-03-14,31.14,21.22,0.25
2012-03-15,32.15,20.72,0
2012-03-16,33.23,21.44,0
2012-03-17,33.91,20.88,0
2012-03-18,34.84,21.47,0
2012-03-19,34.6,22.35,0
2012-03-20,34.16,22.48,0
2012-03-21,34.42,22.03,0
2012-03-22,33.85,20.94,0
2012-03-23,34.41,20.7,0
2012-03-24,34.74,18.25,0
2012-03-25,34.51,18.07,0
2012-03-26,34.07,17.76,0
2012-03-27,33.31,18.07,0
2012-03-28,33.6,20.21,0
2012-03-29,35.06,21.4,0
2012-03-30,33.91,20.85,0
2012-03-31,33.04,20.96,0.92
2012-04-01,32.75,20.59,0.05
2012-04-02,32.98,20.6,0
2012-04-03,33.78,19.72,0
2012-04-04,34.65,20.95,0
2012-04-05,34.24,22.01,0
2012-04-06,33.65,22.03,0
2012-04-07,34.14,22.9,0
2012-04-08,34.07,22.96,0.02
2012-04-09,33.83,23.12,0.03
2012-04-10,34.89,23.75,0.02
2012-04-11,34.14,22.59,0.22
2012-04-12,33.96,22.32,0.01
2012-04-13,34.69,22.76,0
2012-04-14,34.94,21.64,0
2012-04-15,35.26,23.01,0
2012-04-16,34.97,24.14,0
2012-04-17,35.91,23.53,0.9600000000000001
2012-04-18,34.35,21.13,0.8300000000000001
2012-04-19,34.26,22.31,0.01
2012-04-20,34.77,23.73,0.01
2012-04-21,34.49,24.12,0.04
2012-04-22,34.96,23.51,0
2012-04-23,35.02,23.25,0.23
2012-04-24,35.35,23.82,0.01
2012-04-25,32.91,20.69,5.6499999999999995
2012-04-26,29.56,22.17,11.42
2012-04-27,30.69,21.27,6.46
2012-04-28,29.01,21.9,8.3
2012-04-29,31.96,22.58,2.67
2012-04-30,30.79,22.72,1.6
2012-05-01,31.93,21.86,0.33
2012-05-02,31.27,22.53,0.75
2012-05-03,32.89,22.07,0
2012-05-04,33.21,21.38,0
2012-05-05,32.83,20.64,0
2012-05-06,32.78,21.33,0
2012-05-07,32.91,22.32,0
2012-05-08,33.17,21.53,0.8
2012-05-09,32.48,22.42,2.16
2012-05-10,30.99,20.87,10.57
2012-05-11,30.35,21.88,21.71
2012-05-12,30.22,21.42,10.84
2012-05-13,29.93,22.23,3.37
2012-05-14,31.84,22.07,2.12
2012-05-15,30.52,20.94,11.84
2012-05-16,30.83,22.17,0.3
2012-05-17,31.79,22.64,0.16
2012-05-18,33.2,22.94,0
2012-05-19,33.71,23.11,0.14
2012-05-20,33.31,23.31,0.26
2012-05-21,31.87,22.16,0.64
2012-05-22,32.85,22.39,0.19
2012-05-23,33.13,22.31,0.09
2012-05-24,32.49,22.19,1.01
2012-05-25,31.86,22.15,0
2012-05-26,29.68,22.14,0.42
2012-05-27,32.13,22.15,3.91
2012-05-28,32.2,22.6,2.5300000000000002
2012-05-29,31.19,22.83,1.22
2012-05-30,32.57,22.1,5.78
2012-05-31,31.61,21.7,0.38
2012-06-01,31.39,22.22,0.16
2012-06-02,33.17,22.23,0
2012-06-03,33.07,21.81,1.11
2012-06-04,33.48,21.62,0.33
2012-06-05,31.35,21.94,0.66
2012-06-06,30.85,21.67,2.58
2012-06-07,30.4,21.14,1.73
2012-06-08,29.25,21.34,2.21
2012-06-09,29.78,21.48,0.33
2012-06-10,30.13,21.16,0.05
2012-06-11,31.15,20.99,0
2012-06-12,29.54,20.79,0.5700000000000001
2012-06-13,32.13,21.57,6.77
2012-06-14,30.46,21.14,0.75
2012-06-15,30.76,21.27,4.36
2012-06-16,29.74,21.32,5.31
2012-06-17,27.75,20.48,4.89
2012-06-18,24.01,19.81,17.97
2012-06-19,28.24,21.24,0.82
2012-06-20,29.73,21.14,0.84
2012-06-21,28.54,20.79,0.56
2012-06-22,29.12,20.65,2.96
2012-06-23,29.91,20.86,0.38
2012-06-24,29.64,20.63,0.39
2012-06-25,29.14,20.77,0.38
2012-06-26,29.11,20.69,6.8999999999999995
2012-06-27,29.03,20.71,0.5599999999999999
2012-06-28,27.03,20.27,3.5100000000000002
2012-06-29,27.97,20.97,2.67
2012-06-30,30.34,20.46,1.33
2012-07-01,25.23,20.46,12.88
2012-07-02,26.88,20.81,10.68
2012-07-03,27.63,21.03,2.47
2012-07-04,29.37,21.27,0.38
2012-07-05,29.68,20.64,0.18
2012-07-06,29.2,21.05,0.22
2012-07-07,28,20.76,1.21
2012-07-08,28.76,21.45,0.2
2012-07-09,29.26,21.32,5.82
2012-07-10,28.16,20.79,4.15
2012-07-11,29.49,21.07,0.74
2012-07-12,29.36,21.53,0.61
2012-07-13,29.78,20.82,0.56
2012-07-14,27.25,21,3.28
2012-07-15,26.46,20.22,7.84
2012-07-16,28.06,20.67,10
2012-07-17,28.96,20,6.33
2012-07-18,26.08,20.91,7.5200000000000005
2012-07-19,27.72,20.62,1.55
2012-07-20,26.29,21.28,4.55
2012-07-21,24.56,21.17,7.46
2012-07-22,26.92,21.71,1.16
2012-07-23,27.68,21.08,1.02
2012-07-24,27.98,21.12,0.63
2012-07-25,28.43,21.07,2.09
2012-07-26,27.72,21.14,1.47
2012-07-27,25.69,21.17,3.82
2012-07-28,27.03,21.32,0.31
2012-07-29,28.47,20.05,0.38
2012-07-30,28.37,19.84,0.21000000000000002
2012-07-31,27.91,19.95,0.05
2012-08-01,27.37,19.96,0
2012-08-02,27.93,20.55,0.55
2012-08-03,26.32,20.77,0.73
2012-08-04,27.53,20.83,1.86
2012-08-05,29.17,21.06,0.73
2012-08-06,25.3,20.59,6.49
2012-08-07,25.42,20.21,9.58
2012-08-08,27.45,20.7,3.57
2012-08-09,26.77,20.44,10.450000000000001
2012-08-10,26.07,20.7,10.77
2012-08-11,25.37,20.26,9.280000000000001
2012-08-12,26.01,20.13,12.35
2012-08-13,28.3,20.17,2.66
2012-08-14,28.85,20.48,0.36000000000000004
2012-08-15,28.79,20.42,1.7
2012-08-16,28.55,19.94,1.32
2012-08-17,27.55,19.65,4.09
2012-08-18,26.65,20.15,0.87
2012-08-19,27.62,19.33,0.21
2012-08-20,28.36,19.68,0.01
2012-08-21,28.34,20.36,0.53
2012-08-22,28.36,20.41,1.1400000000000001
2012-08-23,30.2,20.27,28.2
2012-08-24,27.71,19.94,9.63
2012-08-25,26.62,20.13,8.780000000000001
2012-08-26,24.83,20.06,12.83
2012-08-27,25.12,20.11,0.96
2012-08-28,25.38,20.22,3.49
2012-08-29,25.79,20.35,18.21
2012-08-30,23.4,19.79,17.38
2012-08-31,25.65,20.04,8.36
2012-09-01,27.4,20.54,5.29
2012-09-02,27.79,21.66,3.85
2012-09-03,26.63,20.92,6.18
2012-09-04,25.54,19.99,2.35
2012-09-05,27.28,19.74,0.95
2012-09-06,27.9,19.79,1.27
2012-09-07,27.31,19.93,4.97
2012-09-08,26.06,20.31,6.12
2012-09-09,26.15,20.1,3.76
2012-09-10,26.85,20.23,1.51
2012-09-11,27.73,20.18,0.86
2012-09-12,27.54,20.03,0.84
2012-09-13,28.21,20.05,1.23
2012-09-14,28.17,20.09,0.43
2012-09-15,27.87,19.2,5.07
2012-09-16,28.08,19.97,0.38
2012-09-17,27.59,19.5,0.86
2012-09-18,27.27,19.16,0.27
2012-09-19,28.26,19.2,0.03
2012-09-20,27.49,18.89,0.31
2012-09-21,28.51,19.05,0
2012-09-22,29.2,19.24,0.02
2012-09-23,29.48,19.35,0
2012-09-24,29.03,19.34,0.03
2012-09-25,28.84,19.75,0
2012-09-26,29.44,20.37,0.19
2012-09-27,28.19,19.92,22.39
2012-09-28,26.01,20.25,16.580000000000002
2012-09-29,27.49,20.48,31.82
2012-09-30,26.25,20.56,8
2012-10-01,25.85,20.15,2.4
2012-10-02,27.3,17.8,0
2012-10-03,28.4,17.97,0
2012-10-04,29.12,19.24,0
2012-10-05,29.68,20.66,0
2012-10-06,29.54,20.48,0.27
2012-10-07,27.98,20.7,1.06
2012-10-08,28.14,20.55,3.63
2012-10-09,26.36,18.64,1.9300000000000002
2012-10-10,29.05,18.71,0
2012-10-11,29.44,19.11,0
2012-10-12,28.18,20.39,1.23
2012-10-13,27.98,20.42,9.19
2012-10-14,28.24,20.28,12.48
2012-10-15,26.05,19.43,23.51
2012-10-16,25.61,18.31,1.3
2012-10-17,28.24,18.44,0
2012-10-18,27.69,19.03,0
2012-10-19,25.19,20.1,11.07
2012-10-20,23.44,20.34,15.62
2012-10-21,25.66,19.99,3.54
2012-10-22,26.29,19.29,1.78
2012-10-23,26.18,19.65,0.7999999999999999
2012-10-24,25.66,20.35,2.96
2012-10-25,27.68,19.66,0.6
2012-10-26,28.37,18.84,0
2012-10-27,27.3,17.45,0
2012-10-28,27.23,17.17,0
2012-10-29,25.9,18.77,0.53
2012-10-30,23.94,17.87,6.2700000000000005
2012-10-31,19.25,18.25,60.08
2012-11-01,20.54,18.57,9.31
2012-11-02,24.31,18.69,3.11
2012-11-03,26.33,19.7,6.28
2012-11-04,27.82,20.57,3.27
2012-11-05,26.65,19.99,1.85
2012-11-06,28.63,19.09,0.01
2012-11-07,27.74,19.92,0.62
2012-11-08,27.46,19.41,0.18
2012-11-09,28.48,18.29,0
2012-11-10,28.56,19.34,0.03
2012-11-11,28.23,17.47,0.03
2012-11-12,28.23,16.49,0
2012-11-13,27.61,14.89,0
2012-11-14,26.05,13.37,0
2012-11-15,26.11,13.31,0
2012-11-16,26.08,12.61,0
2012-11-17,26.87,12.7,0
2012-11-18,27.11,13.15,0
2012-11-19,28.41,14.7,0
2012-11-20,29.11,16.87,0.01
2012-11-21,28.62,19.88,0
2012-11-22,26.75,20.72,0.46
2012-11-23,24.49,19.77,13.99
2012-11-24,27.31,18.35,0
2012-11-25,27.96,19.23,0.01
2012-11-26,27.48,18.03,0
2012-11-27,27.47,16.45,0
2012-11-28,27.52,14.79,0
2012-11-29,27.53,14.5,0
2012-11-30,26.84,15.5,0
2012-12-01,27.58,15.78,0
2012-12-02,27.25,16.89,0.07
2012-12-03,25.74,18.82,9.05
2012-12-04,21.6,19.9,17.13
2012-12-05,26.48,19.99,0.38
2012-12-06,26.55,17.5,0.31
2012-12-07,27.12,15.68,0
2012-12-08,27.46,16.06,0
2012-12-09,28.37,15.36,0
2012-12-10,29.04,15.57,0
2012-12-11,28.57,15.45,0
2012-12-12,28.98,16.33,0
2012-12-13,28.45,16.91,0
2012-12-14,27.57,15.33,0
2012-12-15,26.31,14.34,0
2012-12-16,25.33,15.25,0
2012-12-17,25.97,16.72,0
2012-12-18,24.54,15.04,0
2012-12-19,26.59,16.16,0
2012-12-20,27.56,16.06,0
2012-12-21,27.36,15.78,0
2012-12-22,27.68,15.39,0
2012-12-23,26.79,16.75,0
2012-12-24,27.09,15.84,0
2012-12-25,27.83,16.63,0
2012-12-26,27.59,16.67,0
2012-12-27,27.56,16.86,0
2012-12-28,25.84,17.5,0.47000000000000003
2012-12-29,25.91,19.78,1.31
2012-12-30,27.42,20.32,2.33
2012-12-31,28.3,19.93,0.51
2013-01-01,29.83,17.6,0.01
2013-01-02,29.4,17.04,0
2013-01-03,30.71,17.49,0
2013-01-04,30.92,18.26,0
2013-01-05,29.73,18.09,0
2013-01-06,28.69,18.75,0
2013-01-07,29.38,17.67,0
2013-01-08,29.76,17.91,0
2013-01-09,28.91,17.21,0
2013-01-10,28.63,16.52,0
2013-01-11,28.67,16.19,0
2013-01-12,28.25,14.35,0
2013-01-13,28.63,15.19,0
2013-01-14,29.44,14.01,0
2013-01-15,28.71,14.64,0
2013-01-16,28.02,15.27,0
2013-01-17,27.74,14.49,0
2013-01-18,27.54,16.09,0
2013-01-19,28.33,15.88,0
2013-01-20,28.11,17.09,0
2013-01-21,28.56,16.29,0
2013-01-22,28.58,15.42,0
2013-01-23,28.29,14.97,0
2013-01-24,28.52,15.16,0
2013-01-25,28.16,15.2,0
2013-01-26,28.45,15.71,0
2013-01-27,28.27,16.15,0
2013-01-28,28.36,16.48,0
2013-01-29,28.47,17.44,0
2013-01-30,28.13,18.24,0
2013-01-31,28.47,15.74,0
2013-02-01,28.38,15.15,0
2013-02-02,27.7,14.92,0
2013-02-03,28.24,15.89,0
2013-02-04,28.86,17.16,0
2013-02-05,28.86,19.16,0
2013-02-06,28.67,18.76,0.07
2013-02-07,30.63,19.54,0.04
2013-02-08,30.16,18.92,0.18
2013-02-09,30.63,17,0
2013-02-10,29.31,16.53,0
2013-02-11,28.32,17.62,0
2013-02-12,30.1,17.9,0
2013-02-13,28.96,19.04,0.23
2013-02-14,27.69,20.01,0.1
2013-02-15,29.21,20.44,1.8499999999999999
2013-02-16,30.41,20.5,2.67
2013-02-17,30.4,21.21,7.45
2013-02-18,27.63,20.45,3.39
2013-02-19,29.43,19.54,0.21
2013-02-20,30.12,18.34,0
2013-02-21,30.09,16.94,0
2013-02-22,29.71,16.82,0
2013-02-23,30.03,16.29,0
2013-02-24,31.11,17.2,0
2013-02-25,31.12,15.77,0
2013-02-26,31.53,16.72,0
2013-02-27,31.44,17.54,0
2013-02-28,31.61,17.59,0
2013-03-01,31.73,19.77,0
2013-03-02,30.77,18.03,0
2013-03-03,31.84,16.89,0
2013-03-04,31.16,18.37,0
2013-03-05,30.16,20.54,0.01
2013-03-06,28.29,21.05,1.68
2013-03-07,30.24,20.45,5.4
2013-03-08,31.29,21.14,0
2013-03-09,33.15,20.64,0
2013-03-10,33.32,21.04,0
2013-03-11,33.36,20.55,0
2013-03-12,33.12,21.19,0
2013-03-13,33.91,20.63,0
2013-03-14,33.13,19.21,0
2013-03-15,32.18,19.25,0
2013-03-16,32.35,20.08,0
2013-03-17,32.69,20.3,0
2013-03-18,33.2,19.47,0
2013-03-19,33.71,20.25,0
2013-03-20,33.45,20.98,0
2013-03-21,33.74,21.27,0
2013-03-22,33.95,22.87,0
2013-03-23,33.59,20.4,0
2013-03-24,34.25,19.99,0
2013-03-25,34.2,21.87,0
2013-03-26,33.65,23.28,0.04
2013-03-27,34.28,22.54,0.06
2013-03-28,34.81,22.05,0
2013-03-29,34.91,23.44,0
2013-03-30,34.43,24.05,0
2013-03-31,34.33,23.74,0.22
2013-04-01,31.9,22.76,5.88
2013-04-02,32.13,23.21,3.02
2013-04-03,31.56,22.81,0.53
2013-04-04,33.49,24.04,0.09
2013-04-05,33.66,24.67,0
2013-04-06,34.54,21.76,0.01
2013-04-07,35.28,23.08,0
2013-04-08,35.11,24.14,0.01
2013-04-09,34.75,23.45,0
2013-04-10,34.43,21.83,0
2013-04-11,34.58,22.65,0
2013-04-12,35.41,21.29,0
2013-04-13,34.56,22.08,0
2013-04-14,34.91,23.87,0
2013-04-15,33.86,22.61,0.1
2013-04-16,34.95,22.51,0
2013-04-17,35.52,22.55,0
2013-04-18,34.64,22.52,0
2013-04-19,33.49,22.4,0
2013-04-20,33.26,22.62,0
2013-04-21,34.12,22.83,0
2013-04-22,33.04,22.87,0
2013-04-23,33.28,22.87,0.22
2013-04-24,33.81,22.03,3.4499999999999997
2013-04-25,32.99,22.33,8.1
2013-04-26,31.84,22.55,0.88
2013-04-27,33.18,22.91,0.29000000000000004
2013-04-28,33.77,21.89,0.27
2013-04-29,31.99,22.12,0.01
2013-04-30,34.98,21.32,0
2013-05-01,34.2,22.52,0
2013-05-02,34.57,23.34,0
2013-05-03,34.45,23.58,0.59
2013-05-04,34.45,23.11,2.45
2013-05-05,33.28,23.49,2.93
2013-05-06,32.22,23.6,0.16
2013-05-07,33.54,23.61,0.03
2013-05-08,34.67,22.38,0.89
2013-05-09,34.48,23.01,3.57
2013-05-10,33.75,22.91,0.45
2013-05-11,33.54,22.78,7.05
2013-05-12,32.13,22.82,1.3800000000000001
2013-05-13,32.85,22.37,0.27
2013-05-14,31.81,22.22,0
2013-05-15,32.8,21.74,0
2013-05-16,32.44,22.5,0.09
2013-05-17,33.94,24.02,0.04
2013-05-18,33.91,22.12,6.13
2013-05-19,32.8,21.98,22.4
2013-05-20,31.64,20.17,82.06
2013-05-21,30.65,22.17,1.3800000000000001
2013-05-22,31.77,22.21,2.61
2013-05-23,31.71,21.73,0.4
2013-05-24,31.59,22.1,0
2013-05-25,31.14,21.75,0.30000000000000004
2013-05-26,30.95,21.17,0.9
2013-05-27,29.8,22.02,13.67
2013-05-28,28.13,21.49,12.47
2013-05-29,29.55,22.2,3.59
2013-05-30,29.2,20.96,17.24
2013-05-31,28.78,19.39,15.809999999999999
2013-06-01,24.47,20.62,7.76
2013-06-02,26.05,19.8,14.98
2013-06-03,27.36,20.73,1.08
2013-06-04,28.82,20.58,2.55
2013-06-05,28.88,21.15,2.74
2013-06-06,28.01,21.24,6.81
2013-06-07,27.83,20.69,5.41
2013-06-08,26.61,20.54,1.35
2013-06-09,28.65,20.58,0.08
2013-06-10,27.8,21.65,4.74
2013-06-11,26.77,20.9,14.47
2013-06-12,26.17,20.41,1.83
2013-06-13,27.68,21.28,0.59
2013-06-14,27.49,21.94,3.79
2013-06-15,28.35,21.29,2
2013-06-16,27.7,21.2,1.77
2013-06-17,26.87,20.82,10.540000000000001
2013-06-18,25.49,20.83,3.31
2013-06-19,27.32,20.89,5.71
2013-06-20,26.91,21.35,5.33
2013-06-21,27.81,21.49,1
2013-06-22,25.57,21.31,7.91
2013-06-23,27.39,21.65,3.2800000000000002
2013-06-24,26.99,21.54,3.73
2013-06-25,26.95,21,5.36
2013-06-26,26.74,21.04,5.3
2013-06-27,26.94,19.95,7.91
2013-06-28,27.59,19.52,0.68
2013-06-29,27.85,19.55,1.96
2013-06-30,27.46,20.37,0.72
2013-07-01,26.58,20.04,0.55
2013-07-02,26.76,20.44,9.08
2013-07-03,26.62,20.7,4.41
2013-07-04,27.17,21.37,2.35
2013-07-05,26.89,21.66,0.97
2013-07-06,27.48,21.02,1.52
2013-07-07,27.46,20.56,8.89
2013-07-08,27.93,21.03,4.77
2013-07-09,26.85,20.64,2.75
2013-07-10,26.4,20.08,4.3
2013-07-11,25.28,19.76,7.47
2013-07-12,24.09,20.5,4.74
2013-07-13,27.93,20.84,3.04
2013-07-14,27.72,20.74,1.84
2013-07-15,26.83,21.05,8.28
2013-07-16,26.71,20.63,8.56
2013-07-17,27.52,20.87,3.07
2013-07-18,25.27,20.34,5.9
2013-07-19,23.32,19.7,8.8
2013-07-20,25.19,20.35,5.32
2013-07-21,24.2,20.55,6.62
2013-07-22,25.14,20.41,3.62
2013-07-23,26.51,19.61,5.64
2013-07-24,24.8,20.73,7.59
2013-07-25,25.97,20.76,1.6
2013-07-26,27.1,20.2,2.01
2013-07-27,25.65,20.57,0.47000000000000003
2013-07-28,25.28,20.26,9.38
2013-07-29,26.92,19.52,0.55
2013-07-30,26.19,20.81,0.93
2013-07-31,26.24,20.96,0.6
2013-08-01,25.62,21.43,2.99
2013-08-02,26.74,20.74,1.37
2013-08-03,26.9,20.93,3.42
2013-08-04,27.21,20.32,2.5
2013-08-05,25.99,20.4,5.17
2013-08-06,26.4,20.7,3.84
2013-08-07,26.85,20.43,0.9400000000000001
2013-08-08,27.48,20.27,1.26
2013-08-09,28.1,20.29,1.12
2013-08-10,26.62,19.58,6.7299999999999995
2013-08-11,27.34,19.89,1.9000000000000001
2013-08-12,25.55,20.72,2.72
2013-08-13,26.3,20.39,8.99
2013-08-14,25.96,19.38,6.92
2013-08-15,24.12,20.11,13.68
2013-08-16,24.94,19.77,14.959999999999999
2013-08-17,25.34,20.35,4.68
2013-08-18,24.38,20.32,10.200000000000001
2013-08-19,26.16,20.62,2.5
2013-08-20,26.81,21.19,4.19
2013-08-21,27.08,20.02,1.46
2013-08-22,27.82,20.67,0.76
2013-08-23,27.22,20.17,0.99
2013-08-24,27.66,20.64,1.3800000000000001
2013-08-25,27.59,20,0.77
2013-08-26,27.68,20.11,0.18
2013-08-27,28.7,20.34,0.61
2013-08-28,28.46,21.11,0.27
2013-08-29,29,21.01,0.56
2013-08-30,29.31,21.43,4.06
2013-08-31,29.3,20.35,11.62
2013-09-01,29.69,20.62,14.98
2013-09-02,30.09,19.74,15.18
2013-09-03,28.38,19.97,10.52
2013-09-04,27.78,20.24,10.89
2013-09-05,27.42,19.92,6.75
2013-09-06,26.93,20.03,4.75
2013-09-07,25.97,20.07,11.67
2013-09-08,25.31,19.73,3.42
2013-09-09,26.11,19.85,5.28
2013-09-10,26.2,19.92,3.82
2013-09-11,25.3,20.41,11.28
2013-09-12,24.97,19.91,41
2013-09-13,26.47,20.53,5.08
2013-09-14,28.56,20.5,10.47
2013-09-15,27.84,21.02,0.89
2013-09-16,26.68,21.04,12.31
2013-09-17,28.67,20.59,20.29
2013-09-18,26.96,20.68,6.5
2013-09-19,28.13,21.05,1.11
2013-09-20,24.98,20.96,5.21
2013-09-21,27.7,20.15,1.26
2013-09-22,27.32,18.65,0.09
2013-09-23,28.22,18.86,0.02
2013-09-24,27.16,18.8,0.27
2013-09-25,27.17,19.2,0.39
2013-09-26,28.88,19.42,0
2013-09-27,29.23,20.45,0.04
2013-09-28,27.57,18.86,0.16
2013-09-29,27.23,19.43,0.08
2013-09-30,26.51,19.72,2.2
2013-10-01,27.68,20.29,0.31
2013-10-02,27.5,20.22,0.57
2013-10-03,28.07,18.61,0.11
2013-10-04,28.46,17.81,0
2013-10-05,26.59,19.48,1.36
2013-10-06,26.76,20.32,0.99
2013-10-07,29.02,20.52,7.3500000000000005
2013-10-08,27.9,20.14,11.11
2013-10-09,26.07,19.78,5.83
2013-10-10,26.98,19.36,0.27999999999999997
2013-10-11,27.43,19,0
2013-10-12,26.71,19.81,0.09
2013-10-13,27.27,20.2,0.77
2013-10-14,27.94,20.46,0.62
2013-10-15,27.53,20.42,4.34
2013-10-16,27.71,20.04,9.209999999999999
2013-10-17,28.82,20.19,2.84
2013-10-18,28.91,18.43,4.9
2013-10-19,28.64,19.58,3.67
2013-10-20,27.48,19.7,2.97
2013-10-21,25.64,19.47,2.17
2013-10-22,22.44,19.96,5.91
2013-10-23,25.08,20.57,5.5
2013-10-24,24.78,20.67,13.71
2013-10-25,25.82,19.92,3.62
2013-10-26,27.32,20.38,0.67
2013-10-27,26.95,19.87,0.13
2013-10-28,26.26,21.14,5.08
2013-10-29,27.76,21.16,0.51
2013-10-30,27.03,18.83,0.49
2013-10-31,27.46,18.98,0.06999999999999999
2013-11-01,28.17,20.4,0.4
2013-11-02,27.92,20.83,1.69
2013-11-03,27.49,19.91,1.73
2013-11-04,27.16,18.87,1.67
2013-11-05,27.45,19.54,0.01
2013-11-06,27.56,19.64,0
2013-11-07,28.36,19.49,0.02
2013-11-08,27.35,17.56,0.02
2013-11-09,27.49,17.71,0
2013-11-10,27.85,18.56,0
2013-11-11,27.62,18.36,0
2013-11-12,27.58,17.76,0
2013-11-13,27.55,16.98,0
2013-11-14,27.42,15.58,0
2013-11-15,26.69,16.76,0
2013-11-16,23.08,18.16,6.1
2013-11-17,25.2,19.08,1.43
2013-11-18,27.38,18.73,8.29
2013-11-19,28.52,17.6,0
2013-11-20,28.74,16.12,0
2013-11-21,29,16.84,0
2013-11-22,28.9,18.39,0
2013-11-23,28.25,20.29,0.88
2013-11-24,27.27,20.21,0.55
2013-11-25,27.8,19.97,0.49
2013-11-26,28.98,19,0.13
2013-11-27,28.85,17.64,0.09
2013-11-28,27.75,16.89,0.06
2013-11-29,28,18.33,0.09
2013-11-30,28.87,19.37,0
2013-12-01,27.64,19.54,0.72
2013-12-02,27.13,18.31,5.44
2013-12-03,27.57,16.95,0.22
2013-12-04,27.18,17.59,0
2013-12-05,27.51,15.04,0
2013-12-06,26.97,15.71,0
2013-12-07,26.16,16.23,0
2013-12-08,27.4,16.91,0
2013-12-09,28.19,12.78,0
2013-12-10,28.5,14.46,0
2013-12-11,28.78,15.95,0
2013-12-12,25.59,19.33,0.1
2013-12-13,26.81,19.62,0.24
2013-12-14,27.54,17.2,0.08
2013-12-15,29.16,14.02,0
2013-12-16,27.31,13.84,0
2013-12-17,26.34,14.12,0
2013-12-18,25.9,14.01,0
2013-12-19,26.59,13.46,0
2013-12-20,27.6,14.95,0
2013-12-21,27.64,14.33,0
2013-12-22,26.39,15.94,0.01
2013-12-23,25.44,14.99,0.03
2013-12-24,25.31,15.84,0.03
2013-12-25,26.67,15.03,0
2013-12-26,26.48,14.44,0
2013-12-27,26.68,16.08,0
2013-12-28,26.24,14.97,0
2013-12-29,26.52,14.21,0
2013-12-30,26.85,15.23,0
2013-12-31,25.45,16.37,0.02
2014-01-01,25.03,16.58,0.06
2014-01-02,25.88,14.65,0
2014-01-03,27.76,15.41,0
2014-01-04,25.74,15.68,0
2014-01-05,28.43,14.64,0
2014-01-06,29.11,15.46,0
2014-01-07,28.39,14.96,0
2014-01-08,27.5,15.89,0
2014-01-09,27.57,17.24,0
2014-01-10,27.94,16.68,0
2014-01-11,28,15.87,0
2014-01-12,28.74,16.13,0
2014-01-13,28.35,17.24,0
2014-01-14,28.16,16.96,0
2014-01-15,27.84,17.48,0
2014-01-16,27.37,17.67,0.04
2014-01-17,27.84,16.77,0
2014-01-18,27.64,16.43,0
2014-01-19,28.21,17.62,0
2014-01-20,26.97,15.31,0
2014-01-21,26.49,16.22,0
2014-01-22,26.36,15.33,0
2014-01-23,27.24,16.42,0
2014-01-24,28.04,16.57,0
2014-01-25,27.57,15.91,0
2014-01-26,26.67,14.88,0
2014-01-27,26.04,15.6,0
2014-01-28,26.31,16.7,0
2014-01-29,27.1,15.58,0
2014-01-30,26.69,15.99,0
2014-01-31,28.11,16.35,0
2014-02-01,27.71,17.23,0.01
2014-02-02,28.13,16.64,0
2014-02-03,29.34,16.35,0
2014-02-04,29.79,15.95,0
2014-02-05,30.42,16.38,0
2014-02-06,30.41,16.5,0
2014-02-07,29.9,15.82,0
2014-02-08,30.06,16.25,0
2014-02-09,30.15,17.04,0
2014-02-10,29.81,17.25,0
2014-02-11,29.69,17.57,0
2014-02-12,29.23,18.15,0
2014-02-13,29.56,18.4,0
2014-02-14,28.79,19.3,0
2014-02-15,27.85,20.05,0.37
2014-02-16,28.84,19.18,0.12
2014-02-17,29.76,19.72,0.05
2014-02-18,27.85,19.37,0.2
2014-02-19,28.23,18.92,0.13
2014-02-20,28.4,19.18,0.13
2014-02-21,29.72,19.02,0.05
2014-02-22,29.7,17.91,0.08
2014-02-23,30.33,17.23,0
2014-02-24,29.23,18.17,0.04
2014-02-25,28.02,19.2,0.27
2014-02-26,30.36,17.94,0.01
2014-02-27,31.29,18.36,0
2014-02-28,29.44,20.02,0.37
2014-03-01,29.02,20.48,2.9
2014-03-02,29.57,20.93,0.39
2014-03-03,28.25,20.53,2.4
2014-03-04,29.01,20.63,1.32
2014-03-05,29.07,20.6,0.68
2014-03-06,28.44,20.54,0.8300000000000001
2014-03-07,28.57,19.2,1.59
2014-03-08,31.03,18.7,0
2014-03-09,28.5,19.47,0
2014-03-10,30.66,19.63,0.24
2014-03-11,30.34,18.9,0
2014-03-12,30.38,18.13,0
2014-03-13,31.49,18.13,0
2014-03-14,32.14,18.03,0
2014-03-15,32.49,18.5,0
2014-03-16,32.97,19.38,0
2014-03-17,33.7,19.93,0
2014-03-18,34.11,19.92,0
2014-03-19,33.86,19.81,0
2014-03-20,34.68,21.29,0
2014-03-21,34.58,22.24,0
2014-03-22,33.67,22.9,0
2014-03-23,34.57,21.51,0
2014-03-24,34.33,20.87,0
2014-03-25,34.54,21.13,0
2014-03-26,33.81,19.93,0
2014-03-27,34.22,19.7,0
2014-03-28,33.84,20.64,0
2014-03-29,35.63,21.19,0
2014-03-30,35.75,21.94,0
2014-03-31,35.5,21.94,0
2014-04-01,35.42,22.76,0
2014-04-02,34.43,22,0
2014-04-03,35.09,21.57,0
2014-04-04,34.64,21.5,0
2014-04-05,35.18,22.03,0
2014-04-06,35.83,22.33,0
2014-04-07,35.71,22.82,0
2014-04-08,35.84,23.31,0
2014-04-09,33.42,21.63,0.63
2014-04-10,33.46,22.17,1.77
2014-04-11,34.72,23.23,0.13
2014-04-12,32.42,23.07,0.14
2014-04-13,33.39,23.68,0.9
2014-04-14,33.05,22.83,0.53
2014-04-15,33.12,22.46,0.14
2014-04-16,34.12,22.9,0.01
2014-04-17,33.55,23.22,0.29
2014-04-18,33.61,22.46,2.55
2014-04-19,34.79,23.58,0.02
2014-04-20,35.24,21.4,0
2014-04-21,35.48,21.84,0
2014-04-22,35.79,22.42,0
2014-04-23,35.61,22.94,0
2014-04-24,36.83,23.66,0
2014-04-25,36.84,24.46,0
2014-04-26,35.69,24.51,0.18
2014-04-27,35.94,24.99,0.02
2014-04-28,35.86,24.47,0.07
2014-04-29,36.63,24.64,0
2014-04-30,36.4,25.05,0
2014-05-01,36.28,25.05,0.03
2014-05-02,36.22,24.06,0.36
2014-05-03,34.77,23.62,1.26
2014-05-04,35.02,23.95,3.3499999999999996
2014-05-05,33.99,23.4,1.1500000000000001
2014-05-06,32.89,21.95,8.57
2014-05-07,29.52,21.49,9.22
2014-05-08,25.39,21.17,15.459999999999999
2014-05-09,28.3,21.19,24.09
2014-05-10,31.68,22.76,0.09
2014-05-11,32.46,22.47,0.23
2014-05-12,34.35,22.69,0
2014-05-13,34.36,23.14,0
2014-05-14,34.55,23.56,0
2014-05-15,34.3,22.82,0
2014-05-16,34.76,22.67,0
2014-05-17,33.78,23.68,2.8000000000000003
2014-05-18,34.53,24.62,0.77
2014-05-19,35.33,22.53,0.38
2014-05-20,32.05,21.91,26.72
2014-05-21,32.18,22.14,1.3
2014-05-22,33.26,22.82,6.3
2014-05-23,34.5,22.66,0.1
2014-05-24,33.76,22.51,0.27
2014-05-25,33.73,22.89,0.15
2014-05-26,32.58,23.25,0.5700000000000001
2014-05-27,31.22,22.11,20.85
2014-05-28,32.96,21.77,12.73
2014-05-29,32.83,22.59,0.21000000000000002
2014-05-30,32.61,23.1,5.6
2014-05-31,32.9,22.6,8.959999999999999
2014-06-01,32.31,23.38,13.8
2014-06-02,31.6,20.82,23.64
2014-06-03,28.86,20.86,2.2600000000000002
2014-06-04,31.64,22.87,1.28
2014-06-05,32.07,22.25,4.62
2014-06-06,31.64,23.13,4.34
2014-06-07,32.28,22.7,0.47
2014-06-08,31.73,22,0.44
2014-06-09,28.92,22.21,1.95
2014-06-10,29.55,22.78,1.05
2014-06-11,30.97,21.8,0.54
2014-06-12,30.39,22.39,1.55
2014-06-13,29.35,21.61,6.109999999999999
2014-06-14,29.82,21.65,0.1
2014-06-15,29.1,21.32,0.44
2014-06-16,31.07,22.36,0.19
2014-06-17,29.43,22.99,0.59
2014-06-18,28.15,22.2,1.17
2014-06-19,29.64,22.48,0.34
2014-06-20,29.88,22.88,0.5800000000000001
2014-06-21,29.83,22.6,1.39
2014-06-22,29.99,22.7,0.44
2014-06-23,30.14,22.03,0.5
2014-06-24,31.83,22.05,0.16
2014-06-25,31.44,21.47,0.09
2014-06-26,31.13,22.52,0
2014-06-27,31.72,23.51,0.23
2014-06-28,32.06,23.18,0.75
2014-06-29,32.93,23.07,1.68
2014-06-30,31.61,22.04,1.82
2014-07-01,31.69,22.36,0.35
2014-07-02,31.5,21.91,1.0899999999999999
2014-07-03,31.09,21.61,0.13
2014-07-04,30.73,22.2,6.08
2014-07-05,28.9,21.56,13.61
2014-07-06,26.3,21.29,10.67
2014-07-07,29.29,21.17,9.5
2014-07-08,27.48,22.07,8.87
2014-07-09,29.07,21.77,3.29
2014-07-10,26.91,19.68,4.05
2014-07-11,27.13,20.89,0.8
2014-07-12,26.16,21.02,1.6
2014-07-13,24.51,20.98,4.6
2014-07-14,25.81,21.05,7.45
2014-07-15,25.8,20.94,4.74
2014-07-16,28.79,21.13,1.08
2014-07-17,27.96,20.73,0.32
2014-07-18,27.63,21.26,0.86
2014-07-19,25.58,21.42,0.96
2014-07-20,26.2,21.85,0.3
2014-07-21,27.1,21.87,0.66
2014-07-22,28.27,21.63,2.15
2014-07-23,27.16,21.11,4.73
2014-07-24,27.98,21.2,1.59
2014-07-25,27.77,21.62,2.0100000000000002
2014-07-26,28.67,21.22,1.32
2014-07-27,28.75,22.36,3.28
2014-07-28,27.87,22.34,0.17
2014-07-29,28.44,21.44,0.28
2014-07-30,27.32,21.16,2.97
2014-07-31,27.19,21.54,7.75
2014-08-01,27.02,21.2,19.8
2014-08-02,26.34,21.49,3.9899999999999998
2014-08-03,27.82,21.92,2.67
2014-08-04,27.21,21.74,1.1500000000000001
2014-08-05,27.45,21.31,1.8800000000000001
2014-08-06,27.44,21.4,4.94
2014-08-07,27.61,21.83,5.42
2014-08-08,27.71,21.05,0.87
2014-08-09,28.36,21.17,3.99
2014-08-10,28.09,21.43,7.47
2014-08-11,28.36,21.24,7.75
2014-08-12,26.38,20.33,7.58
2014-08-13,27.88,20.79,1.08
2014-08-14,28.81,20.93,1.77
2014-08-15,28.82,20.74,0.26
2014-08-16,28.31,20.49,0.25
2014-08-17,28.54,20.91,6.72
2014-08-18,28.98,20.79,12.81
2014-08-19,28.82,21.07,18.919999999999998
2014-08-20,30.65,21.48,5.88
2014-08-21,30.79,21.38,3.88
2014-08-22,31,21.55,2.09
2014-08-23,28.88,21.2,9.57
2014-08-24,28.37,21.21,0.98
2014-08-25,27.24,21.01,0.12
2014-08-26,27.82,20.87,3.16
2014-08-27,25.1,20.59,10.38
2014-08-28,25.08,20.38,6.26
2014-08-29,24.64,20.98,1.07
2014-08-30,27.47,21.5,0.64
2014-08-31,27.16,21.55,1.73
2014-09-01,26.9,21.44,2.69
2014-09-02,27.16,20.63,8.01
2014-09-03,28.99,21.28,6.09
2014-09-04,28.26,21.23,3.19
2014-09-05,28.02,21.33,1.32
2014-09-06,27.13,21.11,2.33
2014-09-07,27.18,20.69,1.08
2014-09-08,28.53,20.4,0.4
2014-09-09,29.33,20,0.64
2014-09-10,28.86,20.21,0.12
2014-09-11,29.32,20.62,0.06
2014-09-12,29.59,20.41,0
2014-09-13,28.5,20.99,0.25
2014-09-14,28.73,21.07,2.43
2014-09-15,29.61,20.71,0.97
2014-09-16,27.79,20.75,2.08
2014-09-17,27.36,20.75,1.08
2014-09-18,27.05,20.76,13.31
2014-09-19,27.31,20.54,2.11
2014-09-20,26.27,20.33,0.48
2014-09-21,27.72,21.03,0.55
2014-09-22,29.81,20.9,6.82
2014-09-23,29.91,20.88,6.68
2014-09-24,29.06,20.91,17.59
2014-09-25,29.92,21.01,11.39
2014-09-26,29.86,21.28,8.3
2014-09-27,30.42,22.28,0.2
2014-09-28,29.61,21.57,9.43
2014-09-29,29.59,22.29,3.09
2014-09-30,29.67,21.13,6.41
2014-10-01,29.75,20.25,0.26
2014-10-02,31.37,20.37,0
2014-10-03,30.39,21.16,0.46
2014-10-04,30.78,20.85,11.36
2014-10-05,30.58,19.92,5.31
2014-10-06,29.76,20.57,16.45
2014-10-07,28.38,20.69,12.530000000000001
2014-10-08,26.9,20.66,1.77
2014-10-09,29.54,21.01,8.84
2014-10-10,29.58,20.97,7.75
2014-10-11,28.31,21.71,8.22
2014-10-12,28.17,20.78,0.89
2014-10-13,29.63,19.57,0
2014-10-14,30.16,21.36,0.12
2014-10-15,29.13,21.87,0.27
2014-10-16,28.84,20.51,0.98
2014-10-17,27.72,20.67,1.88
2014-10-18,25.7,20.19,5.89
2014-10-19,23.68,20.41,8.51
2014-10-20,24.08,20.53,11.84
2014-10-21,26.9,20.04,1.26
2014-10-22,26.97,19.99,1.97
2014-10-23,26.01,19.71,5.7
2014-10-24,26.75,20.92,8.63
2014-10-25,27.1,20.29,16.22
2014-10-26,27.11,20.64,8.51
2014-10-27,27.61,21.12,22.34
2014-10-28,27.68,19.4,3.3800000000000003
2014-10-29,28.26,18.76,0.11
2014-10-30,27.79,17.72,0
2014-10-31,27.23,18.77,0.01
2014-11-01,25.32,19.81,1.77
2014-11-02,24.84,18.72,1.1
2014-11-03,27.2,17.51,0.01
2014-11-04,26.19,16.86,0
2014-11-05,26.65,15.76,0
2014-11-06,28.11,17.55,0
2014-11-07,28.74,18.17,0
2014-11-08,28.26,19.1,0
2014-11-09,28.16,19.69,0.02
2014-11-10,29.46,20.97,0.21
2014-11-11,29.91,20.19,0.07
2014-11-12,27.53,20.33,8.21
2014-11-13,22.51,20.13,18.91
2014-11-14,25.55,20.21,2.9
2014-11-15,27.86,18.43,0.92
2014-11-16,28.5,18.21,0.01
2014-11-17,28.28,16.66,0
2014-11-18,27.82,18.44,0
2014-11-19,28.43,18,0
2014-11-20,28,17.63,0
2014-11-21,28.45,17.3,0
2014-11-22,27.03,18.87,0.14
2014-11-23,29.02,17.62,0
2014-11-24,28.49,18.79,0
2014-11-25,26.89,16.72,0
2014-11-26,27.18,16.25,0
2014-11-27,27.85,15.63,0
2014-11-28,25.78,16.46,0
2014-11-29,26.33,17.77,0.06
2014-11-30,25.78,18.16,4.57
2014-12-01,27.39,17.34,0
2014-12-02,27.42,15.17,0
2014-12-03,28.09,15.12,0
2014-12-04,28.36,14.95,0
2014-12-05,27.85,15.89,0
2014-12-06,27.62,16.95,0
2014-12-07,28.74,18.88,0.02
2014-12-08,28.94,19.57,0.27
2014-12-09,29.58,20.32,0
2014-12-10,28.2,20.22,2.09
2014-12-11,27.26,21.08,1.04
2014-12-12,28.04,19.56,1.54
2014-12-13,25.91,19.92,0.28
2014-12-14,26.55,20.22,6.01
2014-12-15,28.11,19.09,0.99
2014-12-16,28.42,19.54,0.18
2014-12-17,25.82,18.37,0.61
2014-12-18,25.35,19.39,0.16
2014-12-19,24.96,18.71,0.4
2014-12-20,26.83,17.78,0
2014-12-21,28.33,17.71,0
2014-12-22,27.66,17.06,0
2014-12-23,27.97,18.46,0
2014-12-24,28.38,17.26,0
2014-12-25,27.65,14.74,0
2014-12-26,26.37,14.4,0
2014-12-27,27.26,16.33,0.04
2014-12-28,25.35,18.63,4.53
2014-12-29,25.57,18.35,2
2014-12-30,28.35,18.11,0.07
2014-12-31,29.23,19.13,1.55
2015-01-01,28.21,19.56,3.5
2015-01-02,28.46,19.95,0.8200000000000001
2015-01-03,28.23,18.35,0.11
2015-01-04,29.07,19.1,0
2015-01-05,28.43,18.25,0
2015-01-06,27.67,18.25,0
2015-01-07,27.81,18.11,0.03
2015-01-08,27.59,19.22,0
2015-01-09,27.12,17.64,0.01
2015-01-10,28.23,13.14,0
2015-01-11,27.65,14.02,0
2015-01-12,27.18,13.78,0
2015-01-13,27.41,13.97,0
2015-01-14,27.35,14.83,0
2015-01-15,27.57,16.47,0
2015-01-16,28.13,17.59,0
2015-01-17,28.31,16.51,0
2015-01-18,28.52,16.29,0
2015-01-19,28.56,16.42,0
2015-01-20,28.47,16.1,0
2015-01-21,27.94,15.93,0
2015-01-22,29.07,17.38,0.01
2015-01-23,28.2,18.52,0
2015-01-24,27.19,18.86,0.57
2015-01-25,29.73,15.91,0
2015-01-26,28.72,16.24,0
2015-01-27,28.52,17.65,0
2015-01-28,27.83,18.22,0
2015-01-29,29.21,19.04,0
2015-01-30,28.98,17.56,0
2015-01-31,29.67,16.9,0
2015-02-01,29.05,18.08,0
2015-02-02,28.23,15.75,0
2015-02-03,29.07,15.95,0
2015-02-04,28.74,16.94,0
2015-02-05,29.13,16.76,0
2015-02-06,29.29,16.75,0
2015-02-07,29.71,16.74,0
2015-02-08,30.13,16.31,0
2015-02-09,29.82,15.57,0
2015-02-10,28.77,16.28,0
2015-02-11,29.36,18.5,0.02
2015-02-12,30.06,18.77,0
2015-02-13,30.25,18.53,0
2015-02-14,31.41,18.12,0
2015-02-15,31.4,18.62,0
2015-02-16,31.01,17.73,0
2015-02-17,31.01,17.56,0
2015-02-18,31.86,18.58,0
2015-02-19,31.12,17.88,0
2015-02-20,30.58,18.05,0
2015-02-21,30.29,17.47,0
2015-02-22,30.32,18.05,0
2015-02-23,30.65,16.53,0
2015-02-24,30.8,16.96,0
2015-02-25,31.31,17.63,0
2015-02-26,32.11,19.46,0
2015-02-27,31.23,21.68,0.09
2015-02-28,31.11,20.78,2.9899999999999998
2015-03-01,31.51,22.17,1.49
2015-03-02,31.53,21.94,0.63
2015-03-03,30.09,20.2,1.6300000000000001
2015-03-04,29.29,20.82,6.44
2015-03-05,30.77,21.49,1.74
2015-03-06,30.21,20.75,3.21
2015-03-07,30.34,20.63,3.36
2015-03-08,30.78,19.63,0.07
2015-03-09,30.3,19.6,0.03
2015-03-10,31.47,16.1,0
2015-03-11,30.51,18.08,0
2015-03-12,30.78,19.02,0
2015-03-13,31.13,18.03,0
2015-03-14,31.76,19.46,0
2015-03-15,30.62,22.49,0.52
2015-03-16,32.47,20.1,0.01
2015-03-17,33.64,19.44,0
2015-03-18,33.53,20.22,0
2015-03-19,33.51,19.76,0
2015-03-20,33.73,20.46,0
2015-03-21,33.94,21.14,0
2015-03-22,34.74,21.34,0
2015-03-23,34.22,23.31,0
2015-03-24,34.91,21.84,0
2015-03-25,33.98,21.62,0
2015-03-26,34.17,20.48,0
2015-03-27,33.83,20.49,0
2015-03-28,33.95,20.44,0
2015-03-29,34.4,21.1,0
2015-03-30,34.33,21.34,0
2015-03-31,33.42,22.76,0
2015-04-01,32.8,23.23,2.08
2015-04-02,32.92,24.2,0.19
2015-04-03,33.96,23.06,0.05
2015-04-04,34.17,24.86,0.03
2015-04-05,34.81,24.58,0.2
2015-04-06,34.28,24.1,0.36
2015-04-07,34.32,23.99,0.22999999999999998
2015-04-08,34.54,23.59,0.02
2015-04-09,34.96,23.58,0.13
2015-04-10,33.9,23.33,0.46
2015-04-11,33.06,22.9,0.7100000000000001
2015-04-12,30.31,20.47,23.91
2015-04-13,28.19,19.05,18.54
2015-04-14,28.2,20.37,14.700000000000001
2015-04-15,28.21,20.34,1.45
2015-04-16,29.46,20.47,3.4699999999999998
2015-04-17,29.67,20.27,0.31
2015-04-18,30.13,21.31,0.47000000000000003
2015-04-19,31.21,21.92,0.03
2015-04-20,31.28,22.25,0.05
2015-04-21,32.05,22.97,0.85
2015-04-22,33.16,23.3,1.8699999999999999
2015-04-23,31,20.32,5.99
2015-04-24,31.5,20.4,7.15
2015-04-25,30.44,20.51,0.85
2015-04-26,30.24,21,5.609999999999999
2015-04-27,31.09,21.67,0.03
2015-04-28,33.01,22.13,0.02
2015-04-29,31.94,22.01,0.39
2015-04-30,33.27,21.58,6.75
2015-05-01,32.78,23.2,0.03
2015-05-02,32.6,21.55,3.57
2015-05-03,31.97,22.19,6.4799999999999995
2015-05-04,31.74,21.74,1.58
2015-05-05,32.36,22.52,0.09
2015-05-06,30.95,21.78,3.3
2015-05-07,32.53,22.06,1.31
2015-05-08,33.74,23.01,0.15
2015-05-09,34.85,23.8,0.07
2015-05-10,32.45,22.65,0.43000000000000005
2015-05-11,32.55,22.48,1.05
2015-05-12,29.07,22.07,0.03
2015-05-13,29.62,22.05,3.07
2015-05-14,28.34,22.75,8.1
2015-05-15,29.51,22.37,5.45
2015-05-16,27.72,21.01,20.73
2015-05-17,30.46,20.86,14.12
2015-05-18,31.27,21.21,14.25
2015-05-19,31.57,22.46,8.3
2015-05-20,32.96,23.04,0.67
2015-05-21,32.14,23.27,0.67
2015-05-22,31.99,23.31,2.62
2015-05-23,31.68,22.95,5.42
2015-05-24,32.75,22.92,0.35
2015-05-25,32.88,22.27,0
2015-05-26,32.02,23.27,0.05
2015-05-27,30.81,20.78,0.86
2015-05-28,29.17,22.06,0.17
2015-05-29,29.55,20.75,12.24
2015-05-30,32.55,22.51,5.54
2015-05-31,31.94,21.43,38.4
2015-06-01,29.68,21.55,14.36
2015-06-02,30.89,21.06,7.71
2015-06-03,30.05,21.68,6.21
2015-06-04,28.72,20.94,9.07
2015-06-05,30.94,21.74,6.83
2015-06-06,30.63,22.48,0.33
2015-06-07,31.07,22.13,2.26
2015-06-08,29.62,21.19,2.69
2015-06-09,29.71,21.46,0.58
2015-06-10,31.24,21.81,0.03
2015-06-11,29.06,20.72,9.26
2015-06-12,28.4,20.79,5.66
2015-06-13,29.16,20.8,2.35
2015-06-14,27.67,20.43,7.32
2015-06-15,27.79,21.5,0.79
2015-06-16,27.93,20.93,4.55
2015-06-17,26.97,20.92,0.8
2015-06-18,25.92,20.58,5.08
2015-06-19,25.63,21.17,3.52
2015-06-20,26.42,22.15,4.85
2015-06-21,26.49,21.78,1.82
2015-06-22,28.34,21.74,0.65
2015-06-23,26.81,21.59,1.52
2015-06-24,28.75,22.23,0.81
2015-06-25,29.81,22.53,0.74
2015-06-26,28.32,22.61,0.63
2015-06-27,28.85,22.68,0.74
2015-06-28,29.48,20.92,0.8600000000000001
2015-06-29,29.88,20.64,2.17
2015-06-30,29.72,20.75,0.56
2015-07-01,28.95,20.68,0.4
2015-07-02,29.19,20.73,0.47000000000000003
2015-07-03,28.6,21.52,3.28
2015-07-04,29.66,20.82,0.25
2015-07-05,30.53,20.64,0.01
2015-07-06,30.18,19.89,0
2015-07-07,29.72,21.37,0.03
2015-07-08,29.21,21.99,2.0100000000000002
2015-07-09,28.69,22.37,2.09
2015-07-10,27.68,22.29,2.41
2015-07-11,28.02,21.62,1.13
2015-07-12,29.14,21.09,0.66
2015-07-13,30.26,21.16,0.52
2015-07-14,29.89,22.39,0.8
2015-07-15,29.23,21.62,8.6
2015-07-16,29.32,20.94,0.89
2015-07-17,28.82,21.86,2.19
2015-07-18,28.3,22.03,4.08
2015-07-19,26.11,19.9,6.12
2015-07-20,28.73,21.66,2.73
2015-07-21,27.38,21.2,6.44
2015-07-22,27.18,21.09,15.63
2015-07-23,28.3,21,2.23
2015-07-24,28.63,20.24,1.8800000000000001
2015-07-25,27.53,21.07,7.67
2015-07-26,27.45,20.9,2.05
2015-07-27,25.47,20.33,7.74
2015-07-28,28.39,19.85,2.24
2015-07-29,29.28,20.36,0.15
2015-07-30,28.51,20.78,0.1
2015-07-31,28.79,19.87,7.93
2015-08-01,28.19,20.38,5.5600000000000005
2015-08-02,28.1,20.58,2.64
2015-08-03,27.75,20.99,2.45
2015-08-04,27.18,20.77,1.96
2015-08-05,28.05,21.05,1.79
2015-08-06,28.58,21.69,0.89
2015-08-07,27.76,21.58,1.08
2015-08-08,28.09,21.54,0.81
2015-08-09,29.03,21.24,8.84
2015-08-10,28.49,21.36,8.85
2015-08-11,28.69,21.55,5.91
2015-08-12,26.94,21.51,5.14
2015-08-13,28.05,21.43,0.9
2015-08-14,28.8,20.9,1.09
2015-08-15,29.38,20.9,0.66
2015-08-16,28.45,21.28,12.5
2015-08-17,29.06,22.02,22.62
2015-08-18,30.56,22.52,1.77
2015-08-19,30.72,22.09,4.23
2015-08-20,30.12,21.45,2.8
2015-08-21,28.45,20.8,16.01
2015-08-22,25.32,20.25,10.22
2015-08-23,28.13,19.98,3.31
2015-08-24,27.93,20.65,0.11
2015-08-25,28.6,20.1,0.06
2015-08-26,28.43,21.07,1.34
2015-08-27,27.45,19.92,9
2015-08-28,27.55,20.43,0
2015-08-29,28.18,20.72,0.09
2015-08-30,27.48,21.06,0.25
2015-08-31,28.94,20.95,0.02
2015-09-01,29.21,20.46,0.05
2015-09-02,29.14,21.14,0
2015-09-03,29.88,21.73,2.14
2015-09-04,30.34,21.41,29.04
2015-09-05,29,21.28,8.75
2015-09-06,29.19,21.08,14.51
2015-09-07,27.09,20.48,21.92
2015-09-08,26.39,19.87,2.19
2015-09-09,27.19,20.03,3.49
2015-09-10,26.97,20.32,0.69
2015-09-11,27.09,20.28,0.06
2015-09-12,27.76,19.38,0.01
2015-09-13,28.1,20.38,0.05
2015-09-14,27.17,20.36,0.72
2015-09-15,28.68,21.32,0.79
2015-09-16,27.5,20.85,2.33
2015-09-17,28.19,19.7,0.02
2015-09-18,28.29,20.7,0.04
2015-09-19,29,20.91,0.67
2015-09-20,27.65,19.26,2.45
2015-09-21,28.1,20.18,0
2015-09-22,29.01,20.48,0
2015-09-23,29.62,21.83,0.61
2015-09-24,30.35,20.06,17.77
2015-09-25,29.97,20.53,12.66
2015-09-26,27.57,21.07,6.04
2015-09-27,29.82,20.11,15.06
2015-09-28,28.87,20.11,3.7800000000000002
2015-09-29,28.47,21.72,1.6
2015-09-30,28.16,20.94,5.0600000000000005
2015-10-01,28.2,22.15,4.1
2015-10-02,29.9,21.28,1.21
2015-10-03,28,21.63,0.52
2015-10-04,28.68,20.48,26
2015-10-05,28.01,20.41,13.51
2015-10-06,28.14,20.95,0.76
2015-10-07,29.52,20.33,1.2
2015-10-08,28.94,20.68,0.62
2015-10-09,28.98,20.76,4.85
2015-10-10,29.45,21.07,6.46
2015-10-11,28.2,20.85,10.11
2015-10-12,28.61,20.42,1.01
2015-10-13,30.47,19.37,0
2015-10-14,30.41,18.82,0
2015-10-15,29.82,19.78,0
2015-10-16,29.68,20.43,0
2015-10-17,29.72,20.48,0
2015-10-18,30.06,20.61,0.05
2015-10-19,30.34,21.26,0
2015-10-20,30.16,20.61,0.06
2015-10-21,30.41,19.38,0
2015-10-22,29.93,18.93,0
2015-10-23,29.21,18.98,0
2015-10-24,29.99,16.73,0
2015-10-25,29.25,18.67,0
2015-10-26,28.06,20.15,0.18
2015-10-27,28.14,19.94,0.13
2015-10-28,30.22,20.55,0.25
2015-10-29,30.04,20.73,0.14
2015-10-30,30.5,20.75,0.29000000000000004
2015-10-31,28.44,21.59,1.24
2015-11-01,27.9,20.75,17.24
2015-11-02,28.84,21.14,9.23
2015-11-03,27.19,20.51,21.17
2015-11-04,28.22,19.91,16.42
2015-11-05,28.71,19.61,0.46
2015-11-06,29.4,20.66,0
2015-11-07,28.54,19.67,0.18
2015-11-08,27.06,20.65,1.29
2015-11-09,21.92,18.44,46.35
2015-11-10,20.99,19.22,7.63
2015-11-11,23.97,19.82,0.99
2015-11-12,25.24,20.06,9.85
2015-11-13,24.35,18.05,1.4000000000000001
2015-11-14,24.75,19.12,0.2
2015-11-15,21.84,18.13,43.18
2015-11-16,20.17,18.02,121.99
2015-11-17,22.15,18.8,4.58
2015-11-18,23.2,19.68,3.43
2015-11-19,24.62,20.79,11.74
2015-11-20,26.03,20.32,4.47
2015-11-21,26.73,21.15,2.5100000000000002
2015-11-22,25.19,20.63,8.99
2015-11-23,25.62,20.17,11.77
2015-11-24,26.56,19.26,0.55
2015-11-25,26.81,17.8,0
2015-11-26,27.8,19.57,0.1
2015-11-27,28.72,17.26,0
2015-11-28,27.9,18.39,0.02
2015-11-29,24.99,20.37,9.41
2015-11-30,25.68,20.66,14.83
2015-12-01,23.68,20.09,5.07
2015-12-02,22.42,19.58,22.92
2015-12-03,23.73,17.98,10.16
2015-12-04,27.11,19.25,0
2015-12-05,26.54,18.68,0.04
2015-12-06,25.31,18.14,0.05
2015-12-07,27.36,17.64,0.04
2015-12-08,26.56,18.29,0.23
2015-12-09,25.47,19.14,0.29
2015-12-10,26.89,19.81,1.55
2015-12-11,28.06,20.32,0.13
2015-12-12,28.43,19.2,0.32
2015-12-13,29.34,20.07,0
2015-12-14,28.57,19.83,3.07
2015-12-15,28.58,19.69,0.01
2015-12-16,29,17.11,0
2015-12-17,27.82,17.2,0
2015-12-18,27.5,18.81,0
2015-12-19,28.23,20.03,0.12000000000000001
2015-12-20,28.03,18.75,0
2015-12-21,28.55,17.17,0
2015-12-22,28.7,17.68,0
2015-12-23,27.45,16.75,0
2015-12-24,27.98,17.25,0
2015-12-25,27.47,19.14,0
2015-12-26,26.92,17.69,0
2015-12-27,26.34,18.66,0.09
2015-12-28,27.32,15.93,0
2015-12-29,28.8,15.08,0
2015-12-30,28.71,15.46,0
2015-12-31,27.72,15.86,0
2016-01-01,26.98,14.86,0
2016-01-02,27.25,15.11,0
2016-01-03,27.68,15.42,0
2016-01-04,27.37,15.14,0
2016-01-05,26.7,15.37,0
2016-01-06,27.43,16.44,0
2016-01-07,27.21,16.84,0
2016-01-08,26.35,16.01,0
2016-01-09,26.86,15.33,0
2016-01-10,27.23,15.15,0
2016-01-11,27.05,15.36,0
2016-01-12,27.54,15.83,0
2016-01-13,26.86,15.67,0
2016-01-14,27.48,15.84,0
2016-01-15,27.2,15.78,0
2016-01-16,27.6,16.02,0
2016-01-17,26.97,16.85,0.01
2016-01-18,26.88,18.38,0.11
2016-01-19,26.13,19.5,0.01
2016-01-20,25.54,19.46,0.87
2016-01-21,27.15,19.58,1.99
2016-01-22,26.47,19.48,1.09
2016-01-23,25.63,19.63,0.17
2016-01-24,26.62,19.75,0.31
2016-01-25,28.44,19.02,0.14
2016-01-26,28.39,18.68,0.02
2016-01-27,28.67,18.49,0
2016-01-28,30.01,18.18,0
2016-01-29,29.72,17.74,0
2016-01-30,29.15,16.91,0
2016-01-31,30.33,15.82,0
2016-02-01,30.51,15.85,0
2016-02-02,30.32,16.71,0
2016-02-03,29.83,17.63,0
2016-02-04,29.76,17.41,0
2016-02-05,28.68,17.35,0
2016-02-06,29.21,17.11,0
2016-02-07,29.84,19.11,0
2016-02-08,30.21,19.51,0
2016-02-09,30.04,18.96,0
2016-02-10,30.76,19.94,0
2016-02-11,30.48,20.4,0
2016-02-12,30.33,19.91,0
2016-02-13,30.22,19.1,0
2016-02-14,30.64,17.18,0
2016-02-15,29.6,18.83,0
2016-02-16,30.34,18.06,0
2016-02-17,29.82,18.22,0
2016-02-18,29.37,18.8,0
2016-02-19,30.63,19.14,0
2016-02-20,31.8,20.74,0
2016-02-21,32.53,20.86,0
2016-02-22,33.01,20.14,0
2016-02-23,32.95,20,0
2016-02-24,32.08,20.37,0
2016-02-25,32.34,21.39,0.02
2016-02-26,31.1,19.89,0
2016-02-27,31.11,20.52,0
2016-02-28,30.81,20.17,0
2016-02-29,30.04,19.96,0
2016-03-01,31.2,20.17,0
2016-03-02,30.38,19.54,0
2016-03-03,31.83,18.76,0
2016-03-04,31.84,19.24,0
2016-03-05,32.22,19.33,0
2016-03-06,32.7,19.72,0
2016-03-07,31.64,19.04,0
2016-03-08,32.67,19.14,0
2016-03-09,32.82,20.67,0
2016-03-10,32.77,20.76,0
2016-03-11,33.5,21.93,0
2016-03-12,34.11,22.67,0
2016-03-13,33.15,23.82,0.09
2016-03-14,31.83,23.31,0.38
2016-03-15,31.63,22.06,2.45
2016-03-16,32.3,23.01,0.05
2016-03-17,32.2,23.94,0.42000000000000004
2016-03-18,33.93,22.99,0
2016-03-19,34.16,23.04,0
2016-03-20,35.23,23.22,0
2016-03-21,36.23,24.13,0
2016-03-22,34.18,24,0
2016-03-23,33.58,24.1,0.04
2016-03-24,34.12,22.44,0
2016-03-25,34.13,20.85,0
2016-03-26,33.83,19.92,0
2016-03-27,34.09,20.82,0
2016-03-28,33.91,21.57,0
2016-03-29,34.02,21.47,0
2016-03-30,34.09,22.13,0
2016-03-31,33.82,22.62,0
2016-04-01,33.94,22.73,0.02
2016-04-02,34.69,22.95,0
2016-04-03,34.98,23.1,0
2016-04-04,35.16,22.69,0
2016-04-05,34.64,22.8,0
2016-04-06,34.67,23.91,0
2016-04-07,34.7,24,0.88
2016-04-08,33.9,25.15,0.47000000000000003
2016-04-09,32.49,23.87,0.82
2016-04-10,33.95,23.72,0.27
2016-04-11,35.49,24.48,0.02
2016-04-12,35.48,25.25,0
2016-04-13,35.92,26.06,0
2016-04-14,35.43,25.98,0.1
2016-04-15,36.11,25.09,0
2016-04-16,35.65,24.37,0.02
2016-04-17,35.83,24.04,0
2016-04-18,35.44,23.76,0
2016-04-19,35.37,24.47,0
2016-04-20,35.93,25.22,0
2016-04-21,35.68,24.54,0
2016-04-22,34.94,25.34,0.46
2016-04-23,36.69,24.33,0
2016-04-24,37.22,25.23,0
2016-04-25,35.63,25.91,0.35
2016-04-26,35.53,23.29,0
2016-04-27,36.12,23.84,0
2016-04-28,35.91,24.23,0
2016-04-29,35.83,23.77,0
2016-04-30,36.63,24.74,0
2016-05-01,36.2,25.34,0
2016-05-02,35.41,24.65,2.01
2016-05-03,34.52,24.45,0.19
2016-05-04,34.48,24.57,1.03
2016-05-05,34.19,23.65,2.59
2016-05-06,32.42,21.86,12.27
2016-05-07,32.9,22.72,7.16
2016-05-08,31.82,21.65,7.49
2016-05-09,32.74,23.36,1.5499999999999998
2016-05-10,32.42,21.66,5.68
2016-05-11,31.64,22.88,0.13
2016-05-12,33.04,22.89,1.32
2016-05-13,33.78,23.5,0.13
2016-05-14,33.25,23.1,4.07
2016-05-15,34.35,24.34,0
2016-05-16,32.99,23.46,1.47
2016-05-17,28.95,22.23,3.39
2016-05-18,26.18,21.33,16.55
2016-05-19,29.78,21.68,8.44
2016-05-20,29.32,22.89,1.55
2016-05-21,32.77,22.96,0.04
2016-05-22,33.8,23.41,0.04
2016-05-23,34.53,23.58,0
2016-05-24,34.76,23.82,0
2016-05-25,33.5,23.03,0.06
2016-05-26,34.25,23.94,0.13
2016-05-27,33.37,22.48,6.11
2016-05-28,33.16,21.32,9.66
2016-05-29,28.82,22.17,4.640000000000001
2016-05-30,30.48,21.83,4.3
2016-05-31,31.11,22.37,15.67
2016-06-01,31.24,21.79,15.28
2016-06-02,30.04,21.79,6.79
2016-06-03,32.25,21.96,15.8
2016-06-04,29.49,22.39,12.53
2016-06-05,30.14,21.87,17.8
2016-06-06,30.96,22.38,1.73
2016-06-07,29.79,22.63,7.18
2016-06-08,28.93,21.77,18.16
2016-06-09,27.97,22.07,4.61
2016-06-10,28.93,21.56,0.8300000000000001
2016-06-11,28.75,21.67,0.16999999999999998
2016-06-12,29.22,21.55,1.23
2016-06-13,27.17,21.23,6.05
2016-06-14,28.83,21.43,1.78
2016-06-15,29.08,20.94,0
2016-06-16,28.18,20.8,1.99
2016-06-17,29.01,21.26,7.18
2016-06-18,28.51,20.72,2.4899999999999998
2016-06-19,27.49,20.31,13.709999999999999
2016-06-20,27.03,21.44,0.48000000000000004
2016-06-21,26.65,19.94,14.41
2016-06-22,27.01,20.39,19.87
2016-06-23,25.61,20.18,5.12
2016-06-24,27.19,19.83,6.0200000000000005
2016-06-25,26.01,19.92,11.22
2016-06-26,27.09,21.13,7.0600000000000005
2016-06-27,26.53,21.01,8.34
2016-06-28,26.28,20.57,31.57
2016-06-29,22.55,20.95,21.9
2016-06-30,25.63,21.92,1.75
2016-07-01,27.1,21.65,0.86
2016-07-02,28.31,21.57,0.43
2016-07-03,27.48,21.73,0.38
2016-07-04,27.69,21.35,7.54
2016-07-05,26.6,21.66,22.06
2016-07-06,26.43,21.05,16.31
2016-07-07,26.92,21.34,4.12
2016-07-08,27.36,21.25,1.1300000000000001
2016-07-09,26.47,21.84,0.63
2016-07-10,26.79,21.79,0.54
2016-07-11,27.76,21.98,0.24
2016-07-12,27.23,21.3,0.79
2016-07-13,27.89,20.52,0.72
2016-07-14,28.7,21.24,3.2800000000000002
2016-07-15,29.51,20.93,8.43
2016-07-16,28.89,21.29,5.56
2016-07-17,27.23,20.48,6.35
2016-07-18,28.16,20.07,7.8100000000000005
2016-07-19,26.26,21.23,3.08
2016-07-20,26.09,20.21,5.73
2016-07-21,25.65,20.15,9.97
2016-07-22,25.67,20.09,4.9399999999999995
2016-07-23,26.63,21.15,15.2
2016-07-24,26.94,20.52,7.48
2016-07-25,28.87,20.77,8.57
2016-07-26,27.49,21.01,14.67
2016-07-27,28.18,20.9,7.75
2016-07-28,27.94,20.78,10.26
2016-07-29,25.81,20.75,9.65
2016-07-30,25.91,20.08,22.97
2016-07-31,26.12,20.75,1.95
2016-08-01,25.57,20.76,0.79
2016-08-02,25.83,20.6,0.07
2016-08-03,26.43,21.03,0.15
2016-08-04,26.33,20.64,0.47000000000000003
2016-08-05,26.64,20.98,1.15
2016-08-06,26.93,20.99,0.26
2016-08-07,27.2,20.56,1.9000000000000001
2016-08-08,27.25,21.1,0.38
2016-08-09,28.15,20.74,0.65
2016-08-10,27.3,20.22,0.44
2016-08-11,27.84,20.69,0.36
2016-08-12,27.25,21.12,1.57
2016-08-13,27.86,20.48,3.41
2016-08-14,26.97,19.94,0.86
2016-08-15,27.08,21.24,1.57
2016-08-16,27.02,21.2,0.87
2016-08-17,27.21,21.41,0.86
2016-08-18,27.26,20.84,1.04
2016-08-19,28.04,20.06,0.91
2016-08-20,27.99,20.13,0.32
2016-08-21,27.92,21.04,0.31
2016-08-22,28.41,20.69,0.35
2016-08-23,28.24,20.75,0.86
2016-08-24,28.38,21.39,1.39
2016-08-25,26.18,20.85,5.34
2016-08-26,26.73,20.87,10.23
2016-08-27,26.4,20.47,1.75
2016-08-28,27.97,20.89,0.74
2016-08-29,27.31,20.84,3.79
2016-08-30,25.47,20.77,12.42
2016-08-31,26.32,20.29,6.07
2016-09-01,26.35,20.38,1.55
2016-09-02,27.15,20.35,1.65
2016-09-03,26.72,20.22,0.74
2016-09-04,26.49,19.55,0.65
2016-09-05,26.73,19.54,0.46
2016-09-06,26.6,18.5,1
2016-09-07,26.41,19.12,0.33
2016-09-08,27.8,19.97,0
2016-09-09,27.21,19.87,0.7000000000000001
2016-09-10,27.53,19.59,0.47
2016-09-11,26.53,20.22,0.55
2016-09-12,26.92,19.56,2.56
2016-09-13,26.83,20.71,0.61
2016-09-14,27.94,20.84,0.68
2016-09-15,27.72,20.28,1.3800000000000001
2016-09-16,27.35,20.02,1.9300000000000002
2016-09-17,27.66,19.04,0.19
2016-09-18,28.3,20.29,0.89
2016-09-19,27.91,19.91,0.15
2016-09-20,26.17,20.5,2
2016-09-21,25.37,20.28,9.25
2016-09-22,26.89,20.61,2.0100000000000002
2016-09-23,25.79,20.5,0.55
2016-09-24,25.07,20.53,0.9400000000000001
2016-09-25,26.44,21.33,1.09
2016-09-26,27.82,21.57,0.2
2016-09-27,27.58,21.34,9.450000000000001
2016-09-28,27.92,21.18,9.18
2016-09-29,28.5,21.13,1.25
2016-09-30,27.74,20.4,0.66
2016-10-01,27.45,19.17,0
2016-10-02,28.7,19.75,0
2016-10-03,29.16,20.95,0.41000000000000003
2016-10-04,28.53,19.83,0.4
2016-10-05,29.39,20.09,0.04
2016-10-06,29.55,18.83,0.01
2016-10-07,28.65,19.34,0
2016-10-08,29.4,19.76,0.01
2016-10-09,28.09,19.92,1.22
2016-10-10,28.12,20.09,0.56
2016-10-11,29.27,20.59,3.4
2016-10-12,28.82,20.55,18.06
2016-10-13,27.05,20.63,1.05
2016-10-14,29.67,19.24,0.02
2016-10-15,29.59,17.63,0.02
2016-10-16,29.15,18.15,0
2016-10-17,29.42,19.02,0.01
2016-10-18,29.77,19.15,0
2016-10-19,29.93,19.27,0
2016-10-20,29.87,19.04,0
2016-10-21,29.42,18.27,0
2016-10-22,29.86,19.05,0
2016-10-23,29.98,18.3,0
2016-10-24,30.04,18.87,0
2016-10-25,30.17,18.43,0
2016-10-26,30.12,18.98,0
2016-10-27,29.89,19.9,0.09
2016-10-28,29.27,20.21,0
2016-10-29,30.5,20.54,0.13
2016-10-30,30.39,20.95,0.46
2016-10-31,28.93,21.53,0.65
2016-11-01,28.77,19.89,2.06
2016-11-02,28.34,20.86,1.53
2016-11-03,29.98,20.5,0.05
2016-11-04,30.66,19.84,0
2016-11-05,30.26,18.61,0
2016-11-06,30.28,19.14,0
2016-11-07,29.67,18.65,0.06
2016-11-08,29.39,17.87,0
2016-11-09,28.33,16.33,0
2016-11-10,28.66,16.82,0
2016-11-11,28.78,18.09,0
2016-11-12,28.92,18.65,0
2016-11-13,30.42,21.06,0.2
2016-11-14,29.79,21.09,1.01
2016-11-15,30.53,19.58,0
2016-11-16,30.01,20.68,0.17
2016-11-17,29.43,18.95,0.4
2016-11-18,29.37,18.51,0
2016-11-19,29.21,18.52,0
2016-11-20,30.37,17.44,0
2016-11-21,29.79,16.03,0
2016-11-22,30.34,16.35,0
2016-11-23,30.17,16.54,0
2016-11-24,29.62,16.38,0
2016-11-25,29.53,15.33,0
2016-11-26,29.69,14.51,0
2016-11-27,30.64,14.42,0
2016-11-28,30.75,15.54,0
2016-11-29,28.43,15.55,0
2016-11-30,28.27,16.03,0
2016-12-01,25.45,17.99,10.25
2016-12-02,26.17,19.28,3.41
2016-12-03,24.17,19.82,1.54
2016-12-04,27.84,20.12,0.28
2016-12-05,28.04,18.71,0.55
2016-12-06,27.03,15.77,0.05
2016-12-07,27.46,16.45,0
2016-12-08,27.58,16.9,0
2016-12-09,29.51,16.36,0
2016-12-10,26.8,14.33,0
2016-12-11,27.33,16.08,0
2016-12-12,24.86,18.83,25.25
2016-12-13,20.04,18.28,22.26
2016-12-14,24.67,19.17,0.49
2016-12-15,27.04,19.21,0.05
2016-12-16,25.41,18.64,1.48
2016-12-17,27.64,17.17,0
2016-12-18,27.53,16.15,0
2016-12-19,27.99,15.36,0
2016-12-20,26.88,17.44,0
2016-12-21,28.45,16.77,0
2016-12-22,28.47,14.22,0
2016-12-23,27.87,14.13,0
2016-12-24,28.05,13.98,0
2016-12-25,28.19,14.38,0
2016-12-26,28.49,13.81,0
2016-12-27,28.49,15.88,0
2016-12-28,27.76,15.22,0
2016-12-29,27.13,15.22,0
2016-12-30,26.74,15.44,0
2016-12-31,26.81,14.65,0
2017-01-01,27.47,15.92,0
2017-01-02,28.06,15.6,0
2017-01-03,28.36,15.71,0
2017-01-04,27.69,16,0
2017-01-05,27.84,15.98,0
2017-01-06,27.86,16,0
2017-01-07,27.28,15.9,0
2017-01-08,27.43,15.96,0
2017-01-09,26.88,15.98,0
2017-01-10,27.34,17.11,0
2017-01-11,27.35,15.98,0
2017-01-12,25.97,17.31,0.01
2017-01-13,26.59,17.41,0.02
2017-01-14,26.25,16.01,0
2017-01-15,26.68,16.87,0
2017-01-16,27.09,15.37,0
2017-01-17,27.08,14.88,0
2017-01-18,27.03,14.28,0
2017-01-19,26.35,15.87,0.02
2017-01-20,27.79,17.05,0
2017-01-21,25.29,17.83,0.44000000000000006
2017-01-22,28.8,16.1,0
2017-01-23,27.76,16.66,0
2017-01-24,28.29,16.52,0
2017-01-25,28.61,17.5,0
2017-01-26,23.16,18.53,6.55
2017-01-27,24.67,19.95,10.95
2017-01-28,27.76,19.87,1.22
2017-01-29,28.74,18.1,0
2017-01-30,28.77,18.23,0
2017-01-31,29.88,16.35,0
2017-02-01,29.2,16,0
2017-02-02,29.1,16.81,0
2017-02-03,28.26,16.06,0
2017-02-04,27.71,15.48,0
2017-02-05,28.69,15.3,0
2017-02-06,29.88,16.33,0
2017-02-07,29.64,16.82,0
2017-02-08,30.37,16.04,0
2017-02-09,29.95,15.98,0
2017-02-10,30.37,15.43,0
2017-02-11,29.64,15.61,0
2017-02-12,28.53,15.83,0
2017-02-13,27.91,17.16,0
2017-02-14,28.5,17.91,0.04
2017-02-15,29.5,16.98,0
2017-02-16,28.69,15.59,0
2017-02-17,28.68,16.5,0
2017-02-18,30.04,16.46,0
2017-02-19,30.56,17.53,0
2017-02-20,31.49,18.71,0
2017-02-21,32.38,19.45,0
2017-02-22,32.86,19.53,0
2017-02-23,33.12,19.13,0
2017-02-24,33.59,18.51,0
2017-02-25,33.47,19.19,0
2017-02-26,31.61,19.17,0
2017-02-27,30.31,17.77,0
2017-02-28,31.67,17.59,0
2017-03-01,31.31,16.37,0
2017-03-02,30.82,17.91,0
2017-03-03,31.73,19.93,0
2017-03-04,32.23,21.36,0
2017-03-05,31.2,22.86,0.4
2017-03-06,30.6,21.71,7
2017-03-07,31.27,21.76,2.48
2017-03-08,31.11,21.73,0.15
2017-03-09,31.83,22.61,0.13
2017-03-10,31.97,21.22,0.13
2017-03-11,32.64,21.13,0
2017-03-12,33.26,21.38,0
2017-03-13,33.04,22.61,0.26
2017-03-14,30.5,21.67,4.69
2017-03-15,30.21,20.86,0.46
2017-03-16,31.23,20.39,0.07
2017-03-17,31.5,21.73,0.01
2017-03-18,33.63,22.39,0.04
2017-03-19,34.15,22.79,0
2017-03-20,32.11,23.02,0.19
2017-03-21,31.54,21.95,0.5
2017-03-22,33.21,21.07,0
2017-03-23,33.58,20.75,0
2017-03-24,34.02,20.69,0
2017-03-25,34.96,20.87,0
2017-03-26,35.36,21.23,0
2017-03-27,34.67,21.91,0
2017-03-28,34.49,21.56,0
2017-03-29,34.93,21.5,0
2017-03-30,34.72,21.83,0
2017-03-31,34.76,21.8,0
2017-04-01,35.21,22.58,0
2017-04-02,34.98,23.59,0
2017-04-03,34.87,23.08,0
2017-04-04,34.16,23.94,0.1
2017-04-05,33.22,22.71,2.4
2017-04-06,33.44,23.77,0.18
2017-04-07,32.95,24.37,0.16
2017-04-08,34.72,23.45,0
2017-04-09,34.87,23.1,0
2017-04-10,34.77,23.94,0.01
2017-04-11,35.17,23.79,0
2017-04-12,35.42,23.05,0
2017-04-13,35.2,22.13,0
2017-04-14,34.46,22.83,0
2017-04-15,35.11,23.72,0
2017-04-16,33.92,23.56,0
2017-04-17,34.02,23.4,0.03
2017-04-18,35.12,24.36,0.01
2017-04-19,34.03,24.6,0.19
2017-04-20,34.41,23.18,2.41
2017-04-21,33.35,22.62,2.7
2017-04-22,34.74,23.1,0
2017-04-23,35.23,23.79,0
2017-04-24,35.07,23.64,0
2017-04-25,34.83,22.62,0.38
2017-04-26,34.25,24.43,0.28
2017-04-27,34.58,23.94,0
2017-04-28,33.85,22.76,1.89
2017-04-29,34.28,21.48,2.4
2017-04-30,33.88,23.12,0.24000000000000002
2017-05-01,32.59,21.57,3.74
2017-05-02,32.34,22.86,0.95
2017-05-03,33.27,22.36,0.48000000000000004
2017-05-04,34,23.38,0.05
2017-05-05,34.62,24.42,0.060000000000000005
2017-05-06,35.33,22.92,1.89
2017-05-07,35.17,21.52,8.06
2017-05-08,32.24,23.12,0.2
2017-05-09,32.22,21.37,4.41
2017-05-10,31.8,22.71,8.48
2017-05-11,31.12,22.26,1.76
2017-05-12,33.03,23.21,8.75
2017-05-13,33.45,24.16,0.2
2017-05-14,33.58,21.96,11.27
2017-05-15,32.4,23.12,4.74
2017-05-16,33.8,23.43,0.57
2017-05-17,33.13,23.5,3.66
2017-05-18,33.74,20.61,18.68
2017-05-19,31.66,22.21,4.2700000000000005
2017-05-20,32,21.89,6.1
2017-05-21,30.75,22.9,8.58
2017-05-22,30.66,21.15,10.02
2017-05-23,32.37,21.73,6.32
2017-05-24,31.18,22.2,10.31
2017-05-25,32.78,23.63,3.26
2017-05-26,31.97,21.86,5.67
2017-05-27,29.48,22.51,21.02
2017-05-28,29.89,21.78,1.61
2017-05-29,30.43,21.77,0.03
2017-05-30,30.9,21.64,0.18
2017-05-31,30.03,21.71,0.59
2017-06-01,31,22.3,1.06
2017-06-02,29.95,22.22,1.91
2017-06-03,29.95,21.7,1.9200000000000002
2017-06-04,30.68,22.04,1.77
2017-06-05,31.49,21.64,1.45
2017-06-06,30.94,21.97,8.66
2017-06-07,27.67,20.95,5.71
2017-06-08,28.46,21.97,2.42
2017-06-09,28.03,21.14,6.52
2017-06-10,28.47,21.6,11.35
2017-06-11,27.15,21.58,1.05
2017-06-12,26.14,22.2,1.6300000000000001
2017-06-13,28.13,22.05,1.93
2017-06-14,30.24,21.81,1.63
2017-06-15,29.14,21.91,1.1300000000000001
2017-06-16,27.63,21.34,4.6
2017-06-17,28.44,20.81,2.21
2017-06-18,29.27,21.26,2.71
2017-06-19,27.97,21.21,8.52
2017-06-20,28.43,21.27,1.26
2017-06-21,29.22,20.72,0.46
2017-06-22,29.13,21.96,1.75
2017-06-23,30.28,21.46,1.37
2017-06-24,27.99,21.46,2
2017-06-25,27.86,21.91,1.11
2017-06-26,27.09,21.75,0.81
2017-06-27,27.91,21.46,0.72
2017-06-28,28.09,21.67,0.41
2017-06-29,28.52,22.08,0.73
2017-06-30,28.05,21.15,2.33
2017-07-01,28.24,21.8,0.9500000000000001
2017-07-02,29.79,22.05,0.38
2017-07-03,28.46,21.6,5.38
2017-07-04,27.05,21.5,0.08
2017-07-05,28.58,21.22,0.25
2017-07-06,28.9,21.12,1.75
2017-07-07,28.48,21.69,0.9400000000000001
2017-07-08,28.18,21.35,0.87
2017-07-09,28.84,21.07,3.5500000000000003
2017-07-10,30.2,21.38,0.82
2017-07-11,28.62,20.99,1.29
2017-07-12,26.67,20.68,2
2017-07-13,26.04,20.24,8.37
2017-07-14,25.22,20.76,7.97
2017-07-15,25.74,19.92,14.52
2017-07-16,27.02,21.21,1.9000000000000001
2017-07-17,27.22,21.67,1.08
2017-07-18,26.62,21.87,3.79
2017-07-19,25.59,21.28,0.8400000000000001
2017-07-20,28.58,20.74,0.9700000000000001
2017-07-21,28.03,21.22,0.5499999999999999
2017-07-22,28.48,20.52,0.5
2017-07-23,28.21,20.88,0.41000000000000003
2017-07-24,28.36,21.13,0.11
2017-07-25,28.93,21.06,0.43
2017-07-26,28.97,21,0.58
2017-07-27,28.41,21.18,0.74
2017-07-28,29.27,21.71,3.06
2017-07-29,29.84,21.04,0.89
2017-07-30,29.32,21.62,5.9
2017-07-31,29.79,21.64,6.22
2017-08-01,30.24,20.98,0.13
2017-08-02,29.84,20.36,0.25
2017-08-03,28.28,21.52,3.59
2017-08-04,26.91,22.31,4.48
2017-08-05,27.46,21.82,1.22
2017-08-06,28.53,21.4,1.59
2017-08-07,28.98,22.02,3.2600000000000002
2017-08-08,29.7,21.8,3.42
2017-08-09,27.41,21.5,1.51
2017-08-10,28.07,21.76,3.84
2017-08-11,27.37,20.99,9.370000000000001
2017-08-12,27.75,21.22,6.22
2017-08-13,26.1,21.37,0.07
2017-08-14,28.14,20.82,0.56
2017-08-15,28.15,20.97,8.46
2017-08-16,27.89,20.7,12.56
2017-08-17,27.39,20.69,12.290000000000001
2017-08-18,28.9,21.45,2.27
2017-08-19,27.12,20.9,9.42
2017-08-20,26.77,20.87,5.78
2017-08-21,28.93,21.51,8.040000000000001
2017-08-22,27.94,21.6,5.6000000000000005
2017-08-23,29.13,21.26,4.25
2017-08-24,26.76,20.97,8.49
2017-08-25,26.4,21.13,2.2
2017-08-26,28.57,21.61,2.03
2017-08-27,26.19,21.63,21.53
2017-08-28,24.96,21.52,23.78
2017-08-29,26.75,21.33,11.69
2017-08-30,28.38,20.91,2.9699999999999998
2017-08-31,28.75,21.77,0.43
2017-09-01,28.58,21.51,8.66
2017-09-02,28.36,21.19,9.81
2017-09-03,29.2,20.69,10.52
2017-09-04,29.36,21.85,6.22
2017-09-05,27.86,21.03,19.77
2017-09-06,27.97,21.36,20.63
2017-09-07,29.24,20.89,38.71
2017-09-08,28.59,20.88,13.91
2017-09-09,27.77,21.14,19.59
2017-09-10,27.62,22.15,1.99
2017-09-11,28.52,22.41,2.02
2017-09-12,29.58,22.43,4.97
2017-09-13,29.63,21.81,0.4
2017-09-14,29.02,20.83,4.8
2017-09-15,27,21.41,1.7
2017-09-16,28.2,20.85,1.76
2017-09-17,23.58,20.36,3.56
2017-09-18,25.91,21.12,0.91
2017-09-19,27.7,21,0.6
2017-09-20,27.76,20.02,0.13
2017-09-21,26.9,20.61,0.63
2017-09-22,27.2,20.32,0
2017-09-23,29.38,21.6,0.02
2017-09-24,28.25,20.62,20.26
2017-09-25,25.82,20.54,3.54
2017-09-26,26.8,20.48,15.29
2017-09-27,26.35,21.02,31.87
2017-09-28,26.66,20.78,9.94
2017-09-29,24.88,21.01,2.51
2017-09-30,26.54,21.61,3.23
2017-10-01,27.92,20.23,4.87
2017-10-02,27.08,21.11,2.16
2017-10-03,28.71,21.17,3.69
2017-10-04,28.44,20.7,2.6
2017-10-05,27.05,21.16,2.98
2017-10-06,27.95,21.47,11.53
2017-10-07,28.32,21.72,5.05
2017-10-08,29.5,21.63,4.29
2017-10-09,28.26,21.16,4.55
2017-10-10,29.03,21.57,4.59
2017-10-11,29.01,20.94,15.49
2017-10-12,27.38,21.31,1.22
2017-10-13,28.48,21.2,14.44
2017-10-14,26.26,20.71,14.3
2017-10-15,26.24,20.25,5.95
2017-10-16,25.71,20.87,2.89
2017-10-17,26.61,20.59,0.71
2017-10-18,28.36,20.02,0.41000000000000003
2017-10-19,29.3,19.71,0
2017-10-20,29.01,20.29,0.18
2017-10-21,29.22,20.93,0.46
2017-10-22,28.95,19.27,0.08
2017-10-23,29.01,17.9,0
2017-10-24,29.48,18.93,0
2017-10-25,28.63,21.44,0.48000000000000004
2017-10-26,27.18,19.84,0.62
2017-10-27,26.93,19.82,1.09
2017-10-28,28.44,20.16,0
2017-10-29,27.98,19.13,0.1
2017-10-30,25.63,19.59,0.97
2017-10-31,24.78,19.39,1.6
2017-11-01,24.66,18.9,4.99
2017-11-02,26.86,19.59,0.25
2017-11-03,26.59,19.43,0.06
2017-11-04,24.94,20.05,4.2700000000000005
2017-11-05,25.39,20.32,2.24
2017-11-06,25.18,19.2,15.5
2017-11-07,25.62,18.98,4.75
2017-11-08,26.63,18.96,0.25
2017-11-09,27.02,17.07,0
2017-11-10,26.97,18.24,0
2017-11-11,25.51,16.81,0
2017-11-12,26.58,17.49,0
2017-11-13,27.83,20.02,0.37
2017-11-14,26.45,20.48,0.63
2017-11-15,27.28,19.71,0.93
2017-11-16,27.62,20.72,0.66
2017-11-17,28.16,20.62,0.33
2017-11-18,28.39,20.66,0.8
2017-11-19,28.88,20.8,0.4
2017-11-20,28.79,20.88,0.19
2017-11-21,28.36,20.31,0.54
2017-11-22,28.71,18.24,0.33
2017-11-23,28.83,18.95,0
2017-11-24,29.12,20.34,0.02
2017-11-25,26.88,17.75,0.09999999999999999
2017-11-26,26.21,19.1,0.23
2017-11-27,26.54,18.22,0.44
2017-11-28,27.98,18.63,0
2017-11-29,27.07,19.17,0
2017-11-30,24.48,20.41,3.1
2017-12-01,21.74,18.89,8.54
2017-12-02,22.43,18.21,4
2017-12-03,25.12,18.93,0.21000000000000002
2017-12-04,25.74,18.66,0.16
2017-12-05,26.8,18.41,0.02
2017-12-06,27.39,19.63,0.29
2017-12-07,27.54,15.84,0.53
2017-12-08,28.83,16.16,0
2017-12-09,28.54,17.17,0
2017-12-10,28.16,16.8,0
2017-12-11,28.49,17.6,0
2017-12-12,27.84,18.41,0.25
2017-12-13,26.58,18.92,2.02
2017-12-14,28.84,17.46,0
2017-12-15,27.68,18.49,0
2017-12-16,26.72,16.55,0
2017-12-17,26.13,16.21,0
2017-12-18,25.63,15.99,0
2017-12-19,25.97,16.65,0
2017-12-20,27.58,14.38,0
2017-12-21,26.97,16.04,0
2017-12-22,27.05,17.39,0
2017-12-23,27.32,15.81,0
2017-12-24,27.6,15.78,0
2017-12-25,25.72,16.44,0
2017-12-26,27.71,15.96,0
2017-12-27,26.67,15.76,0
2017-12-28,25.78,14.81,0
2017-12-29,25.64,15.85,0
2017-12-30,26.04,16.21,0
2017-12-31,26.63,16.46,0
2018-01-01,27.39,16.91,0
2018-01-02,28.14,17.72,0
2018-01-03,26.46,17.61,0.13
2018-01-04,26.91,15.75,0
2018-01-05,26.67,14.87,0
2018-01-06,26.26,15.01,0
2018-01-07,26.13,14.33,0
2018-01-08,25.92,15.06,0
2018-01-09,26.16,16.53,0.02
2018-01-10,25.33,18.4,0.41
2018-01-11,28.11,19.26,0.01
2018-01-12,28.58,17.83,0
2018-01-13,29.43,15.94,0
2018-01-14,29.32,16.39,0
2018-01-15,29.24,16.61,0
2018-01-16,28.31,16.49,0
2018-01-17,27.61,15.29,0
2018-01-18,27.55,14.32,0
2018-01-19,27.16,14.2,0
2018-01-20,26.97,13.72,0
2018-01-21,27.34,14.28,0
2018-01-22,26.7,15.49,0
2018-01-23,27.86,16.57,0
2018-01-24,27.92,17.5,0
2018-01-25,27.87,16.18,0
2018-01-26,27.62,16.02,0
2018-01-27,27.79,15.79,0
2018-01-28,27.74,16.23,0
2018-01-29,28.24,16.02,0
2018-01-30,27.71,15.18,0
2018-01-31,27.88,14.25,0
2018-02-01,28.99,15.08,0
2018-02-02,28.73,14.73,0
2018-02-03,27.56,14.16,0
2018-02-04,27.52,13.71,0
2018-02-05,27.87,14.83,0
2018-02-06,29.85,18.6,0.74
2018-02-07,28.42,19.27,27.18
2018-02-08,27.37,19.53,0.22
2018-02-09,29.1,19.91,5.5
2018-02-10,28.87,18.45,0.01
2018-02-11,28.33,18.56,0
2018-02-12,27.5,18.54,0
2018-02-13,27.78,18.23,0
2018-02-14,27.94,17.9,0
2018-02-15,28.68,17.19,0
2018-02-16,28.52,16.33,0
2018-02-17,28.9,16.93,0
2018-02-18,29.57,16.3,0
2018-02-19,29.1,17.08,0
2018-02-20,29.64,17.43,0
2018-02-21,29.42,16.94,0
2018-02-22,29.95,17.54,0
2018-02-23,29.67,15.86,0
2018-02-24,29.22,16.98,0
2018-02-25,29.51,17.19,0
2018-02-26,30.02,17.76,0
2018-02-27,30.8,16.55,0
2018-02-28,30.78,17.03,0
2018-03-01,31.03,17.53,0
2018-03-02,31.35,18.05,0
2018-03-03,32.1,17.85,0
2018-03-04,31.95,18.4,0
2018-03-05,32.28,17.55,0
2018-03-06,32.31,16.83,0
2018-03-07,31.78,17.45,0
2018-03-08,31.82,17.99,0
2018-03-09,32.07,18.47,0
2018-03-10,31.14,19.1,0
2018-03-11,31.98,19,0
2018-03-12,31.72,20.13,0
2018-03-13,30.71,21.57,0.02
2018-03-14,31.44,22.52,0.30000000000000004
2018-03-15,31.89,21.13,0.5700000000000001
2018-03-16,31.19,20.08,31.93
2018-03-17,28.5,21.03,10
2018-03-18,29.26,19.47,1.4
2018-03-19,30.56,19.67,0
2018-03-20,31.63,20.11,0
2018-03-21,31.96,20.98,0
2018-03-22,31.64,21.65,0
2018-03-23,32.41,23.03,0
2018-03-24,31.1,22.43,0.01
2018-03-25,32.26,20.88,0
2018-03-26,32.19,21.22,0
2018-03-27,33.17,21.69,0
2018-03-28,33.05,23.1,0
2018-03-29,31.89,23.49,0.18000000000000002
2018-03-30,31.75,21.37,1.92
2018-03-31,30.97,20.93,7.63
2018-04-01,31.16,22.13,0.24000000000000002
2018-04-02,30.64,21,0.86
2018-04-03,31.52,20.83,0.09
2018-04-04,31.93,20.71,0.02
2018-04-05,32.72,20.62,0
2018-04-06,32.53,21.58,0
2018-04-07,32.57,20.59,0
2018-04-08,32.47,20.59,0
2018-04-09,31.91,20.43,0.02
2018-04-10,32.85,21.72,0.03
2018-04-11,33.45,22.15,0
2018-04-12,32.87,22.13,0.1
2018-04-13,32.82,22.97,0.08
2018-04-14,34.69,24.07,0.23
2018-04-15,33.37,23.91,0.13
2018-04-16,33.53,23.42,2.14
2018-04-17,33.97,23.51,0.06
2018-04-18,34.84,24.34,0
2018-04-19,33.48,23.06,2.63
2018-04-20,31.89,23.04,1.4500000000000002
2018-04-21,33.11,24.14,0.61
2018-04-22,32.83,22.09,1.36
2018-04-23,33.48,23.4,0.02
2018-04-24,32.46,22.93,1.66
2018-04-25,32.28,23.1,0.39
2018-04-26,32.74,23.26,0.5900000000000001
2018-04-27,33.88,22.72,0
2018-04-28,33.71,22.44,0
2018-04-29,33.31,23.96,0
2018-04-30,34,22.59,2.33
2018-05-01,32.07,23.58,0.08
2018-05-02,33.31,22.42,2.6100000000000003
2018-05-03,32.69,20.43,9.450000000000001
2018-05-04,31.01,21.71,0.21000000000000002
2018-05-05,33.03,22.84,0.12
2018-05-06,32.4,23.37,0
2018-05-07,31.99,23.66,0.41000000000000003
2018-05-08,32.53,21.53,10.27
2018-05-09,30.08,22.49,6.65
2018-05-10,31.47,21.24,16.97
2018-05-11,31.39,21.57,12.15
2018-05-12,30.83,21.47,12.8
2018-05-13,30.79,21.19,7.4
2018-05-14,29.82,21.79,20.84
2018-05-15,29,21.76,0.2
2018-05-16,30.65,22.15,0.98
2018-05-17,31.23,22.53,0.11
2018-05-18,30.44,21.63,15.280000000000001
2018-05-19,30.48,20.35,14.46
2018-05-20,28.85,21.34,17.77
2018-05-21,30.72,20.77,22.26
2018-05-22,30.26,22.3,7.68
2018-05-23,29.94,21.15,8.13
2018-05-24,30.99,21.9,11.22
2018-05-25,28.58,21.6,34.72
2018-05-26,29.56,22.71,7.16
2018-05-27,30.95,22.43,2.7
2018-05-28,30.57,22.13,9.12
2018-05-29,28.99,22.1,2.46
2018-05-30,28.59,22.04,0.98
2018-05-31,30.12,22.73,2.76
2018-06-01,29.44,21.19,6.07
2018-06-02,29.44,21.83,25.9
2018-06-03,29.99,21.13,4.24
2018-06-04,28.22,21.62,2.65
2018-06-05,30.33,21.91,7.199999999999999
2018-06-06,29.9,22,0.63
2018-06-07,28.32,21.97,8.14
2018-06-08,26.25,21.93,1.74
2018-06-09,24.72,21.7,5.94
2018-06-10,27.09,22.19,1.74
2018-06-11,27.25,22.7,1.8
2018-06-12,28.41,22.67,1.49
2018-06-13,28.03,22.36,1.8699999999999999
2018-06-14,27.1,21.58,11.88
2018-06-15,29.33,20.75,4.42
2018-06-16,29.53,20.85,1.54
2018-06-17,28.11,21.27,1.1300000000000001
2018-06-18,28.8,21.34,0.98
2018-06-19,28.07,21.09,4.23
2018-06-20,26.46,21.44,7.26
2018-06-21,27.36,20.73,5.37
2018-06-22,26.84,20.93,0.85
2018-06-23,27.59,20.98,7.37
2018-06-24,27.84,21.19,1.84
2018-06-25,28.42,20.91,4.53
2018-06-26,26.81,21.41,2.85
2018-06-27,26.85,21.13,7.62
2018-06-28,26.01,20.68,9.16
2018-06-29,28.37,20.59,7.82
2018-06-30,28.94,21,6.78
2018-07-01,28.14,21.01,3.18
2018-07-02,29.19,20.58,7.2
2018-07-03,27.59,20.8,0.45
2018-07-04,27.6,20.29,0.22
2018-07-05,28.65,20.54,0.01
2018-07-06,25.36,21.57,3.22
2018-07-07,24.95,21.5,7.569999999999999
2018-07-08,26.03,21.51,3.0100000000000002
2018-07-09,26.93,21.4,2
2018-07-10,25.96,20.98,6.96
2018-07-11,25.78,20.52,7.3100000000000005
2018-07-12,26.49,20.94,4.86
2018-07-13,25.17,21.27,11.85
2018-07-14,26.64,22.02,1.59
2018-07-15,26.88,21.92,1.29
2018-07-16,25.33,20.96,2.29
2018-07-17,26.62,21.29,1.06
2018-07-18,26.99,21.52,1.71
2018-07-19,26.65,21.18,2.03
2018-07-20,25.83,21.38,4.67
2018-07-21,26.61,21.38,2.67
2018-07-22,26.91,21.76,0.74
2018-07-23,26.41,21.42,1.15
2018-07-24,26.58,21.34,3.9
2018-07-25,27.48,21.29,1.29
2018-07-26,26.67,21.33,1.11
2018-07-27,26.82,20.84,4.67
2018-07-28,26.85,21.48,1.08
2018-07-29,27.48,21.29,0.68
2018-07-30,27.53,20.91,4.07
2018-07-31,27.09,20.56,1.42
2018-08-01,26.69,20.92,1.3699999999999999
2018-08-02,27.4,20.9,0.37
2018-08-03,27.67,20.02,0.78
2018-08-04,26.61,20.36,0.5700000000000001
2018-08-05,27,20.9,0.51
2018-08-06,26.61,20.53,0.9600000000000001
2018-08-07,25.01,21.23,1.76
2018-08-08,25.84,21.19,2.27
2018-08-09,27.61,21.07,1.92
2018-08-10,25.88,20.6,4.23
2018-08-11,24.51,21.08,4.37
2018-08-12,24.22,20.1,13.15
2018-08-13,23.65,20.52,9
2018-08-14,25.36,20.95,16.58
2018-08-15,25.44,21.02,12.35
2018-08-16,26.27,21.31,2.0300000000000002
2018-08-17,27.32,21.6,0.87
2018-08-18,27.7,21.59,1
2018-08-19,26.35,21.18,1.15
2018-08-20,26.78,21.4,0.58
2018-08-21,27.98,21.01,0.36
2018-08-22,27.3,20.76,0.51
2018-08-23,27.85,20.63,1.1500000000000001
2018-08-24,26.89,20.16,0.64
2018-08-25,27.49,20.15,0.45
2018-08-26,27.69,19.74,2.53
2018-08-27,25.8,20.52,3.61
2018-08-28,27.82,20.18,3.42
2018-08-29,27.82,20.73,4.8
2018-08-30,27.31,20.25,6.08
2018-08-31,27.96,20.52,7.42
2018-09-01,28.05,20.46,0.13
2018-09-02,27.54,20.02,0.48
2018-09-03,28.66,19.88,0
2018-09-04,28.8,20.22,0.12
2018-09-05,27.7,19.98,0
2018-09-06,27.28,20.05,0.56
2018-09-07,26.84,19.82,0.56
2018-09-08,27.53,19.92,0.3
2018-09-09,28.72,21.1,0.26
2018-09-10,27.52,21.28,1.53
2018-09-11,29.65,20.57,8.02
2018-09-12,28.74,21.23,1.4600000000000002
2018-09-13,28,21.12,0.76
2018-09-14,29.1,20.74,2.09
2018-09-15,28.79,21.17,1.08
2018-09-16,29.47,20.98,1.31
2018-09-17,28.03,20.33,1.53
2018-09-18,28.33,20.32,0.03
2018-09-19,27.63,20.08,0.24000000000000002
2018-09-20,27.28,21.06,2.65
2018-09-21,26.82,18.36,0.3
2018-09-22,29.18,19.55,0
2018-09-23,29.12,21,7.29
2018-09-24,28.52,20.57,14.56
2018-09-25,29.48,21.09,11
2018-09-26,29.57,20.82,5.51
2018-09-27,29.45,21.24,4.46
2018-09-28,28.53,21.48,14.94
2018-09-29,29.63,22.02,1.29
2018-09-30,30.66,20.96,1.18
2018-10-01,30.13,21.37,0.53
2018-10-02,29.23,21.47,0.55
2018-10-03,29.1,21.43,0.62
2018-10-04,25.76,20.79,9.459999999999999
2018-10-05,26.82,21.03,7.62
2018-10-06,26.19,20.82,4.03
2018-10-07,28.87,20.66,0.15
2018-10-08,28.47,21.01,5.47
2018-10-09,29.37,19.81,0.6900000000000001
2018-10-10,29,19.42,0.11
2018-10-11,29.49,20.05,0
2018-10-12,29.87,20.2,0.05
2018-10-13,30.16,20.62,0.06
2018-10-14,29.53,20.82,5.94
2018-10-15,27.89,21.36,20.580000000000002
2018-10-16,28.57,20.34,17.04
2018-10-17,27.98,20.28,15.51
2018-10-18,28.05,20.67,9.43
2018-10-19,28.07,20.18,6.12
2018-10-20,28.4,19.04,0
2018-10-21,26.47,18.61,2.2600000000000002
2018-10-22,28.15,17.36,0
2018-10-23,28.8,17.3,0
2018-10-24,29.39,17.96,0
2018-10-25,29.19,18.46,0
2018-10-26,28.76,18.18,0
2018-10-27,28.37,16.91,0
2018-10-28,28.86,16.51,0
2018-10-29,28.04,16.19,0
2018-10-30,28.82,18.16,0
2018-10-31,29.66,19.72,0.16
2018-11-01,27.88,20.19,8.76
2018-11-02,25.53,20.95,5.62
2018-11-03,27.08,20.38,2.5
2018-11-04,27.77,20.32,0.38
2018-11-05,28.93,19.64,0.02
2018-11-06,28.74,19.43,0.03
2018-11-07,28.85,16.05,0
2018-11-08,28.92,17.56,0
2018-11-09,30.04,17.79,0
2018-11-10,29.4,17.43,0
2018-11-11,29.44,17.36,0
2018-11-12,29.1,15.79,0
2018-11-13,29.28,15.67,0
2018-11-14,29.48,16.03,0
2018-11-15,27.61,17.5,0.02
2018-11-16,26.6,19.22,0.53
2018-11-17,29.74,20.31,0
2018-11-18,29.93,20.5,5.96
2018-11-19,29.34,20.39,0.56
2018-11-20,30,19.33,0.13
2018-11-21,26.69,20,2.61
2018-11-22,22.96,20.21,32.12
2018-11-23,25,20.3,9.92
2018-11-24,27.74,19.35,0.09
2018-11-25,27.83,18.48,0.01
2018-11-26,27.65,17.23,0
2018-11-27,26.49,15.82,0
2018-11-28,26.79,17.03,0
2018-11-29,25.5,19.13,0.56
2018-11-30,28.27,18.17,0
2018-12-01,27.64,16.08,0
2018-12-02,27.7,17.75,0
2018-12-03,27.6,18.29,0
2018-12-04,25.76,19.68,6.59
2018-12-05,28.21,20.45,0.71
2018-12-06,28.16,19.68,0.44
2018-12-07,28.52,19.44,0
2018-12-08,28.17,18.48,0
2018-12-09,28.7,19.03,0
2018-12-10,28.29,18.07,0
2018-12-11,27.91,19.25,0.01
2018-12-12,28.38,18.87,0
2018-12-13,27.44,18.99,0.09
2018-12-14,28.53,18.04,0
2018-12-15,27.3,16.92,0
2018-12-16,25.06,15.71,0
2018-12-17,26.2,15.4,0
2018-12-18,26.61,16.27,0
2018-12-19,25.51,16.94,0.03
2018-12-20,27.05,17.54,0
2018-12-21,27.31,18.35,0.06
2018-12-22,29.04,19.15,0.03
2018-12-23,28.18,19.15,0.26
2018-12-24,28.78,18.56,0
2018-12-25,29.03,17.8,0.01
2018-12-26,29.7,18.56,0
2018-12-27,28.68,18.89,0.2
2018-12-28,27.92,19.2,1.19
2018-12-29,25.58,18.05,1
2018-12-30,26.87,16.89,0
2018-12-31,26.3,14.49,0
2019-01-01,26.92,13.25,0
2019-01-02,26.92,13.06,0
2019-01-03,28.07,13.46,0
2019-01-04,27.95,13.08,0
2019-01-05,27.7,14.55,0
2019-01-06,27.5,14.84,0
2019-01-07,27.82,14.52,0
2019-01-08,27.91,14.1,0
2019-01-09,28.86,14.09,0
2019-01-10,27.99,15.3,0
2019-01-11,28.57,15.96,0
2019-01-12,27.77,15.31,0
2019-01-13,28.18,15.28,0
2019-01-14,28.28,14.12,0
2019-01-15,27.66,14.7,0
2019-01-16,27.61,15.17,0
2019-01-17,27.87,16.12,0
2019-01-18,27.97,14.9,0
2019-01-19,29.05,14.74,0
2019-01-20,27.57,14.74,0
2019-01-21,27.86,14.12,0
2019-01-22,27.79,15.26,0
2019-01-23,28.42,17.37,0
2019-01-24,28.77,17.51,0
2019-01-25,28.31,17.67,0
2019-01-26,27.99,19.03,0.31
2019-01-27,26.89,19.27,2.64
2019-01-28,25.76,18,2.96
2019-01-29,26.23,16.95,0.04
2019-01-30,27.95,17.25,0
2019-01-31,26.85,17.07,0
2019-02-01,27.06,17.55,0
2019-02-02,27.43,17.31,0
2019-02-03,28.01,17.06,0
2019-02-04,28.94,18.47,0
2019-02-05,28.44,18.7,0
2019-02-06,29.43,18.89,0
2019-02-07,29.71,19.49,0
2019-02-08,30.04,20.23,0.02
2019-02-09,29.71,20.44,5.59
2019-02-10,28.87,20.6,0.53
2019-02-11,28.49,18.07,0.11
2019-02-12,28.49,17.55,0
2019-02-13,28.84,17.11,0
2019-02-14,29.89,18.65,0
2019-02-15,30.17,19.93,0.02
2019-02-16,30.53,20.29,0.04
2019-02-17,30.88,19.33,0
2019-02-18,31.74,20.13,0
2019-02-19,31.24,20.66,0.1
2019-02-20,31.56,18.52,0
2019-02-21,30.74,17.61,0
2019-02-22,31.11,17.06,0
2019-02-23,32.65,17.49,0
2019-02-24,32.65,17.65,0
2019-02-25,33.32,18.58,0
2019-02-26,32.61,20.51,0
2019-02-27,31.83,21.14,0
2019-02-28,31.9,20.8,0
2019-03-01,32.55,21.49,0.05
2019-03-02,31.21,20.37,0.01
2019-03-03,31.32,20.87,0.01
2019-03-04,31.72,21.48,0.01
2019-03-05,32.21,22.91,0.04
2019-03-06,33.54,21.84,0
2019-03-07,34.53,21.26,0
2019-03-08,34.1,21.77,0
2019-03-09,32.04,22.85,0.15
2019-03-10,32.85,22.8,0
2019-03-11,33.15,21.62,0
2019-03-12,32.79,20.84,0
2019-03-13,33.02,20.78,0
2019-03-14,33.22,21.19,0
2019-03-15,33.15,20.05,0
2019-03-16,32.85,18.77,0
2019-03-17,32.25,19.08,0
2019-03-18,33.49,20.71,0
2019-03-19,33.31,21.95,0
2019-03-20,32.55,21.85,0
2019-03-21,33.41,21.59,0
2019-03-22,33.93,22.03,0
2019-03-23,33.81,23.6,0
2019-03-24,34.15,22.62,0
2019-03-25,34.18,21.86,0
2019-03-26,34.28,21.77,0
2019-03-27,34.53,21.09,0
2019-03-28,34.99,22.56,0
2019-03-29,34.36,23.21,0
2019-03-30,34.68,22.51,0
2019-03-31,34.71,22.59,0
2019-04-01,34.64,23.29,0
2019-04-02,34.15,22.68,0
2019-04-03,34.41,21.98,0
2019-04-04,35,21.9,0
2019-04-05,33.92,22.68,0
2019-04-06,34.94,22.37,0
2019-04-07,34.78,23.38,0
2019-04-08,34.58,23.62,0
2019-04-09,33.66,22.62,0.65
2019-04-10,34.75,23.57,0.01
2019-04-11,34.58,23.67,0
2019-04-12,35.48,23.69,0
2019-04-13,34.82,23.62,0
2019-04-14,35.48,23.14,0
2019-04-15,35.02,23,0
2019-04-16,35.22,24.54,0
2019-04-17,33.99,22.48,3.13
2019-04-18,33.77,22.2,7.08
2019-04-19,32.64,22.93,1.83
2019-04-20,33.15,21.72,9.1
2019-04-21,32.5,23.01,0.43000000000000005
2019-04-22,33.16,21.77,0.27
2019-04-23,33.71,22.75,0.49
2019-04-24,33.3,22.64,0
2019-04-25,34.79,23.58,0
2019-04-26,34.9,23.5,0
2019-04-27,35,23.16,0
2019-04-28,33.86,23.49,0
2019-04-29,34,23.3,0.03
2019-04-30,33.68,21.86,9.41
2019-05-01,31.83,22.32,0.29
2019-05-02,33.61,21.87,0
2019-05-03,32.76,22.2,0.02
2019-05-04,33.11,23.19,0.01
2019-05-05,34.13,23.93,0
2019-05-06,34.34,24.72,0.09999999999999999
2019-05-07,33.38,22.58,12.03
2019-05-08,31.86,22.23,1.4
2019-05-09,33.13,22.98,0.22
2019-05-10,33.62,24.41,0.01
2019-05-11,33.8,23.91,1.1500000000000001
2019-05-12,34.03,23.59,6.82
2019-05-13,31.91,22.8,2.35
2019-05-14,33.7,23.75,0.09
2019-05-15,33.02,21.78,0.71
2019-05-16,33.44,23.87,1.37
2019-05-17,32.98,22.43,2.95
2019-05-18,33.23,23.87,0.31
2019-05-19,33.66,24.03,0.25
2019-05-20,33.46,23.94,0.08
2019-05-21,34.12,23.68,0.11
2019-05-22,33.42,23.1,2.63
2019-05-23,33.23,22.86,12.700000000000001
2019-05-24,32.79,21.76,5.78
2019-05-25,31.92,22.31,17.2
2019-05-26,32.57,22.26,10.459999999999999
2019-05-27,32.57,23.71,2.4299999999999997
2019-05-28,32.08,22.75,3.8699999999999997
2019-05-29,32.73,23.05,5.89
2019-05-30,31.79,22.54,23.5
2019-05-31,32.45,22.52,2.95
2019-06-01,31.62,23.64,4.75
2019-06-02,31.04,21.72,23.98
2019-06-03,29.29,22.02,7.859999999999999
2019-06-04,31.03,23.06,0.86
2019-06-05,31.19,21.75,23.44
2019-06-06,31.6,22.51,10.24
2019-06-07,31.13,22.33,18.17
2019-06-08,31.21,22.77,10.8
2019-06-09,32.25,22.05,3.94
2019-06-10,29.15,22.42,1.49
2019-06-11,29.37,22.9,0.18
2019-06-12,27.97,22.62,0.81
2019-06-13,28.47,22.28,2.44
2019-06-14,29.61,21.78,4.69
2019-06-15,30.65,22.21,0.06
2019-06-16,31.09,22.09,0.15
2019-06-17,29.81,22.47,0.07
2019-06-18,30.34,21.93,0.14
2019-06-19,30.5,22.64,2.95
2019-06-20,29.6,21.28,6.99
2019-06-21,28.13,22,0.86
2019-06-22,29.35,22.05,2.12
2019-06-23,27.78,21.86,1.98
2019-06-24,29.66,21.87,5.8
2019-06-25,29.5,22.39,5.25
2019-06-26,29.14,21.99,2.35
2019-06-27,30.15,22.26,0.6
2019-06-28,30.26,22.05,0.27
2019-06-29,29.27,22.59,0.16
2019-06-30,28.03,21.81,0.43
2019-07-01,30.08,22.2,0.37
2019-07-02,30.03,22.41,0.8500000000000001
2019-07-03,29.4,22.62,0.46
2019-07-04,29.02,22.79,5.34
2019-07-05,28.3,22.41,1.05
2019-07-06,28.21,22.55,0.45
2019-07-07,28.8,21.91,0.18
2019-07-08,29.14,21.59,0.7
2019-07-09,29.72,21.38,2.33
2019-07-10,26.8,20.6,18.96
2019-07-11,28.2,20.7,2.43
2019-07-12,30.02,20.74,2.42
2019-07-13,29.2,21.23,8.12
2019-07-14,28.97,21.58,6.9399999999999995
2019-07-15,30.07,21.31,8.12
2019-07-16,29.35,21.77,1.91
2019-07-17,28.59,22.31,6.35
2019-07-18,28.93,22.13,13.19
2019-07-19,29.18,21.51,7.56
2019-07-20,27.73,21.84,1.76
2019-07-21,28.38,21.6,10.09
2019-07-22,25.67,19.89,21.52
2019-07-23,26.04,20.51,5.92
2019-07-24,28.49,21.36,6.3100000000000005
2019-07-25,27.85,21.21,5.14
2019-07-26,25.99,21.24,6.81
2019-07-27,27.28,21.28,0.96
2019-07-28,27.05,21.87,2
2019-07-29,27.86,21,0.52
2019-07-30,26.95,20.85,0.22
2019-07-31,29.34,21.42,0.8
2019-08-01,28.88,21.01,0.39
2019-08-02,27.05,21.66,0.07
2019-08-03,27.55,21.85,0.16
2019-08-04,27.31,21.94,0.78
2019-08-05,27.23,20.92,7.52
2019-08-06,25.31,21.22,3.71
2019-08-07,25.71,21.99,3.8200000000000003
2019-08-08,26.15,21.45,8.51
2019-08-09,27.12,21.75,2.23
2019-08-10,26.13,21.32,6.0200000000000005
2019-08-11,28.11,21.57,0.48
2019-08-12,28.39,21.38,4.87
2019-08-13,28.08,21.27,8.34
2019-08-14,27.52,21.09,5.36
2019-08-15,27.58,21.5,5.06
2019-08-16,27.99,20.72,7.42
2019-08-17,25.28,20.91,13.64
2019-08-18,24.73,20.91,16.26
2019-08-19,28.9,21.15,11.1
2019-08-20,26.95,20.87,0.9400000000000001
2019-08-21,27.54,20.76,4.25
2019-08-22,27.32,20.74,6.54
2019-08-23,28.82,20.66,2.56
2019-08-24,28.25,20.7,2.76
2019-08-25,28.68,21.24,0.48
2019-08-26,27.6,21.07,0.22
2019-08-27,28.31,20.9,3.92
2019-08-28,29.06,21.27,1.25
2019-08-29,28.9,21.39,5.37
2019-08-30,28.97,21.23,3.4299999999999997
2019-08-31,27.19,21.29,0.88
2019-09-01,26.1,21.41,4.68
2019-09-02,27.42,21.04,7.18
2019-09-03,26.45,21.04,3.37
2019-09-04,27.04,21.41,2.44
2019-09-05,27.06,21.54,2.12
2019-09-06,27.41,21.47,0.75
2019-09-07,27.97,21.8,1.07
2019-09-08,27.11,21.94,1.6700000000000002
2019-09-09,27.24,21.67,1.2
2019-09-10,27.6,21.2,2.7399999999999998
2019-09-11,28.14,21.07,3.94
2019-09-12,27.49,20.76,3.97
2019-09-13,28.55,20.94,1.11
2019-09-14,28.75,21,2.58
2019-09-15,28.08,21.04,8.21
2019-09-16,27.41,20.54,14.86
2019-09-17,26.2,21.2,14.06
2019-09-18,27.06,21.44,15.61
2019-09-19,27.3,21.08,6.29
2019-09-20,28.42,21.2,0.38
2019-09-21,29.34,21.92,0.64
2019-09-22,28.02,21.69,20.03
2019-09-23,28.22,21.35,29.05
2019-09-24,28.95,21.44,6.08
2019-09-25,27.28,20.52,13.1
2019-09-26,28.45,21.19,0.13
2019-09-27,28.85,20.69,4.34
2019-09-28,28.71,21.33,0.27
2019-09-29,29.18,21.78,0.22
2019-09-30,28.89,21.19,2.77
2019-10-01,28.89,20.31,13.67
2019-10-02,29.58,20.99,6.21
2019-10-03,29.33,20.41,13.49
2019-10-04,28.47,20.33,14.860000000000001
2019-10-05,28.54,21.25,10.51
2019-10-06,28.27,21.46,2.7
2019-10-07,28.43,20.74,16
2019-10-08,28.78,20.59,9.03
2019-10-09,29.33,21.08,9.44
2019-10-10,29.3,21.54,2.29
2019-10-11,28.96,21.62,3.02
2019-10-12,29.32,21.92,4.19
2019-10-13,29.22,21.78,6.72
2019-10-14,29.65,21.66,0.71
2019-10-15,27.58,21.32,6.62
2019-10-16,25.97,20.96,9.23
2019-10-17,26.45,20.51,6.76
2019-10-18,28.07,20.59,2.4499999999999997
2019-10-19,27.87,20.99,1.4500000000000002
2019-10-20,27.35,20.95,13.18
2019-10-21,25.69,20.7,21.04
2019-10-22,24.23,20.36,7.8100000000000005
2019-10-23,25.17,20.27,14.7
2019-10-24,26.51,20.47,3.59
2019-10-25,26.19,19.65,2.49
2019-10-26,26.34,19.88,4.5600000000000005
2019-10-27,27.52,20.65,3.58
2019-10-28,27.69,20.59,1.05
2019-10-29,25.53,20.25,2.61
2019-10-30,24.27,20.62,9.32
2019-10-31,25.68,18.97,4.34
2019-11-01,28.77,20.33,3.02
2019-11-02,28.62,20.87,0.67
2019-11-03,29.11,18.81,0.28
2019-11-04,29.37,18.91,0
2019-11-05,28.94,19.86,0.5700000000000001
2019-11-06,29.27,20.81,2.06
2019-11-07,29.14,20.9,2.2800000000000002
2019-11-08,28.66,21.12,3.48
2019-11-09,28.76,21.38,1.08
2019-11-10,28.89,20.5,0.8200000000000001
2019-11-11,28.09,19.13,0.76
2019-11-12,28.34,19.31,0
2019-11-13,27.41,18.95,0.04
2019-11-14,25.91,20.16,2.42
2019-11-15,26.44,20.76,2.44
2019-11-16,28.1,19.84,0.46
2019-11-17,29.24,20.55,0.11
2019-11-18,28.34,21.16,1.14
2019-11-19,28.47,20.95,0.21000000000000002
2019-11-20,27.09,20.71,4.6
2019-11-21,26.63,20,0.96
2019-11-22,25.86,17.55,0.23
2019-11-23,27.2,18.63,0.04
2019-11-24,27.99,18.29,0
2019-11-25,27.35,17.4,0.03
2019-11-26,27.36,18.21,0.05
2019-11-27,25.27,20.43,2.93
2019-11-28,26.57,20.2,0.79
2019-11-29,26.79,19.65,0.72
2019-11-30,25.28,19.9,12.02
2019-12-01,22.54,20.48,13.75
2019-12-02,24.14,19.74,1.7
2019-12-03,23.63,18.45,4.6
2019-12-04,25.81,18.12,0.7000000000000001
2019-12-05,25.1,18.8,0.32
2019-12-06,25.2,15.79,0.01
2019-12-07,24.62,16.82,1.48
2019-12-08,25.02,17.95,1.1300000000000001
2019-12-09,26.56,18.24,0
2019-12-10,26.26,17.19,0.14
2019-12-11,27.22,17.25,0
2019-12-12,27.45,17.74,0
2019-12-13,27.87,18.77,0.1
2019-12-14,23.16,18.37,4.12
2019-12-15,26.86,18.53,0.03
2019-12-16,26.33,18.76,0.06
2019-12-17,26.46,16.81,0.01
2019-12-18,26.29,17.37,0.05
2019-12-19,26.09,17.3,0
2019-12-20,26.36,18.15,0
2019-12-21,26.99,18.87,0.02
2019-12-22,26.74,18.25,0
2019-12-23,25.77,18.51,0
2019-12-24,26.67,19.47,0.24
2019-12-25,25.72,19.86,0.72
2019-12-26,27.02,18.79,0.25
2019-12-27,28.83,18.03,0.49
2019-12-28,27.14,18.27,0
2019-12-29,27.47,17.99,0.01
2019-12-30,27.42,18.41,0.08
2019-12-31,26.58,19.11,0.52
2020-01-01,26.04,19.63,1.16
2020-01-02,27.38,20.13,1.1
2020-01-03,29.11,20.24,0
2020-01-04,29.66,20.42,0
2020-01-05,29.33,20.79,0.37
2020-01-06,26.71,19.97,0.53
2020-01-07,27.29,19.16,0.09
2020-01-08,28.55,18.67,0
2020-01-09,28.88,17.77,0
2020-01-10,28.31,17.06,0
2020-01-11,27.72,16.15,0
2020-01-12,27.65,17.72,0
2020-01-13,28.02,16.97,0
2020-01-14,28.8,15.69,0
2020-01-15,28.13,15.21,0
2020-01-16,27.8,16.29,0
2020-01-17,28.55,17.5,0
2020-01-18,27.74,18.89,0.19
2020-01-19,28.77,18.75,0
2020-01-20,29.55,17.56,0
2020-01-21,29.32,16.72,0
2020-01-22,28.99,17.58,0
2020-01-23,28.79,17.15,0
2020-01-24,29.35,15.99,0
2020-01-25,29.2,15.18,0
2020-01-26,30.37,15.88,0
2020-01-27,30.58,17.31,0
2020-01-28,29.61,17.75,0
2020-01-29,30.4,18.1,0
2020-01-30,30.87,19.17,0
2020-01-31,30.33,19.14,0
2020-02-01,29.03,18.52,0
2020-02-02,28.34,18.29,0
2020-02-03,29.26,16.92,0
2020-02-04,28.48,18.09,0
2020-02-05,28.87,18.11,0
2020-02-06,29.18,18.23,0
2020-02-07,28.84,18.95,0.01
2020-02-08,29.12,18.66,0
2020-02-09,28.89,18.89,0.06
2020-02-10,29.26,17.45,0
2020-02-11,28.87,18.21,0
2020-02-12,28.95,18.58,0
2020-02-13,29.99,17.66,0
2020-02-14,29.66,17.86,0
2020-02-15,30.66,18.26,0
2020-02-16,30.64,16.75,0
2020-02-17,30.42,16.75,0
2020-02-18,30.28,16.94,0
2020-02-19,30.2,16.99,0
2020-02-20,30.31,17.53,0
2020-02-21,30.45,18.15,0
2020-02-22,30.3,19.07,0
2020-02-23,29.82,19.29,0
2020-02-24,29.58,19.08,0
2020-02-25,30.84,19.39,0
2020-02-26,30.49,20.17,0
2020-02-27,30.38,19.73,0
2020-02-28,29.95,19.97,0
2020-02-29,31.03,20.16,0
2020-03-01,31.27,20.12,0
2020-03-02,29.74,20.46,0.19
2020-03-03,30.97,21.32,0.17
2020-03-04,30.68,22.04,0.51
2020-03-05,30.47,21.77,0.74
2020-03-06,30.43,22.26,0.9400000000000001
2020-03-07,30.94,22.38,0.97
2020-03-08,31.21,21.13,0.42
2020-03-09,30.71,21.76,0.41000000000000003
2020-03-10,31.45,22.09,0.11
2020-03-11,32.31,21.73,0
2020-03-12,31.68,20.93,0
2020-03-13,32.13,20.13,0
2020-03-14,32.17,20.6,0
2020-03-15,32.51,20.57,0
2020-03-16,32.4,20.65,0
2020-03-17,32.46,19.83,0
2020-03-18,32.91,21.02,0
2020-03-19,33.18,22.29,0
2020-03-20,31.07,21.68,2.92
2020-03-21,33,22.02,0.01
2020-03-22,31.11,22.85,0.3
2020-03-23,31.04,21.26,6.25
2020-03-24,32.99,20.66,0
2020-03-25,32.31,20.52,0
2020-03-26,32.46,19.87,0
2020-03-27,32.66,19.64,0
2020-03-28,33.16,19.8,0
2020-03-29,33.79,20.33,0
2020-03-30,34.2,20.54,0
2020-03-31,33.45,21.03,0
2020-04-01,34.48,21.83,0
2020-04-02,34.47,22.47,0
2020-04-03,34,21.83,0
2020-04-04,34.42,21.89,0
2020-04-05,34.3,23.03,0.13999999999999999
2020-04-06,32.99,23.13,2.75
2020-04-07,30.11,22.03,10.03
2020-04-08,31.81,21.87,9.17
2020-04-09,31.47,20.31,1.87
2020-04-10,30.96,21.27,0.29000000000000004
2020-04-11,32.06,21.33,0.07
2020-04-12,33.23,20.65,0.02
2020-04-13,34.2,20.21,0
2020-04-14,34.26,20.14,0
2020-04-15,34.05,20.96,0
2020-04-16,34.2,22.97,0
2020-04-17,34.62,23.18,0
2020-04-18,34.1,23.16,0
2020-04-19,33.85,22.8,0.02
2020-04-20,33.82,21.91,0
2020-04-21,34.03,22.93,0
2020-04-22,34.34,23.83,0.01
2020-04-23,35.58,24.67,0
2020-04-24,33.51,23.66,7.55
2020-04-25,31.35,23.04,10.3
2020-04-26,29.48,22.45,2.1
2020-04-27,32.02,22.4,0.16
2020-04-28,32.9,21.47,0.22
2020-04-29,27.64,20.83,1.8199999999999998
2020-04-30,32.1,22.36,0.1
2020-05-01,33.09,23.27,0.02
2020-05-02,32.56,23.38,0.15
2020-05-03,33.26,23.83,0
2020-05-04,33.3,23.4,0
2020-05-05,32.92,23.74,0
2020-05-06,32.96,24.33,0
2020-05-07,32.97,23.47,0.16
2020-05-08,32.45,24.26,0
2020-05-09,33.72,23.87,0.02
2020-05-10,34.09,23.38,0
2020-05-11,33.41,22.49,0.1
2020-05-12,33.55,22.41,0
2020-05-13,33.7,23.26,0.03
2020-05-14,33.88,23.26,0
2020-05-15,34.91,23.89,0.02
2020-05-16,33.68,24.86,0.29000000000000004
2020-05-17,33.45,21.38,8.31
2020-05-18,30.29,22.1,1.85
2020-05-19,31.26,22.68,0.63
2020-05-20,32.92,22.67,0.22999999999999998
2020-05-21,33.76,23.28,0.12
2020-05-22,33.7,23.62,0
2020-05-23,34.52,23.81,0
2020-05-24,33.74,23.51,0.16
2020-05-25,33.91,23.58,0.02
2020-05-26,33.17,22.95,1.07
2020-05-27,32.21,22.82,0.87
2020-05-28,33.5,21.47,0.92
2020-05-29,33.14,21.67,4.72
2020-05-30,30.9,22.64,16.54
2020-05-31,31.75,22.5,1.51
2020-06-01,30.25,22.12,10.63
2020-06-02,29.15,22.04,0.78
2020-06-03,29.79,22.35,0.88
2020-06-04,29.83,22.05,2.23
2020-06-05,30.92,22.29,3.52
2020-06-06,30.69,21.65,11.66
2020-06-07,31.1,22.13,2.59
2020-06-08,30.93,22.08,0.35000000000000003
2020-06-09,30.21,22.57,1.25
2020-06-10,29.23,22.04,3.3000000000000003
2020-06-11,27.83,20.86,3.46
2020-06-12,27.66,21.11,0.7000000000000001
2020-06-13,28.36,21.47,2.64
2020-06-14,29.14,22.44,1.6
2020-06-15,29.18,22.29,0.18
2020-06-16,28.58,22.07,0.52
2020-06-17,27.89,22.2,0.61
2020-06-18,28.55,21.69,0.99
2020-06-19,29.68,21.73,1.89
2020-06-20,29.64,21.04,0.21
2020-06-21,29.05,21.24,2.85
2020-06-22,28.61,21.4,3.92
2020-06-23,30.63,22.04,2.77
2020-06-24,30.7,21.49,7.54
2020-06-25,29.88,21.46,25.52
2020-06-26,29.17,21.83,13.51
2020-06-27,28.83,22.26,0.35000000000000003
2020-06-28,29.3,21.86,5.37
2020-06-29,29.01,21.63,3.45
2020-06-30,29,21.27,0.89
2020-07-01,29.14,21.33,7.09
2020-07-02,27.93,21.17,8.63
2020-07-03,26.61,20.92,20.93
2020-07-04,27.44,21.56,4.45
2020-07-05,27.19,22,1.18
2020-07-06,27.43,21.61,1.06
2020-07-07,28.99,20.88,1.95
2020-07-08,27.96,20.79,13.879999999999999
2020-07-09,26.98,20.22,12.94
2020-07-10,27.52,20.8,4.16
2020-07-11,28.69,21.2,7.65
2020-07-12,28.72,20.97,3.74
2020-07-13,28.27,21.36,3.29
2020-07-14,27.44,21.39,8.18
2020-07-15,26.36,20.41,21.759999999999998
2020-07-16,25.68,20.92,6.28
2020-07-17,27.79,21.22,6.7
2020-07-18,27.19,21.42,9.8
2020-07-19,28.32,21.75,7.68
2020-07-20,29.09,20.64,4.34
2020-07-21,30.08,21.54,0.08
2020-07-22,30.46,22.37,0.48000000000000004
2020-07-23,29.84,21.81,16.900000000000002
2020-07-24,26.66,21.2,32.21
2020-07-25,28.53,20.57,6.37
2020-07-26,27.9,20.9,1.96
2020-07-27,28.84,20.78,2.22
2020-07-28,29.21,21.36,6.93
2020-07-29,25.51,21.14,9.47
2020-07-30,27.79,21.69,2.02
2020-07-31,28.95,20.8,3.5
2020-08-01,28.18,21.17,0.31
2020-08-02,26.83,20.76,10.34
2020-08-03,25.24,21,8.22
2020-08-04,25.31,20.88,11.71
2020-08-05,25.49,21.75,9.28
2020-08-06,28.35,22.06,6.07
2020-08-07,26.5,22.19,0.63
2020-08-08,27.99,20.6,41.06
2020-08-09,25.45,20.64,20.470000000000002
2020-08-10,26.21,21.19,4.91
2020-08-11,27.62,21.36,4.4
2020-08-12,26.92,21.6,0.71
2020-08-13,27.85,21.06,0.22
2020-08-14,26.62,21.18,0.35000000000000003
2020-08-15,26.29,21.27,0.2
2020-08-16,24.46,21.01,1.2
2020-08-17,27.16,20.98,3.9499999999999997
2020-08-18,26.72,20.77,1.21
2020-08-19,26.64,21.14,0.28
2020-08-20,26.68,20.88,1.19
2020-08-21,28.05,20.62,0.5700000000000001
2020-08-22,28.41,21.33,1.7
2020-08-23,27.77,21.12,0.9600000000000001
2020-08-24,28.01,20.97,0.05
2020-08-25,29.11,21.47,0.01
2020-08-26,29.51,21.33,0.2
2020-08-27,28.36,20.39,0.12
2020-08-28,29.08,20.53,0
2020-08-29,29.26,21.17,0.06999999999999999
2020-08-30,29.76,20.88,2.01
2020-08-31,28.81,21.19,1.4000000000000001
2020-09-01,27.99,20.14,12.43
2020-09-02,26.01,20.55,10.34
2020-09-03,29.6,21.03,7.08
2020-09-04,28.6,21.83,4.91
2020-09-05,29.25,21.93,4.2
2020-09-06,30.7,21.55,6.29
2020-09-07,28.08,21.03,2.47
2020-09-08,29.4,21.35,6.05
2020-09-09,28.35,20.45,8.79
2020-09-10,25.96,20.38,7.55
2020-09-11,26.5,20.91,10.74
2020-09-12,25.67,20.09,8.31
2020-09-13,24.77,20.32,16.38
2020-09-14,25.3,20.3,1.62
2020-09-15,27.72,20.51,11.42
2020-09-16,27.21,20.85,1.52
2020-09-17,27.97,20.9,1.98
2020-09-18,27.3,20.46,3.96
2020-09-19,25.84,20.99,14.06
2020-09-20,24.16,20.68,8.82
2020-09-21,26.61,21,11
2020-09-22,27.85,19.76,0.17
2020-09-23,27.78,19.9,0.07
2020-09-24,27.67,21.18,3.38
2020-09-25,28.24,20.77,7.42
2020-09-26,25.07,21.17,0.9700000000000001
2020-09-27,27.17,20.27,0.15
2020-09-28,28.95,21.11,0.75
2020-09-29,27.09,19.9,17.03
2020-09-30,26.12,19.98,6.59
2020-10-01,27.16,20.4,0.61
2020-10-02,28.5,21.27,0.79
2020-10-03,27.78,20.54,0.5900000000000001
2020-10-04,26.25,19.9,0.66
2020-10-05,28.21,20.7,0.71
2020-10-06,29.86,21.39,0.42
2020-10-07,28.94,21.24,0.34
2020-10-08,29.37,21.95,0.4
2020-10-09,28.82,20.52,1.99
2020-10-10,28.53,20.92,14.19
2020-10-11,25.37,20.18,9.84
2020-10-12,25.93,20.37,11.51
2020-10-13,25.77,20.01,1.79
2020-10-14,26.46,19.89,0.23
2020-10-15,26.96,19.72,0.05
2020-10-16,27.51,19.65,0.78
2020-10-17,28.12,20.37,0.02
2020-10-18,27.45,21.37,2.75
2020-10-19,27.35,21.25,7.58
2020-10-20,25.38,20.79,8.629999999999999
2020-10-21,25.52,20.96,11.85
2020-10-22,24.99,20.21,3.81
2020-10-23,24.39,18.67,8.44
2020-10-24,24.26,18.67,17.94
2020-10-25,27.68,19.88,0.66
2020-10-26,28.55,19.16,0.51
2020-10-27,29.1,18.33,0
2020-10-28,28.2,18.2,0
2020-10-29,26.18,19.04,0.01
2020-10-30,28.38,18.14,0
2020-10-31,28.62,19.26,0.16
2020-11-01,28.87,19.84,0.13
2020-11-02,28.62,19.92,0.32
2020-11-03,28.43,20.05,0.12
2020-11-04,27.75,20.93,1.1500000000000001
2020-11-05,28.39,20.96,4.92
2020-11-06,28.22,21.14,0.49
2020-11-07,28.27,20.68,2.96
2020-11-08,27.29,20.22,0.16
2020-11-09,27.67,16.58,0.01
2020-11-10,26.52,15.28,0
2020-11-11,27.37,16.97,0
2020-11-12,27.55,20.73,0.99
2020-11-13,26.13,20.4,5.81
2020-11-14,27.96,19.28,0.59
2020-11-15,25.15,20.16,5.6
2020-11-16,24.76,20.18,8.18
2020-11-17,26.64,19.87,2.53
2020-11-18,27.43,20.18,0.38
2020-11-19,27.45,20.07,0.46
2020-11-20,27.95,16.79,0
2020-11-21,27.42,14.94,0
2020-11-22,26.86,15.68,0
2020-11-23,27.26,18.84,0.1
2020-11-24,25.5,18.57,0.02
2020-11-25,24.02,19.46,3.2199999999999998
2020-11-26,20.74,18.88,8.73
2020-11-27,22.76,16.53,0.01
2020-11-28,25.25,16.86,0.84
2020-11-29,24.66,19.71,1.59
2020-11-30,25.75,17.63,0.23
2020-12-01,25.39,16.67,0
2020-12-02,25.77,18.53,0.01
2020-12-03,21.45,19.48,33.06
2020-12-04,22.5,20.1,6.08
2020-12-05,23.79,19.82,5.04
2020-12-06,25.63,20.21,1.34
2020-12-07,25.4,20.45,3.56
2020-12-08,25.41,19.89,9.61
2020-12-09,25.96,17.79,1.79
2020-12-10,26.96,17.09,0
2020-12-11,26.79,15.97,0
2020-12-12,26.07,16.12,0
2020-12-13,25.95,16.59,0
2020-12-14,26.27,16.94,0.02
2020-12-15,25.74,17.44,0
2020-12-16,24.98,19.24,1.34
2020-12-17,24.67,19.07,1.01
2020-12-18,26.52,17.77,0
2020-12-19,25.6,18.24,0.12000000000000001
2020-12-20,25.7,16.13,0.31
2020-12-21,25.06,14.29,0
2020-12-22,25.91,15.39,0
2020-12-23,26.04,16.91,0
2020-12-24,26.73,16.98,0
2020-12-25,26.84,15.8,0
2020-12-26,26.49,15.61,0
2020-12-27,27.7,16.61,0
2020-12-28,26.87,15.86,0
2020-12-29,27.2,17.24,0.15
2020-12-30,27.96,19.73,0.08
2020-12-31,24.71,18.03,0.13
2021-01-01,25.14,16.45,0
2021-01-02,25.18,17.01,0.6900000000000001
2021-01-03,25.15,18.74,0.92
2021-01-04,24.51,18.64,0.4
2021-01-05,25.52,19.56,2.21
2021-01-06,24.08,19.6,32
2021-01-07,24.75,20.22,6.02
2021-01-08,26.65,20.35,1.95
2021-01-09,25.4,19.62,0.39
2021-01-10,26.32,19.56,0.19
2021-01-11,24.2,18.81,0.83
2021-01-12,24.37,18.24,0.09
2021-01-13,26.48,17.14,0
2021-01-14,25.16,17.51,0.26
2021-01-15,26.06,18.45,0
2021-01-16,27.53,17.53,0.03
2021-01-17,27.66,15.29,0
2021-01-18,27.03,15.91,0
2021-01-19,26.6,16.64,0
2021-01-20,28.04,17.24,0
2021-01-21,28.95,18.25,0
2021-01-22,28.57,19.14,0.77
2021-01-23,28.12,16.94,0
2021-01-24,27.97,15.94,0
2021-01-25,27.38,15.7,0
2021-01-26,28.74,16,0
2021-01-27,27.81,16.56,0
2021-01-28,26.99,17.13,0
2021-01-29,27.53,17.68,0
2021-01-30,28.67,17.36,0
2021-01-31,28.3,17.29,0
2021-02-01,28.48,17.4,0
2021-02-02,27.52,18.22,0
2021-02-03,27.27,16.2,0
2021-02-04,27.78,15.6,0
2021-02-05,28.31,15.55,0
2021-02-06,28.76,16.19,0
2021-02-07,28.05,15.75,0
2021-02-08,27.89,16.15,0
2021-02-09,26.58,14.6,0
2021-02-10,27.78,14.71,0
2021-02-11,28.48,14.93,0
2021-02-12,28.82,15.09,0
2021-02-13,29.09,15.96,0
2021-02-14,28.84,16.41,0
2021-02-15,29.79,17.83,0
2021-02-16,29.37,18.65,0
2021-02-17,29.57,17.88,0
2021-02-18,28.18,18.56,0.06
2021-02-19,27.49,18.37,1
2021-02-20,27.06,18.78,5.7
2021-02-21,24.47,18.21,1.48
2021-02-22,27.77,18.25,0.39999999999999997
2021-02-23,29.45,18.16,0
2021-02-24,29.87,18.48,0
2021-02-25,31.07,18.58,0
2021-02-26,31.42,19.24,0
2021-02-27,32.07,19.58,0
2021-02-28,31.76,18,0
2021-03-01,31.59,18.59,0
2021-03-02,31.33,18.7,0
2021-03-03,30.99,18.11,0
2021-03-04,30.31,16.68,0
2021-03-05,30.46,17.54,0
2021-03-06,32.56,18.43,0
2021-03-07,32.71,19.34,0
2021-03-08,31.5,18.85,0
2021-03-09,31.17,19.15,0
2021-03-10,31.73,20.32,0
2021-03-11,31.61,20.28,0
2021-03-12,31.5,18.21,0
2021-03-13,31.49,18.81,0
2021-03-14,31.82,19.65,0
2021-03-15,31.61,20.15,0
2021-03-16,32.17,19.47,0
2021-03-17,31.97,19.58,0
2021-03-18,32.29,18.76,0
2021-03-19,32.35,18.88,0
2021-03-20,31.5,19.88,0
2021-03-21,32.17,19.68,0
2021-03-22,32.83,20.29,0
2021-03-23,33.13,20.38,0
2021-03-24,33.36,20.96,0
2021-03-25,33.76,20.71,0
2021-03-26,34.11,20.73,0
2021-03-27,33.77,21.54,0
2021-03-28,32.99,21.51,0
2021-03-29,33.8,22.02,0
2021-03-30,33.57,23.65,0
2021-03-31,34.96,22.52,0
2021-04-01,35.5,21.71,0
2021-04-02,34.45,22.41,0
2021-04-03,33.67,22.93,0
2021-04-04,33.87,23.58,0
2021-04-05,32.56,22.12,0
2021-04-06,33.77,21.52,0
2021-04-07,34.09,20.69,0
2021-04-08,33.62,21.3,0
2021-04-09,33.35,20.67,0
2021-04-10,33.13,21.17,0
2021-04-11,32.91,22.13,0
2021-04-12,32.85,22.15,0.07
2021-04-13,32.17,22.92,0.03
2021-04-14,30.88,20.11,8.28
2021-04-15,31.11,20.64,12.87
2021-04-16,32.22,21.8,0.05
2021-04-17,32.68,23.05,0.08
2021-04-18,32.38,22.55,0.21000000000000002
2021-04-19,32.62,23.02,0.23
2021-04-20,31.03,22.02,3.55
2021-04-21,31.56,22.29,3.84
2021-04-22,30.38,21.59,8.5
2021-04-23,29.61,21.2,21.8
2021-04-24,30,22.07,21.419999999999998
2021-04-25,30.46,23.11,0.18
2021-04-26,31.51,22.3,0
2021-04-27,31.63,21.74,0
2021-04-28,32.08,22.78,0.01
2021-04-29,31.65,21.16,1.6500000000000001
2021-04-30,31.73,22.25,0.16999999999999998
2021-05-01,31.38,22.14,0.05
2021-05-02,31.22,22.16,0.1
2021-05-03,32.06,22.98,0.67
2021-05-04,30.5,22.61,1.2
2021-05-05,32.69,22.67,0.02
2021-05-06,32.53,22.91,0.1
2021-05-07,32.13,23.09,0.61
2021-05-08,32.17,22.72,0.07
2021-05-09,33.36,23.75,0.34
2021-05-10,32.34,23.59,2.45
2021-05-11,32.76,23.12,1.62
2021-05-12,32.13,22.06,2.7
2021-05-13,32.12,22.28,2.73
2021-05-14,33.8,22.91,0.39999999999999997
2021-05-15,25.31,21.59,12.59
2021-05-16,26.4,21.48,6.57
2021-05-17,30.81,22.01,2.95
2021-05-18,31.44,21.85,3.6
2021-05-19,31.3,22.21,5.41
2021-05-20,30.43,21.72,10.28
2021-05-21,29.15,21.26,10.96
2021-05-22,30.35,21.78,0.99
2021-05-23,31.11,22.22,0
2021-05-24,31.18,22.36,0.06
2021-05-25,30.61,21.02,5.72
2021-05-26,30.09,21.08,0.3
2021-05-27,30.29,20.9,0.01
2021-05-28,31.32,21.52,0
2021-05-29,31.82,21.61,0.16
2021-05-30,31.04,21.53,1.01
2021-05-31,31.94,21.5,1.67
2021-06-01,32.03,22.75,2.2
2021-06-02,32,22.29,6.95
2021-06-03,30.49,21.86,9.65
2021-06-04,30.05,21.93,17.58
2021-06-05,29.9,20.98,11.2
2021-06-06,29.94,21.66,0.88
2021-06-07,30.84,21.56,0.02
2021-06-08,30.47,21.15,0
2021-06-09,30.27,21.03,1.14
2021-06-10,28.3,20.97,0.03
2021-06-11,29.27,21.6,0.38
2021-06-12,28.79,21.69,8.59
2021-06-13,27.19,21.53,3.58
2021-06-14,27.14,20.83,6.11
2021-06-15,28.2,21.82,2.31
2021-06-16,26.96,21.8,1.11
2021-06-17,28.35,21.46,0.25
2021-06-18,27.71,21.47,0.2
2021-06-19,27.13,21.09,0.41
2021-06-20,29.37,20.68,0.77
2021-06-21,30.47,20.79,2.13
2021-06-22,28.63,21.22,0.1
2021-06-23,29.52,21.27,0.11
2021-06-24,28.19,20.87,0.23
2021-06-25,29.56,20.63,0.01
2021-06-26,26.97,20.62,3.68
2021-06-27,26.45,20.5,4.87
2021-06-28,28.93,21.01,0
2021-06-29,30.92,20.61,0.2
2021-06-30,32.15,23.53,0.24
2021-07-01,30.7,22.04,9.2
2021-07-02,30.34,21.64,2.17
2021-07-03,30.78,22.07,3.36
2021-07-04,30.18,21.04,12.43
2021-07-05,29.05,21.65,3.47
2021-07-06,29.97,22.08,6.47
2021-07-07,28.68,21.56,2.2800000000000002
2021-07-08,29.58,21.25,2.89
2021-07-09,28.38,20.99,6.65
2021-07-10,25.62,20.48,10.11
2021-07-11,27.16,21.07,2.92
2021-07-12,27.18,21.61,4.74
2021-07-13,25.29,21.02,10.53
2021-07-14,25.23,20,19.76
2021-07-15,23.45,20.71,20.35
2021-07-16,26.4,20.59,16.94
2021-07-17,26.93,20.66,6.05
2021-07-18,24.11,20.7,6.04
2021-07-19,27.86,21.03,2.33
2021-07-20,28.2,20.97,1.23
2021-07-21,25.65,20.9,7.07
2021-07-22,24.05,20.99,10.82
2021-07-23,26.12,21.04,8.27
2021-07-24,28.12,21.83,4.72
2021-07-25,28.1,21.53,1.19
2021-07-26,28.83,21.32,0.32
2021-07-27,27.54,21.09,0.23
2021-07-28,28.24,20.67,0.34
2021-07-29,27.18,20.56,0.48
2021-07-30,28.02,20.92,0.31
2021-07-31,26.98,20.58,4.02
2021-08-01,26.9,20.7,0.53
2021-08-02,27.39,20.29,0.38
2021-08-03,27.31,21.01,0.6
2021-08-04,27.17,21.16,2.49
2021-08-05,26.96,21.13,3.71
2021-08-06,27.61,21.4,2.73
2021-08-07,28.42,21.17,2.7
2021-08-08,29.12,21.6,1.16
2021-08-09,29.41,21.59,1.49
2021-08-10,27.86,20.97,0.99
2021-08-11,28.35,21.36,2.39
2021-08-12,26.43,20.53,6.61
2021-08-13,25.62,20.56,12.53
2021-08-14,27.31,20.62,2.21
2021-08-15,26.38,20.68,1.53
2021-08-16,26.9,20.02,5.89
2021-08-17,26.81,20.62,2.91
2021-08-18,28.83,20.45,2.34
2021-08-19,27.73,20.57,4.13
2021-08-20,27.67,21.37,0.32
2021-08-21,26.27,19.99,8.11
2021-08-22,27.36,20.39,19.79
2021-08-23,27.09,20.55,12.6
2021-08-24,29.04,20.94,3.32
2021-08-25,28.3,20.92,0.18
2021-08-26,28.66,21.16,8.6
2021-08-27,27.6,21.06,7.75
2021-08-28,25.48,20.44,8.83
2021-08-29,25.43,20.42,16.37
2021-08-30,26.68,20.36,4.25
2021-08-31,28.7,21.17,0.53
2021-09-01,28.04,21.02,0.52
2021-09-02,26.74,20.64,22.19
2021-09-03,26.77,20.64,16.53
2021-09-04,26.73,21.03,11.89
2021-09-05,25.96,20.88,28.05
2021-09-06,26.87,20.43,2.5100000000000002
2021-09-07,25.78,20.71,2.7800000000000002
2021-09-08,27.21,20.42,0.87
2021-09-09,28.63,20.74,0.47
2021-09-10,28.48,20.95,0.48
2021-09-11,28.81,21.52,0.79
2021-09-12,27.9,21.24,5.39
2021-09-13,27.65,21.97,0.62
2021-09-14,28.31,20.95,0.42
2021-09-15,28.35,20.41,0.45
2021-09-16,28.57,21.18,0.2
2021-09-17,29.7,20.85,0.11
2021-09-18,29.38,21.86,0.08
2021-09-19,30.17,21.07,1.1
2021-09-20,28.15,20.96,0.8
2021-09-21,28.35,21.16,0.45
2021-09-22,27.51,20.71,0.7100000000000001
2021-09-23,27.22,20.66,7.28
2021-09-24,27.59,21.32,0.61
2021-09-25,27.07,20.79,4.5
2021-09-26,26.49,20.87,0.34
2021-09-27,26.25,19.85,4.2299999999999995
2021-09-28,27.1,19.72,0.36
2021-09-29,28.17,20.32,0.61
2021-09-30,27.82,20.94,2.82
2021-10-01,28.79,21.02,12.32
2021-10-02,29.47,21.73,6.029999999999999
2021-10-03,28.46,21.27,3.4
2021-10-04,30.03,21.11,1.26
2021-10-05,27.02,20.88,19.02
2021-10-06,24.47,20.53,22.46
2021-10-07,28.61,21.5,15.98
2021-10-08,27.09,20.97,13.13
2021-10-09,26.32,20.97,14.8
2021-10-10,28.12,20.96,6.04
2021-10-11,27.5,20.76,15.02
2021-10-12,27.35,20.53,29.89
2021-10-13,26.52,21.05,16.02
2021-10-14,28.06,21.8,3.84
2021-10-15,27.73,21.45,6.87
2021-10-16,28.02,20.97,2.95
2021-10-17,27.25,20.94,6
2021-10-18,27.67,21.2,2.21
2021-10-19,28.3,21.17,0.02
2021-10-20,28.07,20.77,15.84
2021-10-21,28.83,20.87,10.21
2021-10-22,29.11,20.84,5.19
2021-10-23,28.89,20.74,9.95
2021-10-24,28.04,20.65,3.99
2021-10-25,27.67,21.02,0.52
2021-10-26,27.06,19.65,0.79
2021-10-27,27.23,18.86,0.09
2021-10-28,26.67,20.28,1.35
2021-10-29,26.53,20.92,5.37
2021-10-30,26.92,20.39,1.43
2021-10-31,27.23,20.49,4.68
2021-11-01,25.36,20.68,6.76
2021-11-02,26.45,20.39,2.55
2021-11-03,25.02,20.65,8.21
2021-11-04,27.59,20.46,9.9
2021-11-05,26.49,20.37,11.71
2021-11-06,27.36,20.14,0.8
2021-11-07,23.38,20.17,16.25
2021-11-08,23.14,18.78,6.39
2021-11-09,25.23,18.98,4.84
2021-11-10,24.08,18.55,18.2
2021-11-11,20.81,18.2,8.12
2021-11-12,21.25,19.24,7.16
2021-11-13,23.52,20.89,3.06
2021-11-14,26.3,20.45,18.240000000000002
2021-11-15,27.02,21.02,16.25
2021-11-16,26.9,21,35.72
2021-11-17,26.74,20.68,16.330000000000002
2021-11-18,22.1,20.09,42.61
2021-11-19,22.88,20.56,11.790000000000001
2021-11-20,25.68,19.93,11.22
2021-11-21,27.22,20.69,0.48
2021-11-22,26.79,20.89,4.99
2021-11-23,28.78,20.48,0.54
2021-11-24,27.07,20.02,1.22
2021-11-25,26.84,19.92,0.08
2021-11-26,25.8,19.51,0.16
2021-11-27,23.75,19.89,9.209999999999999
2021-11-28,23.14,20.16,14.4
2021-11-29,24.14,20.42,3.79
2021-11-30,26.93,20.49,1.21
2021-12-01,25.92,20.05,1.6500000000000001
2021-12-02,26.21,20.68,3.66
2021-12-03,27.6,20.53,2.53
2021-12-04,27.08,20.69,1.3
2021-12-05,27.17,19.85,1.53
2021-12-06,26.72,19.09,0.6900000000000001
2021-12-07,27.39,18.58,0
2021-12-08,27.82,19.81,0
2021-12-09,26.68,19.86,0.59
2021-12-10,27.27,19.69,0
2021-12-11,25.96,18.92,0.8300000000000001
2021-12-12,26.35,19.09,0.3
2021-12-13,25.07,19.25,1.59
2021-12-14,24.81,19.46,0.65
2021-12-15,25.94,18.52,0
2021-12-16,26.94,17.32,0
2021-12-17,27.2,16.66,0
2021-12-18,26.41,16.2,0
2021-12-19,25.79,15.49,0
2021-12-20,25.87,15.17,0
2021-12-21,26.47,15.22,0
2021-12-22,26.88,15.92,0
2021-12-23,27.28,15.47,0
2021-12-24,27.99,14.94,0
2021-12-25,28.72,15.92,0
2021-12-26,28.73,16.47,0
2021-12-27,27.39,16.76,0
2021-12-28,26.74,17.63,0
2021-12-29,26.7,17.19,0.01
2021-12-30,26.52,18.14,0.8400000000000001
2021-12-31,24.63,19.32,1.25
2022-01-01,25.51,18.85,1.16
2022-01-02,26.93,17.67,0
2022-01-03,27.46,17.49,0
2022-01-04,26.74,16.45,0
2022-01-05,26.9,17.04,0
2022-01-06,27.4,18,0.01
2022-01-07,27.45,19.04,0.02
2022-01-08,27.73,19.04,0.03
2022-01-09,27.53,17.98,0
2022-01-10,28.23,18.41,0.01
2022-01-11,28.66,18.85,0.03
2022-01-12,28.59,19.08,0.06
2022-01-13,28.54,17.75,0.04
2022-01-14,28.76,18.3,0.3
2022-01-15,28.75,19.37,0.04
2022-01-16,28.67,18.49,0.03
2022-01-17,27.65,16.85,0.02
2022-01-18,27.38,17.69,0
2022-01-19,27.91,15.44,0
2022-01-20,28.96,16.64,0
2022-01-21,30.89,17.25,0
2022-01-22,29.93,17.81,0
2022-01-23,29.6,15.94,0
2022-01-24,28.81,16.8,0.02
2022-01-25,28.55,18.52,0.15
2022-01-26,27.68,19.6,0.44
2022-01-27,27.35,19.3,0.6
2022-01-28,25.92,17.74,0.05
2022-01-29,27.79,18.07,0.02
2022-01-30,28.63,19.01,0.02
2022-01-31,29.72,19.88,0
2022-02-01,29.94,18.47,0
2022-02-02,30.16,18.19,0
2022-02-03,29.17,18.42,0
2022-02-04,29.95,17.21,0
2022-02-05,29.87,18.98,0.02
2022-02-06,28.39,19.33,0.08
2022-02-07,28.76,17.67,0.08
2022-02-08,29.28,17.4,0
2022-02-09,28.79,16.89,0
2022-02-10,28.97,16.88,0
2022-02-11,30.13,17.63,0
2022-02-12,29.21,17.79,0
2022-02-13,28.81,17.38,0
2022-02-14,29.3,18.19,0
2022-02-15,28.57,17.42,0
2022-02-16,29.39,17.84,0
2022-02-17,29.43,16.92,0
2022-02-18,29.21,16.76,0
2022-02-19,29.63,17.47,0
2022-02-20,30.96,17.72,0
2022-02-21,31.35,18.51,0
2022-02-22,31.32,18.99,0
2022-02-23,30.19,18.05,0
2022-02-24,28.95,16.97,0
2022-02-25,30.64,16.98,0
2022-02-26,29.68,18.07,0
2022-02-27,29.57,17.95,0
2022-02-28,29.98,18.45,0
2022-03-01,30.72,18.09,0
2022-03-02,29.96,17.54,0
2022-03-03,30.42,16.96,0
2022-03-04,31.39,17.59,0
2022-03-05,30.71,18.81,0
2022-03-06,30.35,17.93,0
2022-03-07,26.65,18.39,1.82
2022-03-08,30.42,19.31,0
2022-03-09,32.17,19.03,0
2022-03-10,32.17,19.1,0
2022-03-11,32.12,19.31,0
2022-03-12,32.29,19.94,0
2022-03-13,32.3,19.64,0
2022-03-14,32.81,19.94,0
2022-03-15,32.91,19.25,0
2022-03-16,33.2,20.08,0
2022-03-17,34.08,20.79,0
2022-03-18,33.68,21.09,0
2022-03-19,32.01,21.63,0
2022-03-20,28.16,20.66,0
2022-03-21,32,21.44,0.8099999999999999
2022-03-22,29.94,21.85,0.01
2022-03-23,32.21,22.18,0.03
2022-03-24,32.21,22,0.01
2022-03-25,32.17,21.62,0.25
2022-03-26,32.36,22.43,0.17
2022-03-27,33.62,21.83,0.01
2022-03-28,33.86,22.61,0
2022-03-29,33.29,23.27,0.03
2022-03-30,33.07,23.07,0.01
2022-03-31,32.61,23.38,0.09000000000000001
2022-04-01,32.03,22.04,0
2022-04-02,31.75,21.66,0.13
2022-04-03,33.25,21.17,0
2022-04-04,32.87,21.13,0
2022-04-05,32.88,21.12,0
2022-04-06,33.81,21.21,0
2022-04-07,33.62,21.09,0
2022-04-08,33.04,21.66,0.03
2022-04-09,33.09,22.67,0.01
2022-04-10,33.54,21.35,0
2022-04-11,34.28,22.46,0
2022-04-12,33.16,23.6,0.08
2022-04-13,32.43,21.92,9.74
2022-04-14,30.85,20.49,2.05
2022-04-15,32.77,21.52,3.46
2022-04-16,33.39,20.59,1.43
2022-04-17,32.41,21.13,9.799999999999999
2022-04-18,31.78,21.39,1.34
2022-04-19,32.75,22.23,0.99
2022-04-20,33.54,23.1,0
2022-04-21,33.53,21.91,0
2022-04-22,33.25,21.83,0
2022-04-23,32.35,22.51,0
2022-04-24,33.56,22.68,0.01
2022-04-25,33.65,22.64,0
2022-04-26,33.94,23.05,0
2022-04-27,34.5,23.36,0
2022-04-28,34.45,23.68,0
2022-04-29,35.71,23.38,0.02
2022-04-30,33.87,23.4,0.01
2022-05-01,33.16,21.33,0.13
2022-05-02,32.82,22.15,0.02
2022-05-03,33.6,21.68,0.76
2022-05-04,32.21,21.4,0.6
2022-05-05,31.36,21.87,9.959999999999999
2022-05-06,32.61,21.7,1.57
2022-05-07,32.16,21.75,1.12
2022-05-08,32.33,21.86,0.57
2022-05-09,31.02,22.03,1.73
2022-05-10,25.92,21.03,4.01
2022-05-11,25.08,20.24,1.65
2022-05-12,22.51,20.48,34.21
2022-05-13,28.3,21.06,2.58
2022-05-14,30.25,22.04,16.56
2022-05-15,30.5,22.58,9.05
2022-05-16,29.33,21.57,17.12
2022-05-17,28.54,21.17,29.45
2022-05-18,27.57,20.76,5.75
2022-05-19,23.78,19.2,0.24000000000000002
2022-05-20,26.51,20.25,3.37
2022-05-21,26.81,21.11,0.56
2022-05-22,28.95,21.28,1.54
2022-05-23,30.96,22,0.08
2022-05-24,31.19,22.6,0.52
2022-05-25,30.53,22.27,0.98
2022-05-26,31.41,21.08,1.06
2022-05-27,30.55,21.2,0.54
2022-05-28,30.72,21.39,0.13
2022-05-29,29.96,21.58,0.23
2022-05-30,30.05,21.85,0.64
2022-05-31,30.21,21.25,8.66
2022-06-01,30.26,22.02,5.38
2022-06-02,30.4,21.19,0.69
2022-06-03,31.52,21.49,4.39
2022-06-04,31.49,21.52,11.87
2022-06-05,30.83,20.37,15.9
2022-06-06,29.29,21.05,10.67
2022-06-07,28.42,20.97,4.2
2022-06-08,29.97,21.59,0.17
2022-06-09,29.85,21.2,0.27
2022-06-10,29.08,20.27,0.08
2022-06-11,29.02,20.7,0.22
2022-06-12,29.8,20.59,7.3
2022-06-13,28.94,20.68,0.25
2022-06-14,30.48,21,8.16
2022-06-15,28.02,21.14,1.01
2022-06-16,28.93,20.92,18.92
2022-06-17,28.89,21,18.22
2022-06-18,27.75,20.98,19.27
2022-06-19,28.94,21.01,4.13
2022-06-20,28.39,20.96,2.03
2022-06-21,26.71,20.67,9.75
2022-06-22,26.89,20.76,1.6400000000000001
2022-06-23,27.04,20.74,1.32
2022-06-24,28.96,20.82,0.46
2022-06-25,27.08,21.25,1.51
2022-06-26,28.31,21.48,0.34
2022-06-27,27.71,20.37,0.31
2022-06-28,26.91,21.14,0.76
2022-06-29,28.12,20.68,9.25
2022-06-30,26.85,20.96,6.17
2022-07-01,27.27,21.41,3.8
2022-07-02,28.3,22.07,1.83
2022-07-03,27.15,21.6,7.82
2022-07-04,25.59,20.9,30.11
2022-07-05,25.37,20.19,15.28
2022-07-06,23.46,20.97,22.19
2022-07-07,24.27,20.42,13.82
2022-07-08,23.87,20.7,8.35
2022-07-09,25.49,21.08,9.14
2022-07-10,24.94,20.8,6.39
2022-07-11,24.29,20.66,5.11
2022-07-12,27.64,21.08,1.36
2022-07-13,24.99,20.8,2.49
2022-07-14,25.16,20.75,1.34
2022-07-15,26.09,21.01,1.66
2022-07-16,25.84,21.08,14.09
2022-07-17,27.07,20.97,8.33
2022-07-18,26.12,20.42,7.46
2022-07-19,28.22,21.14,2.13
2022-07-20,28.79,20.98,7.7700000000000005
2022-07-21,27.77,21,3.69
2022-07-22,26.21,20.73,3.74
2022-07-23,26.51,20.12,1.54
2022-07-24,26.81,20.39,1.62
2022-07-25,26.94,20.78,1.84
2022-07-26,26.33,20.47,2.1
2022-07-27,27.83,21,16.34
2022-07-28,29.04,21.44,6.12
2022-07-29,29.92,21.17,8.45
2022-07-30,29.78,21.38,11.28
2022-07-31,29.51,21.37,21.87
2022-08-01,28.81,20.59,22.96
2022-08-02,26.6,21.13,17.4
2022-08-03,25.98,21.43,24.07
2022-08-04,24.46,20.72,20.18
2022-08-05,25.12,20.03,7.55
2022-08-06,24.88,20.8,8.28
2022-08-07,26.22,21.17,13.81
2022-08-08,25.96,20.93,3.4099999999999997
2022-08-09,26.57,20.64,0.74
2022-08-10,26.92,20.83,1.23
2022-08-11,27.28,21.41,0.66
2022-08-12,27.29,20.88,0.45
2022-08-13,27.41,20.07,0.41000000000000003
2022-08-14,26.23,20.56,0.2
2022-08-15,27.49,20.32,0.16
2022-08-16,29.33,20.7,0
2022-08-17,29.3,21.03,0
2022-08-18,28.36,21.2,0.83
2022-08-19,27.28,20.69,0.19
2022-08-20,27.67,21.15,0.31
2022-08-21,27.61,20.89,4.45
2022-08-22,27.97,20.78,2.3
2022-08-23,28.75,20.48,1.79
2022-08-24,28.03,20.64,2.95
2022-08-25,26.04,20.66,14.02
2022-08-26,27.08,20.16,10.51
2022-08-27,27.13,20.17,14.780000000000001
2022-08-28,27.74,20.86,9.88
2022-08-29,26.32,21.18,10.629999999999999
2022-08-30,28.33,21.29,4.05
2022-08-31,27.92,20.83,5.54
2022-09-01,27.36,20.43,3.9400000000000004
2022-09-02,27.84,21.09,1.1
2022-09-03,29.86,21.69,6.68
2022-09-04,30.15,21.16,13.56
2022-09-05,29.69,21,11.82
2022-09-06,29.01,20.69,12.34
2022-09-07,27.21,20.37,10.74
2022-09-08,25.62,20.56,6.95
2022-09-09,27.27,21.45,0.34
2022-09-10,26.61,20.93,5.49
2022-09-11,27.32,20.81,0.41
2022-09-12,27.25,20.03,0.52
2022-09-13,27,20.42,1.7
2022-09-14,27.46,19.74,3.44
2022-09-15,26.96,19.93,0.18
2022-09-16,27.71,20.16,0.32
2022-09-17,28.63,20.23,0.4
2022-09-18,27.84,20.2,0.36000000000000004
2022-09-19,27.46,19.49,0.66
2022-09-20,27.15,19.32,0.04
2022-09-21,27.32,19.51,0.01
2022-09-22,28.14,19.08,0
2022-09-23,27.98,19.94,0.15
2022-09-24,27.69,19.64,0.59
2022-09-25,28.37,20.46,0.19
2022-09-26,24.86,20.69,1.19
2022-09-27,27.59,21.25,0.75
2022-09-28,26.73,20.52,0.4
2022-09-29,26.64,20.39,0.33
2022-09-30,24.87,19.33,14.030000000000001
2022-10-01,24.33,19.5,16.12
2022-10-02,25.06,20.19,0.18
2022-10-03,26.57,19.82,0.4
2022-10-04,27.63,20.5,0.77
2022-10-05,26.78,20.4,2.35
2022-10-06,25.39,18.72,5.56
2022-10-07,26.61,18.96,0.18
2022-10-08,27.84,19.63,0.4
2022-10-09,25.66,20.61,17.79
2022-10-10,27.1,20.9,11.44
2022-10-11,26.83,20.82,5.25
2022-10-12,27.82,20.44,10.72
2022-10-13,28.6,20.1,2.54
2022-10-14,28.26,20.41,12.6
2022-10-15,28.81,21.22,6.01
2022-10-16,27.14,20.48,10.200000000000001
2022-10-17,28.87,20.32,2.9899999999999998
2022-10-18,27.9,19.78,11.07
2022-10-19,29.34,20.06,8.75
2022-10-20,28.79,20.46,11.27
2022-10-21,27.74,19.56,3.1999999999999997
2022-10-22,28.05,18.66,0.03
2022-10-23,27.44,17.28,0
2022-10-24,27.13,16.04,0
2022-10-25,27.05,15.97,0
2022-10-26,27.39,15.98,0
2022-10-27,27.2,17.42,0
2022-10-28,26.01,18.69,0.33
2022-10-29,25.41,19.78,0.49
2022-10-30,26.29,18.84,0.36000000000000004
2022-10-31,28.11,19.21,0
2022-11-01,24.82,18.95,7.51
2022-11-02,22.84,19.09,16.05
2022-11-03,25.15,19.67,2.28
2022-11-04,26.81,20.02,3.23
2022-11-05,27.29,20,0.57
2022-11-06,25.73,18.08,1.03
2022-11-07,27.45,17.71,0
2022-11-08,27.19,17.96,0
2022-11-09,27.29,17.78,0
2022-11-10,26.55,19.22,0.53
2022-11-11,21.87,19.26,13.04
2022-11-12,22.16,19.61,2.45
2022-11-13,24.09,18.9,5.9
2022-11-14,26.21,19.33,1.29
2022-11-15,26.8,19.32,0.97
2022-11-16,27.49,16.48,0.06
2022-11-17,27.04,15.09,0
2022-11-18,26.51,14.5,0
2022-11-19,25.8,14.09,0
2022-11-20,24.61,14.56,0
2022-11-21,25.89,15.88,0.04
2022-11-22,23.91,20.03,1.67
2022-11-23,22.3,20.16,9.48
2022-11-24,25.66,20.12,2.2
2022-11-25,27.28,19.92,0.15
2022-11-26,27.91,19.81,0.02
2022-11-27,27.39,19.78,0.18
2022-11-28,27.13,19.9,0.5
2022-11-29,27.11,16.06,0.02
2022-11-30,26.58,16.19,0
2022-12-01,25.38,19.94,0.63
2022-12-02,27.75,19.93,0.32
2022-12-03,27.99,20.12,0.05
2022-12-04,27.08,18.52,0.1
2022-12-05,27.02,19.52,0
2022-12-06,26.91,17.15,0
2022-12-07,25.91,16.67,0
2022-12-08,24.35,17.24,0.57
2022-12-09,19.41,16.7,14.48
2022-12-10,18.55,17.67,47.3
2022-12-11,21.3,18.61,2.72
2022-12-12,23.92,19.71,9.32
2022-12-13,24.41,19.01,7.890000000000001
2022-12-14,24.81,18.67,0.24
2022-12-15,27.71,15.41,0
2022-12-16,27.95,15.86,0
2022-12-17,27.63,16.67,0
2022-12-18,26.22,18.63,0.2
2022-12-19,25.81,15.79,0
2022-12-20,27.46,16.91,0
2022-12-21,26.75,14.28,0
2022-12-22,27.03,15.23,0
2022-12-23,27.18,13.57,0
2022-12-24,27.42,15.62,0
2022-12-25,23.67,18.68,2.59
2022-12-26,25.28,20.23,1.17
2022-12-27,26.1,19.84,1.43
2022-12-28,27.77,18.2,0.01
2022-12-29,27.91,16.82,0
2022-12-30,27.28,16.29,0
2022-12-31,27.52,16.04,0
2023-01-01,27.71,16.38,0
2023-01-02,26.8,16.67,0
2023-01-03,26.32,17.25,0
2023-01-04,25.98,17.32,0
2023-01-05,25.65,15.94,0.04
2023-01-06,25.95,16.35,0
2023-01-07,25.35,17.1,0
2023-01-08,25.85,15.01,0
2023-01-09,26.16,12.57,0
2023-01-10,26.55,12.7,0
2023-01-11,27,13.03,0
2023-01-12,27.93,13.6,0
2023-01-13,27.8,14.22,0
2023-01-14,28,13.59,0
2023-01-15,28.22,13.92,0
2023-01-16,28.84,13.78,0
2023-01-17,28.34,14.06,0
2023-01-18,27.66,15.2,0
2023-01-19,27.32,14.41,0
2023-01-20,25.62,15.32,0
2023-01-21,25.93,16.37,0
2023-01-22,26.07,15.75,0
2023-01-23,25.98,16.61,0.04
2023-01-24,26.27,16.5,0.11
2023-01-25,27.04,16.48,0
2023-01-26,27.55,16.49,0
2023-01-27,27.68,14.22,0
2023-01-28,27.64,14.37,0
2023-01-29,27.93,15.76,0
2023-01-30,26.52,18.32,0.41000000000000003
2023-01-31,27.96,16.37,0
2023-02-01,27.5,19.29,0
2023-02-02,26.28,17.42,0.01
2023-02-03,25.76,18.17,0
2023-02-04,29.23,17.46,0
2023-02-05,29.96,16.83,0
2023-02-06,29.18,17.32,0
2023-02-07,29.13,17.85,0
2023-02-08,30.08,17.62,0
2023-02-09,29.37,16.69,0
2023-02-10,29.82,16.37,0
2023-02-11,29.36,16.88,0
2023-02-12,30.86,16.59,0
2023-02-13,30.42,16.08,0
2023-02-14,29.76,16.06,0
2023-02-15,30.04,16.12,0
2023-02-16,29.9,16.19,0
2023-02-17,29.82,16.46,0
2023-02-18,29.9,17.27,0
2023-02-19,29.87,17.72,0
2023-02-20,29.65,17.41,0
2023-02-21,30.19,17.55,0
2023-02-22,30.66,16.4,0
2023-02-23,30.35,15.9,0
2023-02-24,30.67,15.6,0
2023-02-25,31.02,16.3,0
2023-02-26,30.33,15.88,0
2023-02-27,29.27,15.32,0
2023-02-28,29.46,16.44,0.01
2023-03-01,29.31,17.05,0
2023-03-02,29.55,15.08,0
2023-03-03,30.2,15.71,0
2023-03-04,30.87,17.68,0
2023-03-05,31.02,16.99,0
2023-03-06,30.6,16.44,0
2023-03-07,29.91,18.18,0.02
2023-03-08,30.3,17.25,0
2023-03-09,29.13,16.82,0
2023-03-10,29.24,16.02,0
2023-03-11,30.62,16.87,0
2023-03-12,30.9,18.47,0
2023-03-13,31.32,19.31,0
2023-03-14,31.81,19.96,0
2023-03-15,32.46,20.43,0.02
2023-03-16,30.42,20.28,8.03
2023-03-17,29.27,20.45,1.97
2023-03-18,29.13,20.06,5.93
2023-03-19,30.36,19.64,1.01
2023-03-20,30.78,19.59,0
2023-03-21,31.36,20.1,0
2023-03-22,31.61,20.75,0
2023-03-23,32.53,21.51,0
2023-03-24,32.76,21.69,0
2023-03-25,30.74,21.89,0.96
2023-03-26,31.86,21.27,0.15
2023-03-27,32.79,20.76,0
2023-03-28,33.2,21.97,0
2023-03-29,31.66,23.5,0.16
2023-03-30,30.91,22.3,0.1
2023-03-31,31.98,22.68,0
2023-04-01,31.37,22.16,0.17
2023-04-02,32.94,21.75,0
2023-04-03,32.37,22.53,0
2023-04-04,29.99,21.17,0.29
2023-04-05,32.1,22.75,0
2023-04-06,31.67,21.74,0.05
2023-04-07,31.9,20.91,0
2023-04-08,32.06,19.92,0
2023-04-09,32.52,21.07,0
2023-04-10,32.81,20.53,0
2023-04-11,33.41,20.65,0
2023-04-12,34.27,20.7,0
2023-04-13,34.59,22.25,0
2023-04-14,34.8,21.98,0
2023-04-15,33.63,20,0
2023-04-16,34.59,20.96,0
2023-04-17,34.71,21.23,0
2023-04-18,34.75,21.99,0
2023-04-19,34.35,22.8,0
2023-04-20,34.16,23.4,0
2023-04-21,32.13,22.91,0.21
2023-04-22,32.85,22.43,0.63
2023-04-23,32.54,22.09,0
2023-04-24,32.69,22.95,8.44
2023-04-25,31.29,22.53,2.9499999999999997
2023-04-26,33.26,23.02,0.31
2023-04-27,33.14,22.31,0.32
2023-04-28,32.23,23.11,0.99
2023-04-29,30.38,22.22,3.29
2023-04-30,30.99,21.92,18.72
2023-05-01,29.02,21.51,25.54
2023-05-02,30.17,22.44,2.07
2023-05-03,29.66,21.91,3.0300000000000002
2023-05-04,29.57,21.64,1.11
2023-05-05,28.08,21.94,1.79
2023-05-06,28.76,21.19,7.17
2023-05-07,26.67,20.96,3.27
2023-05-08,30.84,21.1,23.63
2023-05-09,31.17,22.24,6.47
2023-05-10,32.59,23.24,0.51
2023-05-11,32.58,22.02,2.0300000000000002
2023-05-12,31.72,22.88,0.3
2023-05-13,30.06,22.1,0.72
2023-05-14,32.4,23.02,0
2023-05-15,32.61,22.64,0
2023-05-16,33.26,23.55,0
2023-05-17,34.01,23.53,0
2023-05-18,33.1,23,0
2023-05-19,34.46,23.4,0
2023-05-20,33.37,22.54,1.03
2023-05-21,32.54,21.22,16.95
2023-05-22,31.01,21.48,3.64
2023-05-23,31.9,21.69,0.33
2023-05-24,31.63,21.91,3.65
2023-05-25,30.76,22.06,6.9799999999999995
2023-05-26,30.99,21.38,0.09
2023-05-27,31.22,22.26,0.51
2023-05-28,32.26,22.79,0.25
2023-05-29,31.33,22.98,0.77
2023-05-30,30.78,20.72,6.75
2023-05-31,30.91,21.69,17.49
2023-06-01,31.45,22.11,11.33
2023-06-02,31.94,22.53,1.4000000000000001
2023-06-03,32.53,23.01,0.38
2023-06-04,29.61,23.25,0.42
2023-06-05,31,22.27,0.81
2023-06-06,32.1,22.32,0.17
2023-06-07,31.53,21.68,0.8
2023-06-08,32.2,21.78,0.54
2023-06-09,31.62,21.44,3.1300000000000003
2023-06-10,30.24,20.99,2.25
2023-06-11,29.55,21.51,1.3099999999999998
2023-06-12,31.43,21.17,1.8
2023-06-13,31.28,21.21,0.17
2023-06-14,30.89,21.74,0.11
2023-06-15,31.66,22.29,0
2023-06-16,31.89,21.98,0
2023-06-17,31.79,22.79,0.68
2023-06-18,29.9,21.58,3.9200000000000004
2023-06-19,30.3,22.14,5.76
2023-06-20,26.64,21.38,4.79
2023-06-21,28.2,20.89,26.18
2023-06-22,30.31,21.39,15.49
2023-06-23,29.21,21.03,0.41000000000000003
2023-06-24,27.94,20.7,0.6900000000000001
2023-06-25,28.11,21.01,3.2
2023-06-26,27.55,20.46,0.17
2023-06-27,28.98,20.97,2.99
2023-06-28,28.55,21.18,1.9200000000000002
2023-06-29,26.86,20.77,12.74
2023-06-30,29.45,21.57,0.5
2023-07-01,29.53,21.51,1.3599999999999999
2023-07-02,27.9,21.4,8.15
2023-07-03,28.3,20.35,4.71
2023-07-04,26.55,20.92,23.580000000000002
2023-07-05,25.64,21.04,17.9
2023-07-06,25.4,21.01,9.3
2023-07-07,28.39,21.38,4.43
2023-07-08,26.32,21.36,1.47
2023-07-09,27.52,21.42,2.33
2023-07-10,26.98,21.04,5.13
2023-07-11,27.46,20.52,1.6300000000000001
2023-07-12,28.78,21.02,1.27
2023-07-13,28.16,20.96,2.45
2023-07-14,28.75,21.39,0.78
2023-07-15,29.02,21.62,1.18
2023-07-16,26.87,21.27,0.63
2023-07-17,27.48,21.88,0.9
2023-07-18,28.5,22.19,0.9500000000000001
2023-07-19,27.62,21.74,1.9200000000000002
2023-07-20,28.23,21.86,1.71
2023-07-21,28.74,22.46,0.34
2023-07-22,26.8,20.75,4.21
2023-07-23,25.21,20.43,16.43
2023-07-24,23.67,20.3,30.16
2023-07-25,23.33,19.98,17.57
2023-07-26,23.4,20.16,14.46
2023-07-27,25.61,20.43,1.4100000000000001
2023-07-28,27.53,20.73,0.37
2023-07-29,27.4,20.46,0.41000000000000003
2023-07-30,28.54,21.27,0.18
2023-07-31,29.02,21.85,0.12000000000000001
2023-08-01,28.26,20.56,0.02
2023-08-02,28.45,20.89,0.09999999999999999
2023-08-03,28.3,21.2,0.23
2023-08-04,29,20.3,1.1300000000000001
2023-08-05,28.47,21.14,0.63
2023-08-06,29.33,21.14,0.43
2023-08-07,28.76,20.67,0.42000000000000004
2023-08-08,28.09,20.26,1.8900000000000001
2023-08-09,29.26,20.71,0.78
2023-08-10,28.5,20.88,1.36
2023-08-11,29.83,21.89,0.67
2023-08-12,28.74,21.14,0.13
2023-08-13,29.4,20.85,0.21000000000000002
2023-08-14,29.01,20.6,0.21
2023-08-15,30.22,20.51,0.06
2023-08-16,30.36,21.25,0
2023-08-17,29.76,21.42,0.03
2023-08-18,28.86,20.78,0.33999999999999997
2023-08-19,26.92,20.53,2.03
2023-08-20,28.67,20.77,0.34
2023-08-21,30.12,21.36,0
2023-08-22,29.63,21.56,0.57
2023-08-23,30.06,21.14,0
2023-08-24,29.56,20.44,0
2023-08-25,30.83,21.6,0
2023-08-26,30.51,21.82,4.8500000000000005
2023-08-27,28.87,21.47,0.77
2023-08-28,31.17,21.63,0.09
2023-08-29,31.31,21.72,0.16
2023-08-30,30.88,22.08,0.5
2023-08-31,30.26,21.01,8.08
2023-09-01,30.02,22.3,3.06
2023-09-02,28.48,21.43,9.46
2023-09-03,28.79,21.26,0.03
2023-09-04,27.11,20.52,1.06
2023-09-05,27.54,20.45,3.04
2023-09-06,29.43,21.17,3.86
2023-09-07,28.83,21.04,0.91
2023-09-08,27.88,21.04,0.87
2023-09-09,29.47,21.55,0.34
2023-09-10,29.62,21.21,1.7
2023-09-11,29.46,21.07,0.98
2023-09-12,29.16,20.9,0.38
2023-09-13,29.16,20.21,0.8
2023-09-14,28.35,20.61,1.31
2023-09-15,27.4,21.86,5.53
2023-09-16,27.55,21.18,0.96
2023-09-17,28.71,20.5,11.67
2023-09-18,29.46,21.09,1.8199999999999998
2023-09-19,29.33,20.46,0.58
2023-09-20,29.01,21.24,3.77
2023-09-21,28.14,21.42,4.25
2023-09-22,30.04,21.68,1.15
2023-09-23,30.06,21.26,3.12
2023-09-24,29.38,21.37,1.58
2023-09-25,29.27,21.09,2.83
2023-09-26,28.88,21.4,0.38
2023-09-27,27.77,20.72,0.44
2023-09-28,28.11,21.02,6.02
2023-09-29,28.92,21.35,3.44
2023-09-30,27.79,21.26,0.81
2023-10-01,28.94,21.41,0.63
2023-10-02,29.57,20.85,0.02
2023-10-03,30.38,20.98,0
2023-10-04,30.25,20.99,0.11
2023-10-05,30.78,21.63,0.02
2023-10-06,28.97,22.41,0.98
2023-10-07,30.1,22.6,0.34
2023-10-08,29.4,22.32,5.96
2023-10-09,28.71,21.14,12.59
2023-10-10,28.96,21.46,7.39
2023-10-11,28.65,21.6,14.08
2023-10-12,29.3,19.66,0.02
2023-10-13,29.41,19.57,0
2023-10-14,29.38,20.79,0
2023-10-15,30.34,21.47,3.34
2023-10-16,28.25,21.38,2.32
2023-10-17,30.11,19.8,0.87
2023-10-18,30.3,20,0
2023-10-19,29.89,20.1,0
2023-10-20,30.53,20.63,0.01
2023-10-21,29.62,20.69,0.01
2023-10-22,30.93,19.97,0
2023-10-23,30.38,18.04,0
2023-10-24,30.7,18.83,0
2023-10-25,30.24,18.33,0
2023-10-26,30.06,19.38,0
2023-10-27,29.86,20.64,0
2023-10-28,30.25,20.98,0
2023-10-29,28.6,21.22,3.77
2023-10-30,28.77,20.59,3.6300000000000003
2023-10-31,28.45,20.66,2.57
2023-11-01,28.53,20.37,7.15
2023-11-02,28.95,21.3,5.96
2023-11-03,29.75,21.4,4.13
2023-11-04,28.87,21.29,18.51
2023-11-05,27.74,21.28,8.120000000000001
2023-11-06,27.94,20.47,20.13
2023-11-07,27.64,21.28,13.78
2023-11-08,28.9,21.03,14.17
2023-11-09,28.08,20.63,4.359999999999999
2023-11-10,27.92,19.04,1.73
2023-11-11,28.92,17.93,0
2023-11-12,27.6,17.72,0
2023-11-13,27.43,19.25,0.01
2023-11-14,24.3,20.14,1.81
2023-11-15,27.53,19.2,0.02
2023-11-16,29.09,20.16,0
2023-11-17,29.02,21.09,0
2023-11-18,29.71,19.14,0.07
2023-11-19,29.06,18.88,0
2023-11-20,28.93,19.85,3.98
2023-11-21,27.89,21.46,1.8
2023-11-22,27.69,21.09,2.85
2023-11-23,26.95,20.79,3.33
2023-11-24,27.02,20.8,4.46
2023-11-25,27.31,20.15,2.0300000000000002
2023-11-26,26.49,20.29,0.27
2023-11-27,26.78,20.3,2.75
2023-11-28,28.25,20.66,2.09
2023-11-29,27.3,20.36,0.6
2023-11-30,27.01,19.87,0.49
2023-12-01,27.2,19.34,2.14
2023-12-02,26.72,19.65,0.89
2023-12-03,24.43,20.94,3.5
2023-12-04,23.77,20.1,0.11
2023-12-05,25.7,19.14,0.32
2023-12-06,29.12,20.27,0
2023-12-07,29.32,20.89,0.13
2023-12-08,27.61,20.96,3.65
2023-12-09,28.14,20.14,2
2023-12-10,28.56,19.97,0.15
2023-12-11,27.83,19.85,0.29
2023-12-12,27.68,18.32,0
2023-12-13,27.26,18.71,0.01
2023-12-14,25.97,17.32,0.01
2023-12-15,26.13,18.27,0.78
2023-12-16,26.58,20.26,1.81
2023-12-17,24.57,19.63,0.5
2023-12-18,25.31,18.98,0.06
2023-12-19,27.34,18.07,0
2023-12-20,26.59,18.39,0.05
2023-12-21,27.6,19.14,0.04
2023-12-22,28.37,16.82,0
2023-12-23,28.71,14.95,0
2023-12-24,28.84,16.15,0
2023-12-25,28.34,17.22,0.12
2023-12-26,28.9,15.72,0
2023-12-27,29,16.52,0
2023-12-28,28.53,17.32,0
2023-12-29,27.46,18.65,0
2023-12-30,28.55,18.33,0
2023-12-31,27.86,17.27,0
2024-01-01,28.39,19.1,0
2024-01-02,25.88,18.35,0
2024-01-03,27.01,18.85,0.44
2024-01-04,24.1,19.36,3.6
2024-01-05,26.47,19.62,0.3
2024-01-06,28.54,20.03,0.12
2024-01-07,28.43,19.7,0.21000000000000002
2024-01-08,22.26,19.87,17.57
2024-01-09,25.84,18.47,0.09
2024-01-10,25.99,18.19,0.01
2024-01-11,28.65,16.73,0
2024-01-12,27.99,17,0
2024-01-13,28.42,17.95,0
2024-01-14,29.21,16.83,0
2024-01-15,29.03,17.26,0
2024-01-16,28.72,17.15,0
2024-01-17,28.84,17.78,0
2024-01-18,28.53,18.22,0
2024-01-19,29,18.69,0
2024-01-20,28.99,18.17,0
2024-01-21,29.89,18.34,0
2024-01-22,29.92,18.82,0
2024-01-23,29.64,18.44,0
2024-01-24,29.06,19.47,0.02
2024-01-25,28.85,18.05,0
2024-01-26,28.9,17.27,0
2024-01-27,28.56,17.75,0
2024-01-28,28.34,17.63,0
2024-01-29,28.44,16.42,0
2024-01-30,29.44,17.18,0
2024-01-31,30.38,19.22,0
2024-02-01,30.32,20.51,0
2024-02-02,30.43,20.85,0.03
2024-02-03,29.55,18.74,0
2024-02-04,29.68,17.96,0
2024-02-05,30.57,17.96,0
2024-02-06,32.07,17.66,0
2024-02-07,32.48,18.04,0
2024-02-08,32.91,18.5,0
2024-02-09,32.25,18.76,0
2024-02-10,30.65,18.6,0
2024-02-11,30.18,16.95,0
2024-02-12,30.86,17.28,0
2024-02-13,30.3,18.48,0
2024-02-14,30.46,17.93,0
2024-02-15,30.29,17.42,0
2024-02-16,29.9,18.03,0
2024-02-17,30.79,18.54,0
2024-02-18,31.13,18.28,0
2024-02-19,31.21,18.88,0
2024-02-20,31.59,19.78,0
2024-02-21,31.36,20.9,0
2024-02-22,32.02,20.48,0
2024-02-23,31.81,20.84,0.01
2024-02-24,31.73,21.37,0.14
2024-02-25,31.31,19.28,0.01
2024-02-26,30.14,19.8,0
2024-02-27,30.54,18.93,0
2024-02-28,32.17,18.21,0
2024-02-29,32.08,18.6,0
2024-03-01,31.65,19.63,0
2024-03-02,32.34,20.14,0
2024-03-03,31.93,20.22,0
2024-03-04,33.02,20.83,0
2024-03-05,33.61,20.52,0
2024-03-06,33.13,20.94,0
2024-03-07,32.9,21.87,0
2024-03-08,32.93,22.86,0
2024-03-09,33.36,23.32,0.12
2024-03-10,31.93,22.38,0.09
2024-03-11,33.16,21.49,0
2024-03-12,33.01,22.09,0
2024-03-13,32.98,23.15,0
2024-03-14,32.44,24.29,0.060000000000000005
2024-03-15,32.59,24.01,0
2024-03-16,33,22.24,0
2024-03-17,32.47,21.97,0
2024-03-18,33.02,21.83,0
2024-03-19,32.82,21.37,0
2024-03-20,32.95,21,0
2024-03-21,32.11,21.65,0
2024-03-22,32.36,21.04,0
2024-03-23,33.58,21.08,0
2024-03-24,33.57,20.84,0
2024-03-25,33.65,21.2,0
2024-03-26,34.73,20.49,0
2024-03-27,34.07,20.98,0
2024-03-28,34.34,22.34,0
2024-03-29,34.77,22.99,0
2024-03-30,35.15,21.6,0
2024-03-31,33.8,22.02,0
2024-04-01,34.49,23.59,0
2024-04-02,35.92,23.12,0
2024-04-03,35.11,23.17,0
2024-04-04,35.49,22.86,0
2024-04-05,36.15,22.18,0
2024-04-06,36.48,23.07,0
2024-04-07,36.22,23.03,0
2024-04-08,35.99,22.21,0
2024-04-09,34.43,21.75,0
2024-04-10,34.66,21.65,0
2024-04-11,34.72,22.38,0
2024-04-12,33.81,23.08,0.44
2024-04-13,33.87,22.17,0.05
2024-04-14,34.41,21.8,0
2024-04-15,35.26,21.67,0
2024-04-16,35.4,20.94,0
2024-04-17,36.39,22.92,0
2024-04-18,36.15,23.79,0
2024-04-19,35.2,25.45,0.05
2024-04-20,33.44,24.1,0.03
2024-04-21,36,24.34,0.02
2024-04-22,36.23,23.8,0
2024-04-23,36.34,23.3,0
2024-04-24,35.79,23.19,0
2024-04-25,36.22,24.22,0
2024-04-26,36.68,23.1,0
2024-04-27,36.84,23.15,0
2024-04-28,37.66,24.47,0
2024-04-29,36.51,24.34,0
2024-04-30,37.05,25.23,0
2024-05-01,37.23,26.31,0
2024-05-02,36.35,27.19,0.02
2024-05-03,36.35,23.97,2.66
2024-05-04,36.7,24.3,0.62
2024-05-05,36.44,24.84,0
2024-05-06,36.53,24.41,1.96
2024-05-07,33.64,23.52,2.27
2024-05-08,33.09,23.22,6.26
2024-05-09,32.51,23.42,1.8699999999999999
2024-05-10,32.48,22.62,20.13
2024-05-11,31.31,23.83,3.73
2024-05-12,32.15,22.21,10.43
2024-05-13,30.84,22.55,3.42
2024-05-14,30.33,23.26,1.09
2024-05-15,31.54,23.45,2.74
2024-05-16,29.73,23.4,1.03
2024-05-17,29.16,22.22,8.74
2024-05-18,30.33,22.72,32.72
2024-05-19,27.91,22.46,25.38
2024-05-20,29.22,22.35,10.25
2024-05-21,29.92,22.78,17.31
2024-05-22,32.42,23.15,2.85
2024-05-23,32.58,23.71,4.1
2024-05-24,30.02,22.65,7.92
2024-05-25,28.79,22.97,0.35000000000000003
2024-05-26,29.79,22.34,0.31
2024-05-27,30.03,22.84,0.05
2024-05-28,30.5,22.5,0.11
2024-05-29,31.39,22.69,0.04
2024-05-30,32.61,23.55,9.95
2024-05-31,33.1,24.41,0.03
2024-06-01,31.97,21.88,10.93
2024-06-02,31.7,21.9,10.57
2024-06-03,28.76,22.26,1.02
2024-06-04,30.43,23.11,9.88
2024-06-05,30.39,22.67,18.28
2024-06-06,31.17,22.14,11.83
2024-06-07,29.06,21.82,3.8
2024-06-08,30.02,21.37,1.84
2024-06-09,28.97,21.86,1.24
2024-06-10,28.63,22.11,2.99
2024-06-11,28.3,22.17,13.55
2024-06-12,29.36,21.63,1.3800000000000001
2024-06-13,28.97,21.69,6.57
2024-06-14,29.88,21.47,0.53
2024-06-15,29.56,21.76,0.12
2024-06-16,30.04,21.74,1.01
2024-06-17,30.91,21.96,10.85
2024-06-18,29.52,21.91,9.07
2024-06-19,30.05,22,7.28
2024-06-20,29.44,21.53,1.02
2024-06-21,28.41,21.76,1.48
2024-06-22,28.92,21.94,1.6400000000000001
2024-06-23,29.94,20.98,3.15
2024-06-24,28.84,21.71,0.91
2024-06-25,28.69,22.13,14.65
2024-06-26,26.74,22.41,1.51
2024-06-27,27.23,22.06,0.87
2024-06-28,28.62,22.17,0.16
2024-06-29,28.81,22.42,1.44
2024-06-30,28.08,21.99,3
2024-07-01,26.67,21.59,8.66
2024-07-02,28.54,22.23,0.09
2024-07-03,28.52,21.47,1.58
2024-07-04,27.45,22.06,3.35
2024-07-05,28.94,20.76,5.78
2024-07-06,26.36,21.36,0.9400000000000001
2024-07-07,27.71,21,1.11
2024-07-08,27.29,20.93,7.25
2024-07-09,26.75,20.74,1.31
2024-07-10,30.37,21.42,15.03
2024-07-11,27.72,21.78,2.5
2024-07-12,28.35,21.01,11.73
2024-07-13,27.17,22.06,1.25
2024-07-14,25.56,21.06,9.48
2024-07-15,23.33,21.22,28.4
2024-07-16,25.93,22.16,11.76
2024-07-17,27.15,21.81,6.3
2024-07-18,25.84,20.97,14.71
2024-07-19,24.81,21.26,10.67
2024-07-20,26.23,22.19,1.1300000000000001
2024-07-21,27.26,22.27,0.94
2024-07-22,27.07,22.13,0.5900000000000001
2024-07-23,27.9,21.48,0.81
2024-07-24,25.84,21.81,1.2
2024-07-25,26.85,21.78,3.24
2024-07-26,26.19,22.11,3.4
2024-07-27,27.91,22.29,0.11
2024-07-28,26.95,22.39,0.24000000000000002
2024-07-29,27.68,21.78,10.56
2024-07-30,27.16,21.45,2.52
2024-07-31,27.59,21.21,5
2024-08-01,27.04,21.2,5.49
2024-08-02,26.92,20.81,6.18
2024-08-03,26.88,21.17,9.81
2024-08-04,27.92,20.67,0.29
2024-08-05,28.16,20.85,5.7
2024-08-06,27.53,20.89,9.71
2024-08-07,24.53,21.07,11.37
2024-08-08,26.84,20.64,7.5600000000000005
2024-08-09,27.87,21.76,43.33
2024-08-10,27.57,21.3,40.26
2024-08-11,29.34,21.57,17.13
2024-08-12,29.26,21.95,6.32
2024-08-13,30.59,22.69,11.16
2024-08-14,30.55,23.03,0.96
2024-08-15,29.71,23.12,5
2024-08-16,29.89,22.45,15.1
2024-08-17,30.05,22.41,1.6300000000000001
2024-08-18,30.1,22.95,0.67
2024-08-19,29.3,21.94,12.18
2024-08-20,29.83,22.75,5.37
2024-08-21,28.6,21.58,5.55
2024-08-22,28.45,21.49,0.3
2024-08-23,29.09,21.47,0.08
2024-08-24,27.7,21.38,0.72
2024-08-25,26.83,20.63,0.09
2024-08-26,28.36,21.48,0.49
2024-08-27,27.31,20.91,0.86
2024-08-28,26.62,21.7,5.59
2024-08-29,26.7,20.93,9.64
2024-08-30,26.33,20.86,6.779999999999999
2024-08-31,25.82,21.37,4.4799999999999995
2024-09-01,26.38,21.37,2.95
2024-09-02,28.65,21.76,4.32
2024-09-03,28.12,21.19,0.8300000000000001
2024-09-04,27.65,21.59,0.55
2024-09-05,28.35,21.76,1
2024-09-06,28.81,21.38,0.75
2024-09-07,27.6,21.45,6.83
2024-09-08,28.06,21.7,3.25
2024-09-09,27.58,21.92,1.51
2024-09-10,28.65,20.78,0.64
2024-09-11,28.31,20.61,0.39
2024-09-12,28.47,20.49,0.32
2024-09-13,28.47,20.79,0.05
2024-09-14,28.47,20.45,0.09
2024-09-15,28.29,19.79,0.37
2024-09-16,28.25,20.89,0.30000000000000004
2024-09-17,28.77,19.66,0.41000000000000003
2024-09-18,28.99,19.76,0
2024-09-19,28.21,20.8,0.32
2024-09-20,29.38,20.71,0.33
2024-09-21,29.19,21.18,0.3
2024-09-22,28.08,21.59,0.59
2024-09-23,27.72,20.8,3.42
2024-09-24,27.17,21.72,1.8
2024-09-25,27.91,21.11,0.01
2024-09-26,26.85,20.89,0.23
2024-09-27,27.47,21.65,0.98
2024-09-28,29.58,21.64,4.59
2024-09-29,29.38,22.39,2.39
2024-09-30,29.39,21.55,0.44
2024-10-01,30.35,22.34,1.8499999999999999
2024-10-02,31.07,21.29,5.19
2024-10-03,28.24,21.34,1.76
2024-10-04,28.29,21.81,19.52
2024-10-05,27.51,21.45,16.79
2024-10-06,28.12,21.04,5.07
2024-10-07,28.88,21.62,0.13
2024-10-08,29.41,21.77,1.72
2024-10-09,28.09,22.05,2.89
2024-10-10,28.1,20.96,6.33
2024-10-11,28.16,21.65,5.45
2024-10-12,27.48,21.84,5.93
2024-10-13,28.21,21.71,3.28
2024-10-14,25,20.74,14.26
2024-10-15,23.82,20.39,33.89
2024-10-16,23.02,20,7.199999999999999
2024-10-17,27.22,20.63,0.43
2024-10-18,28.06,21.5,3.06
2024-10-19,26.62,21.35,13.21
2024-10-20,29.21,21.67,16.259999999999998
2024-10-21,28.31,21.08,18.24
2024-10-22,28.36,21.49,33.56
2024-10-23,28.83,21.22,13.77
2024-10-24,26.55,20.92,13.73
2024-10-25,28.45,19.85,0
2024-10-26,28.17,18.47,0.33
2024-10-27,28.57,19.65,0.18
2024-10-28,29.18,20.36,0.11000000000000001
2024-10-29,28.66,20.91,0.4
2024-10-30,27.66,21.36,1.6400000000000001
2024-10-31,29.29,21.44,2.63
2024-11-01,28.19,21.26,3.13
2024-11-02,28.69,20.73,3.82
2024-11-03,27.82,20.99,1.29
2024-11-04,27.55,19.72,1.1800000000000002
2024-11-05,27.64,18.67,0
2024-11-06,27.87,19.49,0
2024-11-07,26.23,20.1,0.39
2024-11-08,29.47,19.92,0
2024-11-09,28.58,19.17,0
2024-11-10,27.98,19.54,0.03
2024-11-11,27.43,20.31,0
2024-11-12,25.36,21.16,13.290000000000001
2024-11-13,26.21,20.99,8.06
2024-11-14,25.52,20.99,7.45
2024-11-15,26.49,21.11,3.27
2024-11-16,26.53,21.22,1.55
2024-11-17,26.7,20.4,1.44
2024-11-18,26.5,20.55,0.08
2024-11-19,26.47,19.34,0.02
2024-11-20,26.72,18.56,0
2024-11-21,26.56,17.7,0
2024-11-22,27.69,16.71,0
2024-11-23,27.6,17.64,0
2024-11-24,27.6,18.7,0
2024-11-25,25.72,19.4,0
2024-11-26,23.88,19.18,0.21
2024-11-27,24.11,18.01,0.02
2024-11-28,25.59,17.72,0.75
2024-11-29,24.58,19.6,0.35
2024-11-30,23.27,20.38,4.99
2024-12-01,23.28,20.72,21.490000000000002
2024-12-02,22.93,20.74,5.82
2024-12-03,25.73,20.28,5.390000000000001
2024-12-04,26.52,20.22,0.64
2024-12-05,27.92,21.4,1.4000000000000001
2024-12-06,28.42,19.91,0
2024-12-07,28.19,20.53,0.43
2024-12-08,28.23,19.19,0.07
2024-12-09,28.44,19.2,0.06
2024-12-10,28.1,19.93,0
2024-12-11,25.75,20.45,1.8
2024-12-12,21.99,20.61,24.43
2024-12-13,23.9,19.85,0.83
2024-12-14,26.06,16.91,0
2024-12-15,25.62,16.22,0
2024-12-16,26.18,15.16,0
2024-12-17,27.05,16.84,0.14
2024-12-18,25.28,19.37,1.7
2024-12-19,26.64,20.09,0.03
2024-12-20,27.01,19.44,0.53
2024-12-21,28.49,19.39,0.03
2024-12-22,27.04,19.63,0.08
2024-12-23,26.56,17.74,0.28
2024-12-24,26.68,18.2,0
2024-12-25,24.79,19.36,0.86
2024-12-26,24.31,20.16,1.47
2024-12-27,24.18,18.72,4.57
2024-12-28,26.27,18.2,0
2024-12-29,27.73,18.22,0
2024-12-30,25.93,17.69,0.19
2024-12-31,27.97,17.05,0
2025-01-01,26.7,17.54,0
2025-01-02,26.41,16.99,0
2025-01-03,26.04,14.05,0
2025-01-04,25.68,15.23,0
2025-01-05,26.7,16.1,0
2025-01-06,26.37,15.32,0
2025-01-07,26.68,16.4,0
2025-01-08,26.86,15.17,0
2025-01-09,24.87,16.4,0
2025-01-10,25.41,17.77,0.03
2025-01-11,25.48,17.92,0.04
2025-01-12,27.82,18.06,0.02
2025-01-13,27.08,19.8,3.2
2025-01-14,25.43,16.99,0.84
2025-01-15,26.53,16.95,0
2025-01-16,26.61,17.63,0
2025-01-17,26.13,18.01,0
2025-01-18,25.7,18.1,0
2025-01-19,23.58,17.76,0.9600000000000001
2025-01-20,27.38,15.49,0
2025-01-21,27.51,14.67,0
2025-01-22,27.9,16.02,0
2025-01-23,28.93,17.22,0
2025-01-24,27.08,15.45,0.01
2025-01-25,28.47,15.42,0
2025-01-26,29.28,14.51,0
2025-01-27,28.05,15.41,0
2025-01-28,27.95,16.21,0
2025-01-29,28.89,16.27,0
2025-01-30,28.69,16.69,0
2025-01-31,30.12,19.94,0
2025-02-01,29.67,18.02,0
2025-02-02,30.57,16.69,0
2025-02-03,29.81,16.27,0
2025-02-04,30.31,16.92,0
2025-02-05,30.25,17.43,0
2025-02-06,29.63,16.66,0
2025-02-07,29.44,16.77,0
2025-02-08,29.45,17.53,0
2025-02-09,29.15,17.52,0
2025-02-10,28.89,16.75,0
2025-02-11,29.43,16.24,0
2025-02-12,31.16,16.53,0
2025-02-13,31.65,17.03,0
2025-02-14,31.28,17.95,0
2025-02-15,31.3,17.93,0
2025-02-16,31.02,17.97,0
2025-02-17,30.79,17.65,0
2025-02-18,30.94,17.81,0
2025-02-19,32.2,18.86,0
2025-02-20,31.61,18.86,0
2025-02-21,31.36,18.89,0
2025-02-22,31.36,19.29,0
2025-02-23,31.75,19.32,0
2025-02-24,30.88,18.24,0
2025-02-25,30.32,19.31,0
2025-02-26,30.87,17.97,0
2025-02-27,30.79,17.88,0
2025-02-28,31.16,19.21,0
2025-03-01,30.89,21.01,0.03
2025-03-02,31.32,20.98,0
2025-03-03,32.47,20.9,0
2025-03-04,32.01,20.87,0
2025-03-05,32.61,20.94,0
2025-03-06,32.86,19.85,0
2025-03-07,32.87,18.31,0
2025-03-08,32.97,19.73,0
2025-03-09,33.26,18.57,0
2025-03-10,31.14,18.62,0
2025-03-11,31.02,20.21,0.41
2025-03-12,31.11,20.15,4.03
2025-03-13,32.92,19.94,0
2025-03-14,34.33,18.67,0
2025-03-15,33.48,18.78,0
2025-03-16,32.59,19.82,0
2025-03-17,33.19,22.26,0.04
2025-03-18,33.98,22.26,0
2025-03-19,32.88,21.71,0
2025-03-20,33.03,21.34,0
2025-03-21,32.04,22.27,0
2025-03-22,32.18,21.05,8.67
2025-03-23,30.88,21.54,5.29
2025-03-24,31.49,21.22,0.21000000000000002
2025-03-25,31.95,21.04,0
2025-03-26,31.87,21.87,0
2025-03-27,32.17,22.52,0.02
2025-03-28,33.18,22.11,0
2025-03-29,34.26,20.84,0
2025-03-30,33.65,21.45,0
2025-03-31,33.47,21.36,0
2025-04-01,32.29,21.23,0
2025-04-02,30.84,22.16,0.09
2025-04-03,29.37,21.77,14.32
2025-04-04,31.82,21.39,1.6199999999999999
2025-04-05,31.62,22.54,6.01
2025-04-06,32.64,21.93,0.98
2025-04-07,33.92,21.63,0.06
2025-04-08,34.38,21.1,0
2025-04-09,33.06,22.12,0
2025-04-10,32.09,22.51,0.32
2025-04-11,31.81,21.04,11.16
2025-04-12,31.66,21.02,7.89
2025-04-13,30.7,22.14,0.75
2025-04-14,31.42,20.76,0.83
2025-04-15,31.8,22.01,0.02
2025-04-16,31.36,21.49,3.7
2025-04-17,32,22.85,1.48
2025-04-18,31.31,22.06,15.11
2025-04-19,31.35,22.98,6.44
2025-04-20,31.31,20.79,1.58
2025-04-21,32.06,21.35,0.02
2025-04-22,32.81,22.2,0
2025-04-23,33.96,22.54,0
2025-04-24,33.92,23.01,0
2025-04-25,33.17,23.15,0
2025-04-26,32.35,22.64,0
2025-04-27,32.47,21.75,0.03
2025-04-28,32.35,23.06,0.09
2025-04-29,32.08,23.5,0.09
2025-04-30,32.69,23.18,0
2025-05-01,32.5,22.31,1.63
2025-05-02,32.6,21.27,4.72
2025-05-03,31.18,22.56,8.93
2025-05-04,31.86,20.84,0.01
2025-05-05,32.04,22.41,0
2025-05-06,32.35,22.09,0
2025-05-07,31.97,21.95,0.03
2025-05-08,30.74,21.16,0.03
2025-05-09,30.97,21.74,0.04
2025-05-10,31.48,22.21,0.01
2025-05-11,31.09,22.93,0.23
2025-05-12,32.67,21.82,1.4100000000000001
2025-05-13,31.47,21.36,18.85
2025-05-14,31.75,20.66,19.35
2025-05-15,30.79,21.73,15.94
2025-05-16,29.65,22.28,17.87
2025-05-17,29.67,21.46,31.81
2025-05-18,29.07,21.99,5.85
2025-05-19,27.43,22.5,21.37
2025-05-20,27.46,21.47,5.41
2025-05-21,27.07,20.97,2.1
2025-05-22,28.2,21.22,0.37
2025-05-23,28.24,21.78,3.2600000000000002
2025-05-24,26.77,22.02,3.21
2025-05-25,26.65,21.29,9.02
2025-05-26,24.99,21.25,4.76
2025-05-27,26.84,22.31,3.58
2025-05-28,27.29,21.82,4.24
2025-05-29,26.12,21.52,16.97
2025-05-30,25.43,21.58,2.87
2025-05-31,29.72,21.84,0.12
2025-06-01,30.24,21.13,0.32
2025-06-02,29.64,21.57,0.34
2025-06-03,28.45,20.95,3.31
2025-06-04,30.4,20.58,0.4
2025-06-05,29.93,21.57,0
2025-06-06,30.67,21.52,0.08
2025-06-07,30.97,21.55,0.02
2025-06-08,30.97,21.91,2.2399999999999998
2025-06-09,28.45,21.31,4.21
2025-06-10,30.96,21.72,2.24
2025-06-11,28.35,21.43,7.14
2025-06-12,26.89,21.05,1.4000000000000001
2025-06-13,27.46,21.19,8.32
2025-06-14,27.17,21.09,6.5
2025-06-15,26.05,20.67,8.4
2025-06-16,26.6,21.71,9.69
2025-06-17,27.16,21.27,2.69
2025-06-18,27.99,21.45,1.8800000000000001
2025-06-19,28.52,21.67,0.17
2025-06-20,28.79,21.72,0.3
2025-06-21,28.37,21.43,0.75
2025-06-22,26.95,20.4,9.27
2025-06-23,25.76,20.96,0.61
2025-06-24,26.96,21.47,1.6600000000000001
2025-06-25,26.65,21.84,3.1
2025-06-26,26.42,21.3,8.99
2025-06-27,28.16,21.43,1.26
2025-06-28,28.21,21.38,2.77
2025-06-29,28.55,20.8,0
2025-06-30,27.88,21.43,0.06
2025-07-01,26.69,21.63,0.58
2025-07-02,26.85,20.77,7.26
2025-07-03,26.84,20.68,3.64
2025-07-04,27.06,20.99,0.63
2025-07-05,26.64,21.46,0.9600000000000001
2025-07-06,26.51,21.01,1.05
2025-07-07,27.54,21.36,0.88
2025-07-08,27.96,21.29,1.59
2025-07-09,28.31,21.6,0.31
2025-07-10,27.98,20.77,3.87
2025-07-11,28.23,21.22,1.8
2025-07-12,27.45,21.62,1.5
2025-07-13,27.61,20.77,8.82
2025-07-14,27,20.72,3.74
2025-07-15,27.34,21.3,2.87
2025-07-16,27.02,20.83,9.06
2025-07-17,26.72,20.79,11.03
2025-07-18,26.45,20.65,9
2025-07-19,25.43,20.58,24.36
2025-07-20,26.6,20.42,8.290000000000001
2025-07-21,25.35,20.42,2.9
2025-07-22,26.82,21.36,4.08
2025-07-23,25.29,20.53,5.83
2025-07-24,25.58,20.84,10.86
2025-07-25,25.25,21.54,2.89
2025-07-26,25.85,21.17,2.62
2025-07-27,25.82,20.38,0.28
2025-07-28,26.51,20.15,0.44
2025-07-29,27.13,21.06,0.52
2025-07-30,27.76,20.9,0.67
2025-07-31,26.62,20.5,2.17
2025-08-01,28.08,20.85,0.86
2025-08-02,28.05,20.98,7.94
2025-08-03,27.87,21.26,6.42
2025-08-04,28.86,21.25,17.98
2025-08-05,28.25,20.67,22.76
2025-08-06,27.16,21.48,0.48000000000000004
2025-08-07,27.34,21.02,4.12
2025-08-08,27.81,20.71,1.5
2025-08-09,27.78,20.76,4.27
2025-08-10,25.89,20.53,5.6
2025-08-11,24.97,20.5,1.48
2025-08-12,27.09,20.39,21.509999999999998
2025-08-13,24.42,20.04,10.59
2025-08-14,26.22,19.94,4.19
2025-08-15,26.6,20.53,4.7
2025-08-16,27.33,21.22,8.05
2025-08-17,24.98,20.41,18.16
2025-08-18,24.15,20.49,5.53
2025-08-19,26.45,20.81,1.12
2025-08-20,26.07,19.65,0.86
2025-08-21,27.59,20.77,0.43
2025-08-22,28.07,20.7,1.48
2025-08-23,26.55,20.36,0.09
2025-08-24,28.38,19.54,0
2025-08-25,27.89,20.43,0
2025-08-26,27.63,20.04,4
2025-08-27,26.01,20.7,28.849999999999998
2025-08-28,24.99,20.89,9.9
2025-08-29,27.85,20.89,2.17
2025-08-30,28.23,21.32,4.55
2025-08-31,27.25,21.01,3.97
2025-09-01,26.81,20.42,0.86
2025-09-02,26.89,21,0.34
2025-09-03,26.28,20.64,2.08
2025-09-04,27.09,20.65,0.72
2025-09-05,27.47,20.59,0.45
2025-09-06,27.81,20.71,0.8300000000000001
2025-09-07,27.89,20.36,0.5800000000000001
2025-09-08,28.08,20.44,0.4
2025-09-09,28.53,21.46,0.86
2025-09-10,28.78,20.63,2.0300000000000002
2025-09-11,26.3,20.17,0.02
2025-09-12,27.89,20.52,0.26
2025-09-13,26.68,20.45,0.68
2025-09-14,27.92,20.03,0.06
2025-09-15,27.83,20.72,0.63
2025-09-16,27.14,20.48,8.78
2025-09-17,26.32,20.89,7.06
2025-09-18,28.06,20.71,17.45
2025-09-19,25.76,20.15,3.94
2025-09-20,25.67,20.63,2.49
2025-09-21,26.71,20.79,1.91
2025-09-22,27.26,20.73,0.77
2025-09-23,26.07,20.43,2.9
2025-09-24,26.6,20.34,1.39
2025-09-25,27.47,20.11,5.569999999999999
2025-09-26,26.5,20.37,0.35
2025-09-27,26.39,20.48,4.56
2025-09-28,27.01,20.41,0.79
2025-09-29,27.23,19.12,0.34
2025-09-30,27.74,20,0.02
2025-10-01,26.98,20.29,0.13
2025-10-02,26.99,20.09,0.59
2025-10-03,28.89,20.73,0.87
2025-10-04,26.22,20.71,0.79
2025-10-05,28.09,20.33,0.18000000000000002
2025-10-06,27.15,19.53,0.27
2025-10-07,28.1,20.45,0.07
2025-10-08,27.66,20.85,12.040000000000001
2025-10-09,28.35,21.08,39.46
2025-10-10,27.09,20.36,15.01
2025-10-11,27.29,19.72,2.9299999999999997
2025-10-12,28.82,20.14,0
2025-10-13,27.72,20.64,0.16
2025-10-14,27.74,21.07,4.33
2025-10-15,27.31,20.81,3.82
2025-10-16,27.12,21.56,7.22
2025-10-17,26.78,21.26,8.2
2025-10-18,27.75,20.64,8.26
2025-10-19,27.91,21.42,11.3
2025-10-20,27.31,20.81,5.08
2025-10-21,24.05,21.1,7.220000000000001
2025-10-22,24.54,20.6,26.7
2025-10-23,26.55,19.92,3.12
2025-10-24,25.99,20.38,1.1199999999999999
2025-10-25,28.27,20.08,0.1
2025-10-26,28.47,21.4,0.13
2025-10-27,23.88,20.14,4.65
2025-10-28,23.32,20.31,2.36
2025-10-29,28.16,18.84,0.25
2025-10-30,27.94,18.28,0.05
2025-10-31,28.69,18.2,0
2025-11-01,29.06,18.7,0
2025-11-02,28.62,19.78,0.08
2025-11-03,28.02,19.01,0.01
2025-11-04,26.33,19.65,0.6
2025-11-05,26.76,20.72,6.15
2025-11-06,26.67,20.27,0.74
2025-11-07,26.96,19.37,0.72
2025-11-08,27.18,16.95,0.22
2025-11-09,27.05,16.64,0
2025-11-10,27.18,17.91,0
2025-11-11,27.38,19.21,0.04
2025-11-12,26.75,20.61,0.27
2025-11-13,28.28,20.25,0.43
2025-11-14,26.38,16.65,0.04
2025-11-15,26.06,17.59,0
2025-11-16,26.51,17.44,0.06
2025-11-17,26.4,18.48,0.24000000000000002
2025-11-18,24.3,19.3,1.02
2025-11-19,26.71,18.24,0.34
2025-11-20,27.98,18.88,0
2025-11-21,26.53,20.28,2.87
2025-11-22,26.37,20.18,4.86
2025-11-23,26.22,20.21,1.05
2025-11-24,26.16,19.36,0.5800000000000001
2025-11-25,25.98,18.88,0.01
2025-11-26,26.45,17.04,0
2025-11-27,24.95,16.57,0
2025-11-28,24.75,16.41,0
2025-11-29,22.85,17.02,6.6
2025-11-30,21.43,18.99,14.99
2025-12-01,23.74,18.78,0.02
2025-12-02,25.17,19.49,6.36
2025-12-03,24.17,20.03,4.33
2025-12-04,26.28,20.07,2.98
2025-12-05,24.48,17.73,1.6300000000000001
2025-12-06,25.83,17.94,0
2025-12-07,25.78,15.97,0
2025-12-08,26.59,15.21,0
2025-12-09,26.46,16.6,0
2025-12-10,26.8,14.57,0
2025-12-11,25.91,14.12,0
2025-12-12,25.05,13.93,0
2025-12-13,26.42,14.15,0
2025-12-14,25.79,14.17,0
2025-12-15,25.37,15.5,0
2025-12-16,24.34,17.62,0.06
2025-12-17,27,14.14,0.02
2025-12-18,25.96,14.72,0
2025-12-19,25.22,13.2,0
2025-12-20,25.01,13.81,0
2025-12-21,25.45,15.48,0
2025-12-22,24.58,15.79,0
2025-12-23,25.44,14.48,0
2025-12-24,25.16,14.22,0
2025-12-25,26.16,15.88,0
2025-12-26,25.79,16.51,0
2025-12-27,25.89,15.56,0
2025-12-28,25.8,15.56,0
2025-12-29,26.42,16.45,0
2025-12-30,27.16,17.48,0
2025-12-31,27.51,18.6,0.02
2026-01-01,26.25,18.62,1.08
2026-01-02,26.89,17.36,0.04
2026-01-03,26.15,16.36,0
2026-01-04,25.85,14.67,0
2026-01-05,25.77,16.22,0
2026-01-06,25.65,17.27,0
2026-01-07,25.78,14.14,0
2026-01-08,25.2,14.25,0
2026-01-09,26.08,15.3,0
2026-01-10,22.58,16.81,2.27
2026-01-11,22.38,17.62,1.09
2026-01-12,23.29,17.68,0.86
2026-01-13,24.92,17.23,7.41
2026-01-14,27.88,17.55,0.04
2026-01-15,28.39,16.89,0
2026-01-16,27.29,15.09,0
2026-01-17,27.03,14.73,0
2026-01-18,27.62,14.48,0
2026-01-19,27.65,15.08,0
2026-01-20,27.75,14.45,0
2026-01-21,26.86,14.52,0
2026-01-22,26.11,14.05,0
2026-01-23,26.53,15.24,0
2026-01-24,24.49,18.26,0.38
2026-01-25,26.01,18.68,0.12
2026-01-26,23.15,18.13,0.93
2026-01-27,27.45,16.96,0
2026-01-28,28.53,16.41,0
2026-01-29,27.51,16.34,0
2026-01-30,27.89,14.57,0
2026-01-31,27.89,15.52,0
2026-02-01,27.29,16.68,0
2026-02-02,28.23,17.05,0
2026-02-03,28.07,15.55,0
2026-02-04,27.98,14.48,0
2026-02-05,28.15,15.86,0
2026-02-06,28.63,14.54,0
2026-02-07,28.49,16.14,0
2026-02-08,29.01,16.42,0
2026-02-09,28.55,16.13,0
2026-02-10,28.83,15.6,0
2026-02-11,27.42,13.73,0
2026-02-12,27.78,15.3,0
2026-02-13,29.53,16.95,0
2026-02-14,29.73,17,0
2026-02-15,29.66,17.42,0
2026-02-16,29.09,17.08,0
2026-02-17,29.02,17.3,0
2026-02-18,29.62,17.24,0
2026-02-19,29.71,18.09,0
2026-02-20,30.28,19.28,0
2026-02-21,29.88,19.24,0.01
2026-02-22,30.95,19.27,0
2026-02-23,31.47,19.35,0
2026-02-24,30.32,19.84,0.07
2026-02-25,29.35,20.2,0.15
2026-02-26,29.54,20.53,0.09
2026-02-27,29.66,20.51,0.12
2026-02-28,30.18,19.72,0
2026-03-01,29.91,20.29,0
2026-03-02,31.18,20.03,0
2026-03-03,31.94,19.49,0
2026-03-04,31.57,19.09,0
2026-03-05,32.08,18.81,0
2026-03-06,32.62,19.73,0
2026-03-07,32.36,20.84,0
2026-03-08,32.44,19.98,0
2026-03-09,31.26,18.84,0
2026-03-10,29.88,18.24,0
2026-03-11,30.72,19.04,0
2026-03-12,32.02,20.1,0
2026-03-13,32.21,19.82,0
2026-03-14,32.27,20.01,0
2026-03-15,32.4,20.32,0
2026-03-16,30.64,20.67,0
2026-03-17,31.23,19.69,4.2700000000000005
2026-03-18,30.09,17.68,3.8000000000000003
2026-03-19,29.6,18.96,0.22
2026-03-20,29.89,20.19,0.02
2026-03-21,30.89,21.29,0.02
2026-03-22,30.2,22.24,0.34
2026-03-23,31.02,21.32,0
2026-03-24,31.14,21.24,0
2026-03-25,32.23,20.27,0
2026-03-26,32.99,19.69,0
2026-03-27,33.75,21.33,0
2026-03-28,32.25,22.28,0
2026-03-29,31.95,22.42,1.51
2026-03-30,32.45,22.23,0
2026-03-31,32.31,21.09,0
2026-04-01,33.06,20.32,0
2026-04-02,31.79,20.83,0
2026-04-03,32.39,22.12,0
2026-04-04,31.16,22.88,0.26
2026-04-05,32.69,22.26,0.06
2026-04-06,32.43,21.79,0
2026-04-07,33.53,21.02,0
2026-04-08,33.64,22.36,0
2026-04-09,33.62,23.36,0
2026-04-10,33.44,24.28,0.74
2026-04-11,33.89,23.91,0.09
2026-04-12,34.39,23.04,0
2026-04-13,35.14,22.67,0
2026-04-14,35.24,22.8,0
2026-04-15,35.07,23.27,0
2026-04-16,34.91,23.29,0
2026-04-17,35.41,23.06,0
2026-04-18,34.91,23.3,0
2026-04-19,34.26,23.48,0.03
2026-04-20,34.72,22.74,0
2026-04-21,35,22.79,0
2026-04-22,35.14,21.8,0
2026-04-23,35.62,23.42,0
2026-04-24,34.67,23.09,0
2026-04-25,35.15,23.41,0
2026-04-26,35.18,23.76,0
2026-04-27,35.47,24.68,0
2026-04-28,35.03,24.6,0
2026-04-29,34.55,23.71,0.09
2026-04-30,33.57,20.89,8.85
2026-05-01,32.83,22.49,1
2026-05-02,33.09,22.44,0
2026-05-03,33.83,22.75,0
2026-05-04,32.46,22.86,0.02
2026-05-05,31.87,22.77,0.22
2026-05-06,32.42,23.36,0.03
2026-05-07,31.98,23.08,0.22
2026-05-08,32.7,21.5,0.38
2026-05-09,31.01,21.82,0.9400000000000001
2026-05-10,33.78,22.18,0
2026-05-11,34.53,22.34,0
2026-05-12,34.37,23.09,0
2026-05-13,34.11,23.79,0.04
2026-05-14,34.14,23.17,0.18
2026-05-15,31.05,23.98,0.35000000000000003
2026-05-16,33,24.86,0.06999999999999999
2026-05-17,36.74,24.64,1.95
2026-05-18,33.08,23.22,2.12
2026-05-19,29.87,22.83,2.6
2026-05-20,31.51,22.81,0.01
2026-05-21,33.71,23.43,7.14
